2025-10-05 16:37:43,165 - BatteryGuard - INFO - تم بدء المراقبة بنجاح
2025-10-05 16:37:43,223 - BatteryGuard - INFO - تم تشغيل BatteryGuard Pro بنجاح
2025-10-05 16:37:43,227 - BatteryGuard - ERROR - خطأ في قراءة صحة البطارية: [Errno 2] No such file or directory: '/sys/class/power_supply/BAT0/energy_full_design'
2025-10-05 16:37:53,228 - BatteryGuard - ERROR - خطأ في قراءة صحة البطارية: [Errno 2] No such file or directory: '/sys/class/power_supply/BAT0/energy_full_design'
2025-10-05 16:38:03,230 - BatteryGuard - ERROR - خطأ في قراءة صحة البطارية: [Errno 2] No such file or directory: '/sys/class/power_supply/BAT0/energy_full_design'
2025-10-05 16:38:13,231 - BatteryGuard - ERROR - خطأ في قراءة صحة البطارية: [Errno 2] No such file or directory: '/sys/class/power_supply/BAT0/energy_full_design'
2025-10-05 16:38:23,233 - BatteryGuard - ERROR - خطأ في قراءة صحة البطارية: [Errno 2] No such file or directory: '/sys/class/power_supply/BAT0/energy_full_design'
2025-10-05 16:38:33,235 - BatteryGuard - ERROR - خطأ في قراءة صحة البطارية: [Errno 2] No such file or directory: '/sys/class/power_supply/BAT0/energy_full_design'
2025-10-05 16:38:43,237 - BatteryGuard - ERROR - خطأ في قراءة صحة البطارية: [Errno 2] No such file or directory: '/sys/class/power_supply/BAT0/energy_full_design'
2025-10-05 16:38:53,239 - BatteryGuard - ERROR - خطأ في قراءة صحة البطارية: [Errno 2] No such file or directory: '/sys/class/power_supply/BAT0/energy_full_design'
2025-10-05 16:39:03,248 - BatteryGuard - ERROR - خطأ في قراءة صحة البطارية: [Errno 2] No such file or directory: '/sys/class/power_supply/BAT0/energy_full_design'
2025-10-05 16:39:13,253 - BatteryGuard - ERROR - خطأ في قراءة صحة البطارية: [Errno 2] No such file or directory: '/sys/class/power_supply/BAT0/energy_full_design'
2025-10-05 16:39:23,254 - BatteryGuard - ERROR - خطأ في قراءة صحة البطارية: [Errno 2] No such file or directory: '/sys/class/power_supply/BAT0/energy_full_design'
2025-10-05 16:39:33,257 - BatteryGuard - ERROR - خطأ في قراءة صحة البطارية: [Errno 2] No such file or directory: '/sys/class/power_supply/BAT0/energy_full_design'
2025-10-05 16:39:43,260 - BatteryGuard - ERROR - خطأ في قراءة صحة البطارية: [Errno 2] No such file or directory: '/sys/class/power_supply/BAT0/energy_full_design'
2025-10-05 16:39:53,262 - BatteryGuard - ERROR - خطأ في قراءة صحة البطارية: [Errno 2] No such file or directory: '/sys/class/power_supply/BAT0/energy_full_design'
2025-10-05 16:40:03,264 - BatteryGuard - ERROR - خطأ في قراءة صحة البطارية: [Errno 2] No such file or directory: '/sys/class/power_supply/BAT0/energy_full_design'
2025-10-05 16:40:13,274 - BatteryGuard - ERROR - خطأ في قراءة صحة البطارية: [Errno 2] No such file or directory: '/sys/class/power_supply/BAT0/energy_full_design'
2025-10-05 16:40:23,276 - BatteryGuard - ERROR - خطأ في قراءة صحة البطارية: [Errno 2] No such file or directory: '/sys/class/power_supply/BAT0/energy_full_design'
2025-10-05 16:40:33,278 - BatteryGuard - ERROR - خطأ في قراءة صحة البطارية: [Errno 2] No such file or directory: '/sys/class/power_supply/BAT0/energy_full_design'
2025-10-05 16:41:54,186 - BatteryGuard - INFO - تم بدء المراقبة بنجاح
2025-10-05 16:41:54,232 - BatteryGuard - INFO - تم تشغيل BatteryGuard Pro بنجاح
2025-10-05 16:41:54,235 - BatteryGuard - ERROR - خطأ في قراءة صحة البطارية: [Errno 2] No such file or directory: '/sys/class/power_supply/BAT0/energy_full_design'
2025-10-05 16:42:04,237 - BatteryGuard - ERROR - خطأ في قراءة صحة البطارية: [Errno 2] No such file or directory: '/sys/class/power_supply/BAT0/energy_full_design'
2025-10-05 16:42:14,238 - BatteryGuard - ERROR - خطأ في قراءة صحة البطارية: [Errno 2] No such file or directory: '/sys/class/power_supply/BAT0/energy_full_design'
2025-10-05 16:42:24,239 - BatteryGuard - ERROR - خطأ في قراءة صحة البطارية: [Errno 2] No such file or directory: '/sys/class/power_supply/BAT0/energy_full_design'
2025-10-05 16:42:34,241 - BatteryGuard - ERROR - خطأ في قراءة صحة البطارية: [Errno 2] No such file or directory: '/sys/class/power_supply/BAT0/energy_full_design'
2025-10-05 16:42:44,243 - BatteryGuard - ERROR - خطأ في قراءة صحة البطارية: [Errno 2] No such file or directory: '/sys/class/power_supply/BAT0/energy_full_design'
2025-10-05 16:42:54,245 - BatteryGuard - ERROR - خطأ في قراءة صحة البطارية: [Errno 2] No such file or directory: '/sys/class/power_supply/BAT0/energy_full_design'
2025-10-05 16:43:04,247 - BatteryGuard - ERROR - خطأ في قراءة صحة البطارية: [Errno 2] No such file or directory: '/sys/class/power_supply/BAT0/energy_full_design'
2025-10-05 16:43:14,249 - BatteryGuard - ERROR - خطأ في قراءة صحة البطارية: [Errno 2] No such file or directory: '/sys/class/power_supply/BAT0/energy_full_design'
2025-10-05 16:43:24,250 - BatteryGuard - ERROR - خطأ في قراءة صحة البطارية: [Errno 2] No such file or directory: '/sys/class/power_supply/BAT0/energy_full_design'
2025-10-05 16:43:34,253 - BatteryGuard - ERROR - خطأ في قراءة صحة البطارية: [Errno 2] No such file or directory: '/sys/class/power_supply/BAT0/energy_full_design'
2025-10-05 16:43:44,255 - BatteryGuard - ERROR - خطأ في قراءة صحة البطارية: [Errno 2] No such file or directory: '/sys/class/power_supply/BAT0/energy_full_design'
2025-10-05 16:43:54,257 - BatteryGuard - ERROR - خطأ في قراءة صحة البطارية: [Errno 2] No such file or directory: '/sys/class/power_supply/BAT0/energy_full_design'
2025-10-05 16:44:04,259 - BatteryGuard - ERROR - خطأ في قراءة صحة البطارية: [Errno 2] No such file or directory: '/sys/class/power_supply/BAT0/energy_full_design'
2025-10-05 16:44:14,261 - BatteryGuard - ERROR - خطأ في قراءة صحة البطارية: [Errno 2] No such file or directory: '/sys/class/power_supply/BAT0/energy_full_design'
2025-10-05 16:44:24,262 - BatteryGuard - ERROR - خطأ في قراءة صحة البطارية: [Errno 2] No such file or directory: '/sys/class/power_supply/BAT0/energy_full_design'
2025-10-05 16:44:34,265 - BatteryGuard - ERROR - خطأ في قراءة صحة البطارية: [Errno 2] No such file or directory: '/sys/class/power_supply/BAT0/energy_full_design'
2025-10-05 16:44:43,652 - BatteryGuard - INFO - تم حفظ الإعدادات
2025-10-05 16:44:44,267 - BatteryGuard - ERROR - خطأ في قراءة صحة البطارية: [Errno 2] No such file or directory: '/sys/class/power_supply/BAT0/energy_full_design'
2025-10-05 16:44:54,268 - BatteryGuard - ERROR - خطأ في قراءة صحة البطارية: [Errno 2] No such file or directory: '/sys/class/power_supply/BAT0/energy_full_design'
2025-10-05 16:45:04,271 - BatteryGuard - ERROR - خطأ في قراءة صحة البطارية: [Errno 2] No such file or directory: '/sys/class/power_supply/BAT0/energy_full_design'
2025-10-05 16:45:14,273 - BatteryGuard - ERROR - خطأ في قراءة صحة البطارية: [Errno 2] No such file or directory: '/sys/class/power_supply/BAT0/energy_full_design'
2025-10-05 16:45:24,275 - BatteryGuard - ERROR - خطأ في قراءة صحة البطارية: [Errno 2] No such file or directory: '/sys/class/power_supply/BAT0/energy_full_design'
2025-10-05 16:45:34,277 - BatteryGuard - ERROR - خطأ في قراءة صحة البطارية: [Errno 2] No such file or directory: '/sys/class/power_supply/BAT0/energy_full_design'
2025-10-05 16:45:44,279 - BatteryGuard - ERROR - خطأ في قراءة صحة البطارية: [Errno 2] No such file or directory: '/sys/class/power_supply/BAT0/energy_full_design'
2025-10-05 16:45:54,281 - BatteryGuard - ERROR - خطأ في قراءة صحة البطارية: [Errno 2] No such file or directory: '/sys/class/power_supply/BAT0/energy_full_design'
2025-10-05 16:46:04,284 - BatteryGuard - ERROR - خطأ في قراءة صحة البطارية: [Errno 2] No such file or directory: '/sys/class/power_supply/BAT0/energy_full_design'
2025-10-05 16:46:14,286 - BatteryGuard - ERROR - خطأ في قراءة صحة البطارية: [Errno 2] No such file or directory: '/sys/class/power_supply/BAT0/energy_full_design'
2025-10-05 16:46:24,287 - BatteryGuard - ERROR - خطأ في قراءة صحة البطارية: [Errno 2] No such file or directory: '/sys/class/power_supply/BAT0/energy_full_design'
2025-10-05 16:46:34,290 - BatteryGuard - ERROR - خطأ في قراءة صحة البطارية: [Errno 2] No such file or directory: '/sys/class/power_supply/BAT0/energy_full_design'
2025-10-05 16:46:44,292 - BatteryGuard - ERROR - خطأ في قراءة صحة البطارية: [Errno 2] No such file or directory: '/sys/class/power_supply/BAT0/energy_full_design'
2025-10-05 16:46:54,293 - BatteryGuard - ERROR - خطأ في قراءة صحة البطارية: [Errno 2] No such file or directory: '/sys/class/power_supply/BAT0/energy_full_design'
2025-10-05 16:47:04,295 - BatteryGuard - ERROR - خطأ في قراءة صحة البطارية: [Errno 2] No such file or directory: '/sys/class/power_supply/BAT0/energy_full_design'
2025-10-05 16:47:14,296 - BatteryGuard - ERROR - خطأ في قراءة صحة البطارية: [Errno 2] No such file or directory: '/sys/class/power_supply/BAT0/energy_full_design'
2025-10-05 16:47:24,297 - BatteryGuard - ERROR - خطأ في قراءة صحة البطارية: [Errno 2] No such file or directory: '/sys/class/power_supply/BAT0/energy_full_design'
2025-10-05 16:47:34,301 - BatteryGuard - ERROR - خطأ في قراءة صحة البطارية: [Errno 2] No such file or directory: '/sys/class/power_supply/BAT0/energy_full_design'
2025-10-05 16:47:44,303 - BatteryGuard - ERROR - خطأ في قراءة صحة البطارية: [Errno 2] No such file or directory: '/sys/class/power_supply/BAT0/energy_full_design'
2025-10-05 16:47:54,302 - BatteryGuard - ERROR - خطأ في قراءة صحة البطارية: [Errno 2] No such file or directory: '/sys/class/power_supply/BAT0/energy_full_design'
2025-10-05 16:48:04,304 - BatteryGuard - ERROR - خطأ في قراءة صحة البطارية: [Errno 2] No such file or directory: '/sys/class/power_supply/BAT0/energy_full_design'
2025-10-05 16:48:14,306 - BatteryGuard - ERROR - خطأ في قراءة صحة البطارية: [Errno 2] No such file or directory: '/sys/class/power_supply/BAT0/energy_full_design'
2025-10-05 16:48:24,308 - BatteryGuard - ERROR - خطأ في قراءة صحة البطارية: [Errno 2] No such file or directory: '/sys/class/power_supply/BAT0/energy_full_design'
2025-10-05 16:48:34,310 - BatteryGuard - ERROR - خطأ في قراءة صحة البطارية: [Errno 2] No such file or directory: '/sys/class/power_supply/BAT0/energy_full_design'
2025-10-05 16:48:44,313 - BatteryGuard - ERROR - خطأ في قراءة صحة البطارية: [Errno 2] No such file or directory: '/sys/class/power_supply/BAT0/energy_full_design'
2025-10-05 16:48:54,315 - BatteryGuard - ERROR - خطأ في قراءة صحة البطارية: [Errno 2] No such file or directory: '/sys/class/power_supply/BAT0/energy_full_design'
2025-10-05 16:49:04,318 - BatteryGuard - ERROR - خطأ في قراءة صحة البطارية: [Errno 2] No such file or directory: '/sys/class/power_supply/BAT0/energy_full_design'
2025-10-05 16:49:14,321 - BatteryGuard - ERROR - خطأ في قراءة صحة البطارية: [Errno 2] No such file or directory: '/sys/class/power_supply/BAT0/energy_full_design'
2025-10-05 16:49:24,323 - BatteryGuard - ERROR - خطأ في قراءة صحة البطارية: [Errno 2] No such file or directory: '/sys/class/power_supply/BAT0/energy_full_design'
2025-10-05 16:49:34,328 - BatteryGuard - ERROR - خطأ في قراءة صحة البطارية: [Errno 2] No such file or directory: '/sys/class/power_supply/BAT0/energy_full_design'
2025-10-05 16:49:44,330 - BatteryGuard - ERROR - خطأ في قراءة صحة البطارية: [Errno 2] No such file or directory: '/sys/class/power_supply/BAT0/energy_full_design'
2025-10-05 16:49:54,333 - BatteryGuard - ERROR - خطأ في قراءة صحة البطارية: [Errno 2] No such file or directory: '/sys/class/power_supply/BAT0/energy_full_design'
2025-10-05 16:50:04,335 - BatteryGuard - ERROR - خطأ في قراءة صحة البطارية: [Errno 2] No such file or directory: '/sys/class/power_supply/BAT0/energy_full_design'
2025-10-05 16:50:14,338 - BatteryGuard - ERROR - خطأ في قراءة صحة البطارية: [Errno 2] No such file or directory: '/sys/class/power_supply/BAT0/energy_full_design'
2025-10-05 16:50:24,339 - BatteryGuard - ERROR - خطأ في قراءة صحة البطارية: [Errno 2] No such file or directory: '/sys/class/power_supply/BAT0/energy_full_design'
2025-10-05 16:50:34,341 - BatteryGuard - ERROR - خطأ في قراءة صحة البطارية: [Errno 2] No such file or directory: '/sys/class/power_supply/BAT0/energy_full_design'
2025-10-05 16:50:44,343 - BatteryGuard - ERROR - خطأ في قراءة صحة البطارية: [Errno 2] No such file or directory: '/sys/class/power_supply/BAT0/energy_full_design'
2025-10-05 16:50:54,344 - BatteryGuard - ERROR - خطأ في قراءة صحة البطارية: [Errno 2] No such file or directory: '/sys/class/power_supply/BAT0/energy_full_design'
2025-10-05 16:51:04,347 - BatteryGuard - ERROR - خطأ في قراءة صحة البطارية: [Errno 2] No such file or directory: '/sys/class/power_supply/BAT0/energy_full_design'
2025-10-05 16:51:14,349 - BatteryGuard - ERROR - خطأ في قراءة صحة البطارية: [Errno 2] No such file or directory: '/sys/class/power_supply/BAT0/energy_full_design'
2025-10-05 16:51:24,350 - BatteryGuard - ERROR - خطأ في قراءة صحة البطارية: [Errno 2] No such file or directory: '/sys/class/power_supply/BAT0/energy_full_design'
2025-10-05 16:51:34,360 - BatteryGuard - ERROR - خطأ في قراءة صحة البطارية: [Errno 2] No such file or directory: '/sys/class/power_supply/BAT0/energy_full_design'
2025-10-05 16:51:44,362 - BatteryGuard - ERROR - خطأ في قراءة صحة البطارية: [Errno 2] No such file or directory: '/sys/class/power_supply/BAT0/energy_full_design'
2025-10-05 16:51:54,364 - BatteryGuard - ERROR - خطأ في قراءة صحة البطارية: [Errno 2] No such file or directory: '/sys/class/power_supply/BAT0/energy_full_design'
2025-10-05 16:52:04,365 - BatteryGuard - ERROR - خطأ في قراءة صحة البطارية: [Errno 2] No such file or directory: '/sys/class/power_supply/BAT0/energy_full_design'
2025-10-05 16:52:20,213 - BatteryGuard - INFO - تم بدء المراقبة بنجاح
2025-10-05 16:52:20,279 - BatteryGuard - INFO - تم تشغيل BatteryGuard Pro بنجاح
2025-10-05 16:52:20,287 - BatteryGuard - ERROR - خطأ في قراءة صحة البطارية: [Errno 2] No such file or directory: '/sys/class/power_supply/BAT0/energy_full_design'
2025-10-05 16:52:20,717 - BatteryGuard - ERROR - خطأ في قراءة صحة البطارية: [Errno 2] No such file or directory: '/sys/class/power_supply/BAT0/energy_full_design'
2025-10-05 16:52:22,285 - BatteryGuard - ERROR - خطأ في قراءة صحة البطارية: [Errno 2] No such file or directory: '/sys/class/power_supply/BAT0/energy_full_design'
2025-10-05 16:52:24,287 - BatteryGuard - ERROR - خطأ في قراءة صحة البطارية: [Errno 2] No such file or directory: '/sys/class/power_supply/BAT0/energy_full_design'
2025-10-05 16:52:26,289 - BatteryGuard - ERROR - خطأ في قراءة صحة البطارية: [Errno 2] No such file or directory: '/sys/class/power_supply/BAT0/energy_full_design'
2025-10-05 16:52:28,404 - BatteryGuard - INFO - إشعار: ✓ اكتمل الشحن الأمثل - البطارية عند 82%. يمكن فصل الشاحن للحفاظ على عمر البطارية.
2025-10-05 16:52:28,404 - BatteryGuard - INFO - ✓ اكتمل الشحن الأمثل: البطارية عند 82%. يمكن فصل الشاحن للحفاظ على عمر البطارية.
2025-10-05 16:52:28,405 - BatteryGuard - ERROR - خطأ في قراءة صحة البطارية: [Errno 2] No such file or directory: '/sys/class/power_supply/BAT0/energy_full_design'
2025-10-05 16:52:30,292 - BatteryGuard - ERROR - خطأ في قراءة صحة البطارية: [Errno 2] No such file or directory: '/sys/class/power_supply/BAT0/energy_full_design'
2025-10-05 16:52:32,293 - BatteryGuard - ERROR - خطأ في قراءة صحة البطارية: [Errno 2] No such file or directory: '/sys/class/power_supply/BAT0/energy_full_design'
2025-10-05 16:52:34,295 - BatteryGuard - ERROR - خطأ في قراءة صحة البطارية: [Errno 2] No such file or directory: '/sys/class/power_supply/BAT0/energy_full_design'
2025-10-05 16:52:36,298 - BatteryGuard - ERROR - خطأ في قراءة صحة البطارية: [Errno 2] No such file or directory: '/sys/class/power_supply/BAT0/energy_full_design'
2025-10-05 16:52:38,308 - BatteryGuard - ERROR - خطأ في قراءة صحة البطارية: [Errno 2] No such file or directory: '/sys/class/power_supply/BAT0/energy_full_design'
2025-10-05 16:52:40,309 - BatteryGuard - ERROR - خطأ في قراءة صحة البطارية: [Errno 2] No such file or directory: '/sys/class/power_supply/BAT0/energy_full_design'
2025-10-05 16:52:42,313 - BatteryGuard - ERROR - خطأ في قراءة صحة البطارية: [Errno 2] No such file or directory: '/sys/class/power_supply/BAT0/energy_full_design'
2025-10-05 16:52:44,315 - BatteryGuard - ERROR - خطأ في قراءة صحة البطارية: [Errno 2] No such file or directory: '/sys/class/power_supply/BAT0/energy_full_design'
2025-10-05 16:52:46,317 - BatteryGuard - ERROR - خطأ في قراءة صحة البطارية: [Errno 2] No such file or directory: '/sys/class/power_supply/BAT0/energy_full_design'
2025-10-05 16:52:48,318 - BatteryGuard - ERROR - خطأ في قراءة صحة البطارية: [Errno 2] No such file or directory: '/sys/class/power_supply/BAT0/energy_full_design'
2025-10-05 16:52:50,319 - BatteryGuard - ERROR - خطأ في قراءة صحة البطارية: [Errno 2] No such file or directory: '/sys/class/power_supply/BAT0/energy_full_design'
2025-10-05 16:52:52,320 - BatteryGuard - ERROR - خطأ في قراءة صحة البطارية: [Errno 2] No such file or directory: '/sys/class/power_supply/BAT0/energy_full_design'
2025-10-05 16:52:54,321 - BatteryGuard - ERROR - خطأ في قراءة صحة البطارية: [Errno 2] No such file or directory: '/sys/class/power_supply/BAT0/energy_full_design'
2025-10-05 16:52:56,322 - BatteryGuard - ERROR - خطأ في قراءة صحة البطارية: [Errno 2] No such file or directory: '/sys/class/power_supply/BAT0/energy_full_design'
2025-10-05 16:52:58,323 - BatteryGuard - ERROR - خطأ في قراءة صحة البطارية: [Errno 2] No such file or directory: '/sys/class/power_supply/BAT0/energy_full_design'
2025-10-05 16:53:00,326 - BatteryGuard - ERROR - خطأ في قراءة صحة البطارية: [Errno 2] No such file or directory: '/sys/class/power_supply/BAT0/energy_full_design'
2025-10-05 16:53:02,332 - BatteryGuard - ERROR - خطأ في قراءة صحة البطارية: [Errno 2] No such file or directory: '/sys/class/power_supply/BAT0/energy_full_design'
2025-10-05 16:53:04,331 - BatteryGuard - ERROR - خطأ في قراءة صحة البطارية: [Errno 2] No such file or directory: '/sys/class/power_supply/BAT0/energy_full_design'
2025-10-05 16:53:06,332 - BatteryGuard - ERROR - خطأ في قراءة صحة البطارية: [Errno 2] No such file or directory: '/sys/class/power_supply/BAT0/energy_full_design'
2025-10-05 16:53:08,334 - BatteryGuard - ERROR - خطأ في قراءة صحة البطارية: [Errno 2] No such file or directory: '/sys/class/power_supply/BAT0/energy_full_design'
2025-10-05 16:53:10,337 - BatteryGuard - ERROR - خطأ في قراءة صحة البطارية: [Errno 2] No such file or directory: '/sys/class/power_supply/BAT0/energy_full_design'
2025-10-05 16:53:12,345 - BatteryGuard - ERROR - خطأ في قراءة صحة البطارية: [Errno 2] No such file or directory: '/sys/class/power_supply/BAT0/energy_full_design'
2025-10-05 16:53:14,346 - BatteryGuard - ERROR - خطأ في قراءة صحة البطارية: [Errno 2] No such file or directory: '/sys/class/power_supply/BAT0/energy_full_design'
2025-10-05 16:53:16,346 - BatteryGuard - ERROR - خطأ في قراءة صحة البطارية: [Errno 2] No such file or directory: '/sys/class/power_supply/BAT0/energy_full_design'
2025-10-05 16:53:18,348 - BatteryGuard - ERROR - خطأ في قراءة صحة البطارية: [Errno 2] No such file or directory: '/sys/class/power_supply/BAT0/energy_full_design'
2025-10-05 16:53:20,350 - BatteryGuard - ERROR - خطأ في قراءة صحة البطارية: [Errno 2] No such file or directory: '/sys/class/power_supply/BAT0/energy_full_design'
2025-10-05 16:53:22,352 - BatteryGuard - ERROR - خطأ في قراءة صحة البطارية: [Errno 2] No such file or directory: '/sys/class/power_supply/BAT0/energy_full_design'
2025-10-05 16:53:24,353 - BatteryGuard - ERROR - خطأ في قراءة صحة البطارية: [Errno 2] No such file or directory: '/sys/class/power_supply/BAT0/energy_full_design'
2025-10-05 16:53:26,354 - BatteryGuard - ERROR - خطأ في قراءة صحة البطارية: [Errno 2] No such file or directory: '/sys/class/power_supply/BAT0/energy_full_design'
2025-10-05 16:53:28,357 - BatteryGuard - ERROR - خطأ في قراءة صحة البطارية: [Errno 2] No such file or directory: '/sys/class/power_supply/BAT0/energy_full_design'
2025-10-05 16:53:30,358 - BatteryGuard - ERROR - خطأ في قراءة صحة البطارية: [Errno 2] No such file or directory: '/sys/class/power_supply/BAT0/energy_full_design'
2025-10-05 16:53:32,360 - BatteryGuard - ERROR - خطأ في قراءة صحة البطارية: [Errno 2] No such file or directory: '/sys/class/power_supply/BAT0/energy_full_design'
2025-10-05 16:53:34,363 - BatteryGuard - ERROR - خطأ في قراءة صحة البطارية: [Errno 2] No such file or directory: '/sys/class/power_supply/BAT0/energy_full_design'
2025-10-05 16:53:36,364 - BatteryGuard - ERROR - خطأ في قراءة صحة البطارية: [Errno 2] No such file or directory: '/sys/class/power_supply/BAT0/energy_full_design'
2025-10-05 16:53:38,367 - BatteryGuard - ERROR - خطأ في قراءة صحة البطارية: [Errno 2] No such file or directory: '/sys/class/power_supply/BAT0/energy_full_design'
2025-10-05 16:53:40,368 - BatteryGuard - ERROR - خطأ في قراءة صحة البطارية: [Errno 2] No such file or directory: '/sys/class/power_supply/BAT0/energy_full_design'
2025-10-05 16:53:42,370 - BatteryGuard - ERROR - خطأ في قراءة صحة البطارية: [Errno 2] No such file or directory: '/sys/class/power_supply/BAT0/energy_full_design'
2025-10-05 16:53:44,372 - BatteryGuard - ERROR - خطأ في قراءة صحة البطارية: [Errno 2] No such file or directory: '/sys/class/power_supply/BAT0/energy_full_design'
2025-10-05 16:53:46,374 - BatteryGuard - ERROR - خطأ في قراءة صحة البطارية: [Errno 2] No such file or directory: '/sys/class/power_supply/BAT0/energy_full_design'
2025-10-05 16:53:48,376 - BatteryGuard - ERROR - خطأ في قراءة صحة البطارية: [Errno 2] No such file or directory: '/sys/class/power_supply/BAT0/energy_full_design'
2025-10-05 16:53:50,378 - BatteryGuard - ERROR - خطأ في قراءة صحة البطارية: [Errno 2] No such file or directory: '/sys/class/power_supply/BAT0/energy_full_design'
2025-10-05 16:53:52,380 - BatteryGuard - ERROR - خطأ في قراءة صحة البطارية: [Errno 2] No such file or directory: '/sys/class/power_supply/BAT0/energy_full_design'
2025-10-05 16:53:54,382 - BatteryGuard - ERROR - خطأ في قراءة صحة البطارية: [Errno 2] No such file or directory: '/sys/class/power_supply/BAT0/energy_full_design'
2025-10-05 16:53:56,384 - BatteryGuard - ERROR - خطأ في قراءة صحة البطارية: [Errno 2] No such file or directory: '/sys/class/power_supply/BAT0/energy_full_design'
2025-10-05 16:53:58,385 - BatteryGuard - ERROR - خطأ في قراءة صحة البطارية: [Errno 2] No such file or directory: '/sys/class/power_supply/BAT0/energy_full_design'
2025-10-05 16:54:00,388 - BatteryGuard - ERROR - خطأ في قراءة صحة البطارية: [Errno 2] No such file or directory: '/sys/class/power_supply/BAT0/energy_full_design'
2025-10-05 16:54:02,390 - BatteryGuard - ERROR - خطأ في قراءة صحة البطارية: [Errno 2] No such file or directory: '/sys/class/power_supply/BAT0/energy_full_design'
2025-10-05 16:54:04,391 - BatteryGuard - ERROR - خطأ في قراءة صحة البطارية: [Errno 2] No such file or directory: '/sys/class/power_supply/BAT0/energy_full_design'
2025-10-05 16:54:06,393 - BatteryGuard - ERROR - خطأ في قراءة صحة البطارية: [Errno 2] No such file or directory: '/sys/class/power_supply/BAT0/energy_full_design'
2025-10-05 16:54:08,395 - BatteryGuard - ERROR - خطأ في قراءة صحة البطارية: [Errno 2] No such file or directory: '/sys/class/power_supply/BAT0/energy_full_design'
2025-10-05 16:54:10,397 - BatteryGuard - ERROR - خطأ في قراءة صحة البطارية: [Errno 2] No such file or directory: '/sys/class/power_supply/BAT0/energy_full_design'
2025-10-05 16:54:12,399 - BatteryGuard - ERROR - خطأ في قراءة صحة البطارية: [Errno 2] No such file or directory: '/sys/class/power_supply/BAT0/energy_full_design'
2025-10-05 16:54:14,401 - BatteryGuard - ERROR - خطأ في قراءة صحة البطارية: [Errno 2] No such file or directory: '/sys/class/power_supply/BAT0/energy_full_design'
2025-10-05 16:54:16,403 - BatteryGuard - ERROR - خطأ في قراءة صحة البطارية: [Errno 2] No such file or directory: '/sys/class/power_supply/BAT0/energy_full_design'
2025-10-05 16:54:18,404 - BatteryGuard - ERROR - خطأ في قراءة صحة البطارية: [Errno 2] No such file or directory: '/sys/class/power_supply/BAT0/energy_full_design'
2025-10-05 16:54:20,406 - BatteryGuard - ERROR - خطأ في قراءة صحة البطارية: [Errno 2] No such file or directory: '/sys/class/power_supply/BAT0/energy_full_design'
2025-10-05 16:54:22,408 - BatteryGuard - ERROR - خطأ في قراءة صحة البطارية: [Errno 2] No such file or directory: '/sys/class/power_supply/BAT0/energy_full_design'
2025-10-05 16:54:24,410 - BatteryGuard - ERROR - خطأ في قراءة صحة البطارية: [Errno 2] No such file or directory: '/sys/class/power_supply/BAT0/energy_full_design'
2025-10-05 16:54:26,411 - BatteryGuard - ERROR - خطأ في قراءة صحة البطارية: [Errno 2] No such file or directory: '/sys/class/power_supply/BAT0/energy_full_design'
2025-10-05 16:54:28,413 - BatteryGuard - ERROR - خطأ في قراءة صحة البطارية: [Errno 2] No such file or directory: '/sys/class/power_supply/BAT0/energy_full_design'
2025-10-05 16:54:30,415 - BatteryGuard - ERROR - خطأ في قراءة صحة البطارية: [Errno 2] No such file or directory: '/sys/class/power_supply/BAT0/energy_full_design'
2025-10-05 16:54:32,417 - BatteryGuard - ERROR - خطأ في قراءة صحة البطارية: [Errno 2] No such file or directory: '/sys/class/power_supply/BAT0/energy_full_design'
2025-10-05 16:54:34,419 - BatteryGuard - ERROR - خطأ في قراءة صحة البطارية: [Errno 2] No such file or directory: '/sys/class/power_supply/BAT0/energy_full_design'
2025-10-05 16:54:36,420 - BatteryGuard - ERROR - خطأ في قراءة صحة البطارية: [Errno 2] No such file or directory: '/sys/class/power_supply/BAT0/energy_full_design'
2025-10-05 16:54:38,423 - BatteryGuard - ERROR - خطأ في قراءة صحة البطارية: [Errno 2] No such file or directory: '/sys/class/power_supply/BAT0/energy_full_design'
2025-10-05 16:54:40,425 - BatteryGuard - ERROR - خطأ في قراءة صحة البطارية: [Errno 2] No such file or directory: '/sys/class/power_supply/BAT0/energy_full_design'
2025-10-05 16:54:42,427 - BatteryGuard - ERROR - خطأ في قراءة صحة البطارية: [Errno 2] No such file or directory: '/sys/class/power_supply/BAT0/energy_full_design'
2025-10-05 16:54:44,429 - BatteryGuard - ERROR - خطأ في قراءة صحة البطارية: [Errno 2] No such file or directory: '/sys/class/power_supply/BAT0/energy_full_design'
2025-10-05 16:54:46,431 - BatteryGuard - ERROR - خطأ في قراءة صحة البطارية: [Errno 2] No such file or directory: '/sys/class/power_supply/BAT0/energy_full_design'
2025-10-05 16:54:48,433 - BatteryGuard - ERROR - خطأ في قراءة صحة البطارية: [Errno 2] No such file or directory: '/sys/class/power_supply/BAT0/energy_full_design'
2025-10-05 16:54:50,435 - BatteryGuard - ERROR - خطأ في قراءة صحة البطارية: [Errno 2] No such file or directory: '/sys/class/power_supply/BAT0/energy_full_design'
2025-10-05 16:54:52,437 - BatteryGuard - ERROR - خطأ في قراءة صحة البطارية: [Errno 2] No such file or directory: '/sys/class/power_supply/BAT0/energy_full_design'
2025-10-05 16:54:54,440 - BatteryGuard - ERROR - خطأ في قراءة صحة البطارية: [Errno 2] No such file or directory: '/sys/class/power_supply/BAT0/energy_full_design'
2025-10-05 16:54:56,442 - BatteryGuard - ERROR - خطأ في قراءة صحة البطارية: [Errno 2] No such file or directory: '/sys/class/power_supply/BAT0/energy_full_design'
2025-10-05 16:54:58,443 - BatteryGuard - ERROR - خطأ في قراءة صحة البطارية: [Errno 2] No such file or directory: '/sys/class/power_supply/BAT0/energy_full_design'
2025-10-05 16:55:00,445 - BatteryGuard - ERROR - خطأ في قراءة صحة البطارية: [Errno 2] No such file or directory: '/sys/class/power_supply/BAT0/energy_full_design'
2025-10-05 16:55:02,447 - BatteryGuard - ERROR - خطأ في قراءة صحة البطارية: [Errno 2] No such file or directory: '/sys/class/power_supply/BAT0/energy_full_design'
2025-10-05 16:55:04,450 - BatteryGuard - ERROR - خطأ في قراءة صحة البطارية: [Errno 2] No such file or directory: '/sys/class/power_supply/BAT0/energy_full_design'
2025-10-05 16:55:06,451 - BatteryGuard - ERROR - خطأ في قراءة صحة البطارية: [Errno 2] No such file or directory: '/sys/class/power_supply/BAT0/energy_full_design'
2025-10-05 16:55:08,453 - BatteryGuard - ERROR - خطأ في قراءة صحة البطارية: [Errno 2] No such file or directory: '/sys/class/power_supply/BAT0/energy_full_design'
2025-10-05 16:55:10,455 - BatteryGuard - ERROR - خطأ في قراءة صحة البطارية: [Errno 2] No such file or directory: '/sys/class/power_supply/BAT0/energy_full_design'
2025-10-05 16:55:12,457 - BatteryGuard - ERROR - خطأ في قراءة صحة البطارية: [Errno 2] No such file or directory: '/sys/class/power_supply/BAT0/energy_full_design'
2025-10-05 16:55:14,458 - BatteryGuard - ERROR - خطأ في قراءة صحة البطارية: [Errno 2] No such file or directory: '/sys/class/power_supply/BAT0/energy_full_design'
2025-10-05 16:55:16,460 - BatteryGuard - ERROR - خطأ في قراءة صحة البطارية: [Errno 2] No such file or directory: '/sys/class/power_supply/BAT0/energy_full_design'
2025-10-05 16:55:18,461 - BatteryGuard - ERROR - خطأ في قراءة صحة البطارية: [Errno 2] No such file or directory: '/sys/class/power_supply/BAT0/energy_full_design'
2025-10-05 16:55:20,461 - BatteryGuard - ERROR - خطأ في قراءة صحة البطارية: [Errno 2] No such file or directory: '/sys/class/power_supply/BAT0/energy_full_design'
2025-10-05 16:55:22,464 - BatteryGuard - ERROR - خطأ في قراءة صحة البطارية: [Errno 2] No such file or directory: '/sys/class/power_supply/BAT0/energy_full_design'
2025-10-05 16:55:24,465 - BatteryGuard - ERROR - خطأ في قراءة صحة البطارية: [Errno 2] No such file or directory: '/sys/class/power_supply/BAT0/energy_full_design'
2025-10-05 16:55:26,467 - BatteryGuard - ERROR - خطأ في قراءة صحة البطارية: [Errno 2] No such file or directory: '/sys/class/power_supply/BAT0/energy_full_design'
2025-10-05 16:55:28,468 - BatteryGuard - ERROR - خطأ في قراءة صحة البطارية: [Errno 2] No such file or directory: '/sys/class/power_supply/BAT0/energy_full_design'
2025-10-05 16:55:30,470 - BatteryGuard - ERROR - خطأ في قراءة صحة البطارية: [Errno 2] No such file or directory: '/sys/class/power_supply/BAT0/energy_full_design'
2025-10-05 16:55:32,472 - BatteryGuard - ERROR - خطأ في قراءة صحة البطارية: [Errno 2] No such file or directory: '/sys/class/power_supply/BAT0/energy_full_design'
2025-10-05 16:55:34,472 - BatteryGuard - ERROR - خطأ في قراءة صحة البطارية: [Errno 2] No such file or directory: '/sys/class/power_supply/BAT0/energy_full_design'
2025-10-05 16:55:36,474 - BatteryGuard - ERROR - خطأ في قراءة صحة البطارية: [Errno 2] No such file or directory: '/sys/class/power_supply/BAT0/energy_full_design'
2025-10-05 16:55:38,475 - BatteryGuard - ERROR - خطأ في قراءة صحة البطارية: [Errno 2] No such file or directory: '/sys/class/power_supply/BAT0/energy_full_design'
2025-10-05 16:55:40,479 - BatteryGuard - ERROR - خطأ في قراءة صحة البطارية: [Errno 2] No such file or directory: '/sys/class/power_supply/BAT0/energy_full_design'
2025-10-05 16:55:42,482 - BatteryGuard - ERROR - خطأ في قراءة صحة البطارية: [Errno 2] No such file or directory: '/sys/class/power_supply/BAT0/energy_full_design'
2025-10-05 16:55:44,483 - BatteryGuard - ERROR - خطأ في قراءة صحة البطارية: [Errno 2] No such file or directory: '/sys/class/power_supply/BAT0/energy_full_design'
2025-10-05 16:55:46,485 - BatteryGuard - ERROR - خطأ في قراءة صحة البطارية: [Errno 2] No such file or directory: '/sys/class/power_supply/BAT0/energy_full_design'
2025-10-05 16:55:48,487 - BatteryGuard - ERROR - خطأ في قراءة صحة البطارية: [Errno 2] No such file or directory: '/sys/class/power_supply/BAT0/energy_full_design'
2025-10-05 16:55:50,487 - BatteryGuard - ERROR - خطأ في قراءة صحة البطارية: [Errno 2] No such file or directory: '/sys/class/power_supply/BAT0/energy_full_design'
2025-10-05 16:55:52,490 - BatteryGuard - ERROR - خطأ في قراءة صحة البطارية: [Errno 2] No such file or directory: '/sys/class/power_supply/BAT0/energy_full_design'
2025-10-05 16:55:54,493 - BatteryGuard - ERROR - خطأ في قراءة صحة البطارية: [Errno 2] No such file or directory: '/sys/class/power_supply/BAT0/energy_full_design'
2025-10-05 16:55:56,494 - BatteryGuard - ERROR - خطأ في قراءة صحة البطارية: [Errno 2] No such file or directory: '/sys/class/power_supply/BAT0/energy_full_design'
2025-10-05 16:55:58,496 - BatteryGuard - ERROR - خطأ في قراءة صحة البطارية: [Errno 2] No such file or directory: '/sys/class/power_supply/BAT0/energy_full_design'
2025-10-05 16:56:00,499 - BatteryGuard - ERROR - خطأ في قراءة صحة البطارية: [Errno 2] No such file or directory: '/sys/class/power_supply/BAT0/energy_full_design'
2025-10-05 16:56:02,501 - BatteryGuard - ERROR - خطأ في قراءة صحة البطارية: [Errno 2] No such file or directory: '/sys/class/power_supply/BAT0/energy_full_design'
2025-10-05 16:56:04,503 - BatteryGuard - ERROR - خطأ في قراءة صحة البطارية: [Errno 2] No such file or directory: '/sys/class/power_supply/BAT0/energy_full_design'
2025-10-05 16:56:06,504 - BatteryGuard - ERROR - خطأ في قراءة صحة البطارية: [Errno 2] No such file or directory: '/sys/class/power_supply/BAT0/energy_full_design'
2025-10-05 16:56:08,508 - BatteryGuard - ERROR - خطأ في قراءة صحة البطارية: [Errno 2] No such file or directory: '/sys/class/power_supply/BAT0/energy_full_design'
2025-10-05 16:56:10,511 - BatteryGuard - ERROR - خطأ في قراءة صحة البطارية: [Errno 2] No such file or directory: '/sys/class/power_supply/BAT0/energy_full_design'
2025-10-05 16:56:12,512 - BatteryGuard - ERROR - خطأ في قراءة صحة البطارية: [Errno 2] No such file or directory: '/sys/class/power_supply/BAT0/energy_full_design'
2025-10-05 16:56:14,514 - BatteryGuard - ERROR - خطأ في قراءة صحة البطارية: [Errno 2] No such file or directory: '/sys/class/power_supply/BAT0/energy_full_design'
2025-10-05 16:56:16,516 - BatteryGuard - ERROR - خطأ في قراءة صحة البطارية: [Errno 2] No such file or directory: '/sys/class/power_supply/BAT0/energy_full_design'
2025-10-05 16:56:18,517 - BatteryGuard - ERROR - خطأ في قراءة صحة البطارية: [Errno 2] No such file or directory: '/sys/class/power_supply/BAT0/energy_full_design'
2025-10-05 16:56:20,521 - BatteryGuard - ERROR - خطأ في قراءة صحة البطارية: [Errno 2] No such file or directory: '/sys/class/power_supply/BAT0/energy_full_design'
2025-10-05 16:56:22,524 - BatteryGuard - ERROR - خطأ في قراءة صحة البطارية: [Errno 2] No such file or directory: '/sys/class/power_supply/BAT0/energy_full_design'
2025-10-05 16:56:24,524 - BatteryGuard - ERROR - خطأ في قراءة صحة البطارية: [Errno 2] No such file or directory: '/sys/class/power_supply/BAT0/energy_full_design'
2025-10-05 16:56:26,527 - BatteryGuard - ERROR - خطأ في قراءة صحة البطارية: [Errno 2] No such file or directory: '/sys/class/power_supply/BAT0/energy_full_design'
2025-10-05 16:56:28,527 - BatteryGuard - ERROR - خطأ في قراءة صحة البطارية: [Errno 2] No such file or directory: '/sys/class/power_supply/BAT0/energy_full_design'
2025-10-05 16:56:30,529 - BatteryGuard - ERROR - خطأ في قراءة صحة البطارية: [Errno 2] No such file or directory: '/sys/class/power_supply/BAT0/energy_full_design'
2025-10-05 16:56:32,530 - BatteryGuard - ERROR - خطأ في قراءة صحة البطارية: [Errno 2] No such file or directory: '/sys/class/power_supply/BAT0/energy_full_design'
2025-10-05 16:56:34,533 - BatteryGuard - ERROR - خطأ في قراءة صحة البطارية: [Errno 2] No such file or directory: '/sys/class/power_supply/BAT0/energy_full_design'
2025-10-05 16:56:36,536 - BatteryGuard - ERROR - خطأ في قراءة صحة البطارية: [Errno 2] No such file or directory: '/sys/class/power_supply/BAT0/energy_full_design'
2025-10-05 16:56:38,538 - BatteryGuard - ERROR - خطأ في قراءة صحة البطارية: [Errno 2] No such file or directory: '/sys/class/power_supply/BAT0/energy_full_design'
2025-10-05 16:56:40,540 - BatteryGuard - ERROR - خطأ في قراءة صحة البطارية: [Errno 2] No such file or directory: '/sys/class/power_supply/BAT0/energy_full_design'
2025-10-05 16:56:42,540 - BatteryGuard - ERROR - خطأ في قراءة صحة البطارية: [Errno 2] No such file or directory: '/sys/class/power_supply/BAT0/energy_full_design'
2025-10-05 16:56:44,541 - BatteryGuard - ERROR - خطأ في قراءة صحة البطارية: [Errno 2] No such file or directory: '/sys/class/power_supply/BAT0/energy_full_design'
2025-10-05 16:56:46,543 - BatteryGuard - ERROR - خطأ في قراءة صحة البطارية: [Errno 2] No such file or directory: '/sys/class/power_supply/BAT0/energy_full_design'
2025-10-05 16:56:48,545 - BatteryGuard - ERROR - خطأ في قراءة صحة البطارية: [Errno 2] No such file or directory: '/sys/class/power_supply/BAT0/energy_full_design'
2025-10-05 16:56:50,548 - BatteryGuard - ERROR - خطأ في قراءة صحة البطارية: [Errno 2] No such file or directory: '/sys/class/power_supply/BAT0/energy_full_design'
2025-10-05 16:56:52,550 - BatteryGuard - ERROR - خطأ في قراءة صحة البطارية: [Errno 2] No such file or directory: '/sys/class/power_supply/BAT0/energy_full_design'
2025-10-05 16:56:54,551 - BatteryGuard - ERROR - خطأ في قراءة صحة البطارية: [Errno 2] No such file or directory: '/sys/class/power_supply/BAT0/energy_full_design'
2025-10-05 16:56:56,551 - BatteryGuard - ERROR - خطأ في قراءة صحة البطارية: [Errno 2] No such file or directory: '/sys/class/power_supply/BAT0/energy_full_design'
2025-10-05 16:56:58,555 - BatteryGuard - ERROR - خطأ في قراءة صحة البطارية: [Errno 2] No such file or directory: '/sys/class/power_supply/BAT0/energy_full_design'
2025-10-05 16:57:00,557 - BatteryGuard - ERROR - خطأ في قراءة صحة البطارية: [Errno 2] No such file or directory: '/sys/class/power_supply/BAT0/energy_full_design'
2025-10-05 16:57:02,559 - BatteryGuard - ERROR - خطأ في قراءة صحة البطارية: [Errno 2] No such file or directory: '/sys/class/power_supply/BAT0/energy_full_design'
2025-10-05 16:57:04,562 - BatteryGuard - ERROR - خطأ في قراءة صحة البطارية: [Errno 2] No such file or directory: '/sys/class/power_supply/BAT0/energy_full_design'
2025-10-05 16:57:06,563 - BatteryGuard - ERROR - خطأ في قراءة صحة البطارية: [Errno 2] No such file or directory: '/sys/class/power_supply/BAT0/energy_full_design'
2025-10-05 16:57:08,565 - BatteryGuard - ERROR - خطأ في قراءة صحة البطارية: [Errno 2] No such file or directory: '/sys/class/power_supply/BAT0/energy_full_design'
2025-10-05 16:57:10,567 - BatteryGuard - ERROR - خطأ في قراءة صحة البطارية: [Errno 2] No such file or directory: '/sys/class/power_supply/BAT0/energy_full_design'
2025-10-05 16:57:12,569 - BatteryGuard - ERROR - خطأ في قراءة صحة البطارية: [Errno 2] No such file or directory: '/sys/class/power_supply/BAT0/energy_full_design'
2025-10-05 16:57:14,569 - BatteryGuard - ERROR - خطأ في قراءة صحة البطارية: [Errno 2] No such file or directory: '/sys/class/power_supply/BAT0/energy_full_design'
2025-10-05 16:57:16,571 - BatteryGuard - ERROR - خطأ في قراءة صحة البطارية: [Errno 2] No such file or directory: '/sys/class/power_supply/BAT0/energy_full_design'
2025-10-05 16:57:18,572 - BatteryGuard - ERROR - خطأ في قراءة صحة البطارية: [Errno 2] No such file or directory: '/sys/class/power_supply/BAT0/energy_full_design'
2025-10-05 16:57:20,574 - BatteryGuard - ERROR - خطأ في قراءة صحة البطارية: [Errno 2] No such file or directory: '/sys/class/power_supply/BAT0/energy_full_design'
2025-10-05 16:57:22,576 - BatteryGuard - ERROR - خطأ في قراءة صحة البطارية: [Errno 2] No such file or directory: '/sys/class/power_supply/BAT0/energy_full_design'
2025-10-05 16:57:24,578 - BatteryGuard - ERROR - خطأ في قراءة صحة البطارية: [Errno 2] No such file or directory: '/sys/class/power_supply/BAT0/energy_full_design'
2025-10-05 16:57:26,578 - BatteryGuard - ERROR - خطأ في قراءة صحة البطارية: [Errno 2] No such file or directory: '/sys/class/power_supply/BAT0/energy_full_design'
2025-10-05 16:57:28,581 - BatteryGuard - ERROR - خطأ في قراءة صحة البطارية: [Errno 2] No such file or directory: '/sys/class/power_supply/BAT0/energy_full_design'
2025-10-05 16:57:30,583 - BatteryGuard - ERROR - خطأ في قراءة صحة البطارية: [Errno 2] No such file or directory: '/sys/class/power_supply/BAT0/energy_full_design'
2025-10-05 16:57:32,584 - BatteryGuard - ERROR - خطأ في قراءة صحة البطارية: [Errno 2] No such file or directory: '/sys/class/power_supply/BAT0/energy_full_design'
2025-10-05 16:57:34,585 - BatteryGuard - ERROR - خطأ في قراءة صحة البطارية: [Errno 2] No such file or directory: '/sys/class/power_supply/BAT0/energy_full_design'
2025-10-05 16:57:36,586 - BatteryGuard - ERROR - خطأ في قراءة صحة البطارية: [Errno 2] No such file or directory: '/sys/class/power_supply/BAT0/energy_full_design'
2025-10-05 16:57:38,588 - BatteryGuard - ERROR - خطأ في قراءة صحة البطارية: [Errno 2] No such file or directory: '/sys/class/power_supply/BAT0/energy_full_design'
2025-10-05 16:57:40,590 - BatteryGuard - ERROR - خطأ في قراءة صحة البطارية: [Errno 2] No such file or directory: '/sys/class/power_supply/BAT0/energy_full_design'
2025-10-05 16:57:42,591 - BatteryGuard - ERROR - خطأ في قراءة صحة البطارية: [Errno 2] No such file or directory: '/sys/class/power_supply/BAT0/energy_full_design'
2025-10-05 16:57:44,455 - BatteryGuard - INFO - تم حفظ الإعدادات
2025-10-05 16:57:44,593 - BatteryGuard - ERROR - خطأ في قراءة صحة البطارية: [Errno 2] No such file or directory: '/sys/class/power_supply/BAT0/energy_full_design'
2025-10-05 16:57:45,799 - BatteryGuard - INFO - إيقاف البرنامج...
2025-10-05 16:57:49,799 - BatteryGuard - INFO - تم بدء المراقبة بنجاح
2025-10-05 16:57:49,839 - BatteryGuard - INFO - تم تشغيل BatteryGuard Pro بنجاح
2025-10-05 16:57:49,980 - BatteryGuard - INFO - إشعار: ✓ اكتمل الشحن الأمثل - البطارية عند 82%. يمكن فصل الشاحن للحفاظ على عمر البطارية.
2025-10-05 16:57:49,980 - BatteryGuard - INFO - ✓ اكتمل الشحن الأمثل: البطارية عند 82%. يمكن فصل الشاحن للحفاظ على عمر البطارية.
2025-10-05 16:57:49,996 - BatteryGuard - ERROR - خطأ في قراءة صحة البطارية: [Errno 2] No such file or directory: '/sys/class/power_supply/BAT0/energy_full_design'
2025-10-05 16:57:50,303 - BatteryGuard - ERROR - خطأ في قراءة صحة البطارية: [Errno 2] No such file or directory: '/sys/class/power_supply/BAT0/energy_full_design'
2025-10-05 16:57:51,844 - BatteryGuard - ERROR - خطأ في قراءة صحة البطارية: [Errno 2] No such file or directory: '/sys/class/power_supply/BAT0/energy_full_design'
2025-10-05 16:57:53,845 - BatteryGuard - ERROR - خطأ في قراءة صحة البطارية: [Errno 2] No such file or directory: '/sys/class/power_supply/BAT0/energy_full_design'
2025-10-05 16:57:55,847 - BatteryGuard - ERROR - خطأ في قراءة صحة البطارية: [Errno 2] No such file or directory: '/sys/class/power_supply/BAT0/energy_full_design'
2025-10-05 16:57:57,852 - BatteryGuard - ERROR - خطأ في قراءة صحة البطارية: [Errno 2] No such file or directory: '/sys/class/power_supply/BAT0/energy_full_design'
2025-10-05 16:57:59,855 - BatteryGuard - ERROR - خطأ في قراءة صحة البطارية: [Errno 2] No such file or directory: '/sys/class/power_supply/BAT0/energy_full_design'
2025-10-05 16:58:01,854 - BatteryGuard - ERROR - خطأ في قراءة صحة البطارية: [Errno 2] No such file or directory: '/sys/class/power_supply/BAT0/energy_full_design'
2025-10-05 16:58:03,856 - BatteryGuard - ERROR - خطأ في قراءة صحة البطارية: [Errno 2] No such file or directory: '/sys/class/power_supply/BAT0/energy_full_design'
2025-10-05 16:58:05,858 - BatteryGuard - ERROR - خطأ في قراءة صحة البطارية: [Errno 2] No such file or directory: '/sys/class/power_supply/BAT0/energy_full_design'
2025-10-05 16:58:07,860 - BatteryGuard - ERROR - خطأ في قراءة صحة البطارية: [Errno 2] No such file or directory: '/sys/class/power_supply/BAT0/energy_full_design'
2025-10-05 16:58:09,862 - BatteryGuard - ERROR - خطأ في قراءة صحة البطارية: [Errno 2] No such file or directory: '/sys/class/power_supply/BAT0/energy_full_design'
2025-10-05 16:58:11,865 - BatteryGuard - ERROR - خطأ في قراءة صحة البطارية: [Errno 2] No such file or directory: '/sys/class/power_supply/BAT0/energy_full_design'
2025-10-05 16:58:13,866 - BatteryGuard - ERROR - خطأ في قراءة صحة البطارية: [Errno 2] No such file or directory: '/sys/class/power_supply/BAT0/energy_full_design'
2025-10-05 16:58:15,867 - BatteryGuard - ERROR - خطأ في قراءة صحة البطارية: [Errno 2] No such file or directory: '/sys/class/power_supply/BAT0/energy_full_design'
2025-10-05 16:58:17,869 - BatteryGuard - ERROR - خطأ في قراءة صحة البطارية: [Errno 2] No such file or directory: '/sys/class/power_supply/BAT0/energy_full_design'
2025-10-05 16:58:19,871 - BatteryGuard - ERROR - خطأ في قراءة صحة البطارية: [Errno 2] No such file or directory: '/sys/class/power_supply/BAT0/energy_full_design'
2025-10-05 16:58:21,873 - BatteryGuard - ERROR - خطأ في قراءة صحة البطارية: [Errno 2] No such file or directory: '/sys/class/power_supply/BAT0/energy_full_design'
2025-10-05 16:58:23,874 - BatteryGuard - ERROR - خطأ في قراءة صحة البطارية: [Errno 2] No such file or directory: '/sys/class/power_supply/BAT0/energy_full_design'
2025-10-05 16:58:25,877 - BatteryGuard - ERROR - خطأ في قراءة صحة البطارية: [Errno 2] No such file or directory: '/sys/class/power_supply/BAT0/energy_full_design'
2025-10-05 16:58:27,881 - BatteryGuard - ERROR - خطأ في قراءة صحة البطارية: [Errno 2] No such file or directory: '/sys/class/power_supply/BAT0/energy_full_design'
2025-10-05 16:58:29,882 - BatteryGuard - ERROR - خطأ في قراءة صحة البطارية: [Errno 2] No such file or directory: '/sys/class/power_supply/BAT0/energy_full_design'
2025-10-05 16:58:31,884 - BatteryGuard - ERROR - خطأ في قراءة صحة البطارية: [Errno 2] No such file or directory: '/sys/class/power_supply/BAT0/energy_full_design'
2025-10-05 16:58:33,886 - BatteryGuard - ERROR - خطأ في قراءة صحة البطارية: [Errno 2] No such file or directory: '/sys/class/power_supply/BAT0/energy_full_design'
2025-10-05 16:58:35,888 - BatteryGuard - ERROR - خطأ في قراءة صحة البطارية: [Errno 2] No such file or directory: '/sys/class/power_supply/BAT0/energy_full_design'
2025-10-05 16:58:37,891 - BatteryGuard - ERROR - خطأ في قراءة صحة البطارية: [Errno 2] No such file or directory: '/sys/class/power_supply/BAT0/energy_full_design'
2025-10-05 16:58:39,892 - BatteryGuard - ERROR - خطأ في قراءة صحة البطارية: [Errno 2] No such file or directory: '/sys/class/power_supply/BAT0/energy_full_design'
2025-10-05 16:58:41,895 - BatteryGuard - ERROR - خطأ في قراءة صحة البطارية: [Errno 2] No such file or directory: '/sys/class/power_supply/BAT0/energy_full_design'
2025-10-05 16:58:43,897 - BatteryGuard - ERROR - خطأ في قراءة صحة البطارية: [Errno 2] No such file or directory: '/sys/class/power_supply/BAT0/energy_full_design'
2025-10-05 16:58:45,901 - BatteryGuard - ERROR - خطأ في قراءة صحة البطارية: [Errno 2] No such file or directory: '/sys/class/power_supply/BAT0/energy_full_design'
2025-10-05 16:58:47,912 - BatteryGuard - ERROR - خطأ في قراءة صحة البطارية: [Errno 2] No such file or directory: '/sys/class/power_supply/BAT0/energy_full_design'
2025-10-05 16:58:49,913 - BatteryGuard - ERROR - خطأ في قراءة صحة البطارية: [Errno 2] No such file or directory: '/sys/class/power_supply/BAT0/energy_full_design'
2025-10-05 16:58:51,913 - BatteryGuard - ERROR - خطأ في قراءة صحة البطارية: [Errno 2] No such file or directory: '/sys/class/power_supply/BAT0/energy_full_design'
2025-10-05 16:58:53,916 - BatteryGuard - ERROR - خطأ في قراءة صحة البطارية: [Errno 2] No such file or directory: '/sys/class/power_supply/BAT0/energy_full_design'
2025-10-05 16:58:55,917 - BatteryGuard - ERROR - خطأ في قراءة صحة البطارية: [Errno 2] No such file or directory: '/sys/class/power_supply/BAT0/energy_full_design'
2025-10-05 16:58:57,919 - BatteryGuard - ERROR - خطأ في قراءة صحة البطارية: [Errno 2] No such file or directory: '/sys/class/power_supply/BAT0/energy_full_design'
2025-10-05 16:58:59,922 - BatteryGuard - ERROR - خطأ في قراءة صحة البطارية: [Errno 2] No such file or directory: '/sys/class/power_supply/BAT0/energy_full_design'
2025-10-05 16:59:01,923 - BatteryGuard - ERROR - خطأ في قراءة صحة البطارية: [Errno 2] No such file or directory: '/sys/class/power_supply/BAT0/energy_full_design'
2025-10-05 16:59:03,925 - BatteryGuard - ERROR - خطأ في قراءة صحة البطارية: [Errno 2] No such file or directory: '/sys/class/power_supply/BAT0/energy_full_design'
2025-10-05 16:59:05,927 - BatteryGuard - ERROR - خطأ في قراءة صحة البطارية: [Errno 2] No such file or directory: '/sys/class/power_supply/BAT0/energy_full_design'
2025-10-05 16:59:07,929 - BatteryGuard - ERROR - خطأ في قراءة صحة البطارية: [Errno 2] No such file or directory: '/sys/class/power_supply/BAT0/energy_full_design'
2025-10-05 16:59:09,931 - BatteryGuard - ERROR - خطأ في قراءة صحة البطارية: [Errno 2] No such file or directory: '/sys/class/power_supply/BAT0/energy_full_design'
2025-10-05 16:59:11,933 - BatteryGuard - ERROR - خطأ في قراءة صحة البطارية: [Errno 2] No such file or directory: '/sys/class/power_supply/BAT0/energy_full_design'
2025-10-05 16:59:13,936 - BatteryGuard - ERROR - خطأ في قراءة صحة البطارية: [Errno 2] No such file or directory: '/sys/class/power_supply/BAT0/energy_full_design'
2025-10-05 16:59:15,939 - BatteryGuard - ERROR - خطأ في قراءة صحة البطارية: [Errno 2] No such file or directory: '/sys/class/power_supply/BAT0/energy_full_design'
2025-10-05 16:59:17,940 - BatteryGuard - ERROR - خطأ في قراءة صحة البطارية: [Errno 2] No such file or directory: '/sys/class/power_supply/BAT0/energy_full_design'
2025-10-05 16:59:19,942 - BatteryGuard - ERROR - خطأ في قراءة صحة البطارية: [Errno 2] No such file or directory: '/sys/class/power_supply/BAT0/energy_full_design'
2025-10-05 16:59:21,944 - BatteryGuard - ERROR - خطأ في قراءة صحة البطارية: [Errno 2] No such file or directory: '/sys/class/power_supply/BAT0/energy_full_design'
2025-10-05 16:59:23,945 - BatteryGuard - ERROR - خطأ في قراءة صحة البطارية: [Errno 2] No such file or directory: '/sys/class/power_supply/BAT0/energy_full_design'
2025-10-05 16:59:25,948 - BatteryGuard - ERROR - خطأ في قراءة صحة البطارية: [Errno 2] No such file or directory: '/sys/class/power_supply/BAT0/energy_full_design'
2025-10-05 16:59:27,953 - BatteryGuard - ERROR - خطأ في قراءة صحة البطارية: [Errno 2] No such file or directory: '/sys/class/power_supply/BAT0/energy_full_design'
2025-10-05 16:59:29,955 - BatteryGuard - ERROR - خطأ في قراءة صحة البطارية: [Errno 2] No such file or directory: '/sys/class/power_supply/BAT0/energy_full_design'
2025-10-05 16:59:31,957 - BatteryGuard - ERROR - خطأ في قراءة صحة البطارية: [Errno 2] No such file or directory: '/sys/class/power_supply/BAT0/energy_full_design'
2025-10-05 16:59:33,959 - BatteryGuard - ERROR - خطأ في قراءة صحة البطارية: [Errno 2] No such file or directory: '/sys/class/power_supply/BAT0/energy_full_design'
2025-10-05 16:59:35,961 - BatteryGuard - ERROR - خطأ في قراءة صحة البطارية: [Errno 2] No such file or directory: '/sys/class/power_supply/BAT0/energy_full_design'
2025-10-05 16:59:37,963 - BatteryGuard - ERROR - خطأ في قراءة صحة البطارية: [Errno 2] No such file or directory: '/sys/class/power_supply/BAT0/energy_full_design'
2025-10-05 16:59:39,966 - BatteryGuard - ERROR - خطأ في قراءة صحة البطارية: [Errno 2] No such file or directory: '/sys/class/power_supply/BAT0/energy_full_design'
2025-10-05 16:59:41,968 - BatteryGuard - ERROR - خطأ في قراءة صحة البطارية: [Errno 2] No such file or directory: '/sys/class/power_supply/BAT0/energy_full_design'
2025-10-05 16:59:43,969 - BatteryGuard - ERROR - خطأ في قراءة صحة البطارية: [Errno 2] No such file or directory: '/sys/class/power_supply/BAT0/energy_full_design'
2025-10-05 16:59:45,972 - BatteryGuard - ERROR - خطأ في قراءة صحة البطارية: [Errno 2] No such file or directory: '/sys/class/power_supply/BAT0/energy_full_design'
2025-10-05 16:59:47,974 - BatteryGuard - ERROR - خطأ في قراءة صحة البطارية: [Errno 2] No such file or directory: '/sys/class/power_supply/BAT0/energy_full_design'
2025-10-05 16:59:49,975 - BatteryGuard - ERROR - خطأ في قراءة صحة البطارية: [Errno 2] No such file or directory: '/sys/class/power_supply/BAT0/energy_full_design'
2025-10-05 16:59:51,978 - BatteryGuard - ERROR - خطأ في قراءة صحة البطارية: [Errno 2] No such file or directory: '/sys/class/power_supply/BAT0/energy_full_design'
2025-10-05 16:59:53,979 - BatteryGuard - ERROR - خطأ في قراءة صحة البطارية: [Errno 2] No such file or directory: '/sys/class/power_supply/BAT0/energy_full_design'
2025-10-05 16:59:55,982 - BatteryGuard - ERROR - خطأ في قراءة صحة البطارية: [Errno 2] No such file or directory: '/sys/class/power_supply/BAT0/energy_full_design'
2025-10-05 16:59:57,984 - BatteryGuard - ERROR - خطأ في قراءة صحة البطارية: [Errno 2] No such file or directory: '/sys/class/power_supply/BAT0/energy_full_design'
2025-10-05 16:59:59,984 - BatteryGuard - ERROR - خطأ في قراءة صحة البطارية: [Errno 2] No such file or directory: '/sys/class/power_supply/BAT0/energy_full_design'
2025-10-05 17:00:01,985 - BatteryGuard - ERROR - خطأ في قراءة صحة البطارية: [Errno 2] No such file or directory: '/sys/class/power_supply/BAT0/energy_full_design'
2025-10-05 17:00:03,989 - BatteryGuard - ERROR - خطأ في قراءة صحة البطارية: [Errno 2] No such file or directory: '/sys/class/power_supply/BAT0/energy_full_design'
2025-10-05 17:00:05,993 - BatteryGuard - ERROR - خطأ في قراءة صحة البطارية: [Errno 2] No such file or directory: '/sys/class/power_supply/BAT0/energy_full_design'
2025-10-05 17:00:07,995 - BatteryGuard - ERROR - خطأ في قراءة صحة البطارية: [Errno 2] No such file or directory: '/sys/class/power_supply/BAT0/energy_full_design'
2025-10-05 17:00:09,994 - BatteryGuard - ERROR - خطأ في قراءة صحة البطارية: [Errno 2] No such file or directory: '/sys/class/power_supply/BAT0/energy_full_design'
2025-10-05 17:00:11,997 - BatteryGuard - ERROR - خطأ في قراءة صحة البطارية: [Errno 2] No such file or directory: '/sys/class/power_supply/BAT0/energy_full_design'
2025-10-05 17:00:14,001 - BatteryGuard - ERROR - خطأ في قراءة صحة البطارية: [Errno 2] No such file or directory: '/sys/class/power_supply/BAT0/energy_full_design'
2025-10-05 17:00:16,004 - BatteryGuard - ERROR - خطأ في قراءة صحة البطارية: [Errno 2] No such file or directory: '/sys/class/power_supply/BAT0/energy_full_design'
2025-10-05 17:00:18,008 - BatteryGuard - ERROR - خطأ في قراءة صحة البطارية: [Errno 2] No such file or directory: '/sys/class/power_supply/BAT0/energy_full_design'
2025-10-05 17:00:20,010 - BatteryGuard - ERROR - خطأ في قراءة صحة البطارية: [Errno 2] No such file or directory: '/sys/class/power_supply/BAT0/energy_full_design'
2025-10-05 17:00:22,010 - BatteryGuard - ERROR - خطأ في قراءة صحة البطارية: [Errno 2] No such file or directory: '/sys/class/power_supply/BAT0/energy_full_design'
2025-10-05 17:00:24,012 - BatteryGuard - ERROR - خطأ في قراءة صحة البطارية: [Errno 2] No such file or directory: '/sys/class/power_supply/BAT0/energy_full_design'
2025-10-05 17:00:26,012 - BatteryGuard - ERROR - خطأ في قراءة صحة البطارية: [Errno 2] No such file or directory: '/sys/class/power_supply/BAT0/energy_full_design'
2025-10-05 17:00:28,013 - BatteryGuard - ERROR - خطأ في قراءة صحة البطارية: [Errno 2] No such file or directory: '/sys/class/power_supply/BAT0/energy_full_design'
2025-10-05 17:00:30,013 - BatteryGuard - ERROR - خطأ في قراءة صحة البطارية: [Errno 2] No such file or directory: '/sys/class/power_supply/BAT0/energy_full_design'
2025-10-05 17:00:32,019 - BatteryGuard - ERROR - خطأ في قراءة صحة البطارية: [Errno 2] No such file or directory: '/sys/class/power_supply/BAT0/energy_full_design'
2025-10-05 17:00:34,021 - BatteryGuard - ERROR - خطأ في قراءة صحة البطارية: [Errno 2] No such file or directory: '/sys/class/power_supply/BAT0/energy_full_design'
2025-10-05 17:00:36,025 - BatteryGuard - ERROR - خطأ في قراءة صحة البطارية: [Errno 2] No such file or directory: '/sys/class/power_supply/BAT0/energy_full_design'
2025-10-05 17:00:38,028 - BatteryGuard - ERROR - خطأ في قراءة صحة البطارية: [Errno 2] No such file or directory: '/sys/class/power_supply/BAT0/energy_full_design'
2025-10-05 17:00:40,026 - BatteryGuard - ERROR - خطأ في قراءة صحة البطارية: [Errno 2] No such file or directory: '/sys/class/power_supply/BAT0/energy_full_design'
2025-10-05 17:00:42,029 - BatteryGuard - ERROR - خطأ في قراءة صحة البطارية: [Errno 2] No such file or directory: '/sys/class/power_supply/BAT0/energy_full_design'
2025-10-05 17:00:44,029 - BatteryGuard - ERROR - خطأ في قراءة صحة البطارية: [Errno 2] No such file or directory: '/sys/class/power_supply/BAT0/energy_full_design'
2025-10-05 17:00:46,034 - BatteryGuard - ERROR - خطأ في قراءة صحة البطارية: [Errno 2] No such file or directory: '/sys/class/power_supply/BAT0/energy_full_design'
2025-10-05 17:00:48,035 - BatteryGuard - ERROR - خطأ في قراءة صحة البطارية: [Errno 2] No such file or directory: '/sys/class/power_supply/BAT0/energy_full_design'
2025-10-05 17:00:50,036 - BatteryGuard - ERROR - خطأ في قراءة صحة البطارية: [Errno 2] No such file or directory: '/sys/class/power_supply/BAT0/energy_full_design'
2025-10-05 17:00:52,038 - BatteryGuard - ERROR - خطأ في قراءة صحة البطارية: [Errno 2] No such file or directory: '/sys/class/power_supply/BAT0/energy_full_design'
2025-10-05 17:00:54,040 - BatteryGuard - ERROR - خطأ في قراءة صحة البطارية: [Errno 2] No such file or directory: '/sys/class/power_supply/BAT0/energy_full_design'
2025-10-05 17:00:56,042 - BatteryGuard - ERROR - خطأ في قراءة صحة البطارية: [Errno 2] No such file or directory: '/sys/class/power_supply/BAT0/energy_full_design'
2025-10-05 17:00:58,042 - BatteryGuard - ERROR - خطأ في قراءة صحة البطارية: [Errno 2] No such file or directory: '/sys/class/power_supply/BAT0/energy_full_design'
2025-10-05 17:01:00,050 - BatteryGuard - ERROR - خطأ في قراءة صحة البطارية: [Errno 2] No such file or directory: '/sys/class/power_supply/BAT0/energy_full_design'
2025-10-05 17:01:02,047 - BatteryGuard - ERROR - خطأ في قراءة صحة البطارية: [Errno 2] No such file or directory: '/sys/class/power_supply/BAT0/energy_full_design'
2025-10-05 17:01:04,050 - BatteryGuard - ERROR - خطأ في قراءة صحة البطارية: [Errno 2] No such file or directory: '/sys/class/power_supply/BAT0/energy_full_design'
2025-10-05 17:01:06,054 - BatteryGuard - ERROR - خطأ في قراءة صحة البطارية: [Errno 2] No such file or directory: '/sys/class/power_supply/BAT0/energy_full_design'
2025-10-05 17:01:08,056 - BatteryGuard - ERROR - خطأ في قراءة صحة البطارية: [Errno 2] No such file or directory: '/sys/class/power_supply/BAT0/energy_full_design'
2025-10-05 17:01:10,057 - BatteryGuard - ERROR - خطأ في قراءة صحة البطارية: [Errno 2] No such file or directory: '/sys/class/power_supply/BAT0/energy_full_design'
2025-10-05 17:01:12,059 - BatteryGuard - ERROR - خطأ في قراءة صحة البطارية: [Errno 2] No such file or directory: '/sys/class/power_supply/BAT0/energy_full_design'
2025-10-05 17:01:14,062 - BatteryGuard - ERROR - خطأ في قراءة صحة البطارية: [Errno 2] No such file or directory: '/sys/class/power_supply/BAT0/energy_full_design'
2025-10-05 17:01:16,062 - BatteryGuard - ERROR - خطأ في قراءة صحة البطارية: [Errno 2] No such file or directory: '/sys/class/power_supply/BAT0/energy_full_design'
2025-10-05 17:01:18,063 - BatteryGuard - ERROR - خطأ في قراءة صحة البطارية: [Errno 2] No such file or directory: '/sys/class/power_supply/BAT0/energy_full_design'
2025-10-05 17:01:20,065 - BatteryGuard - ERROR - خطأ في قراءة صحة البطارية: [Errno 2] No such file or directory: '/sys/class/power_supply/BAT0/energy_full_design'
2025-10-05 17:01:22,068 - BatteryGuard - ERROR - خطأ في قراءة صحة البطارية: [Errno 2] No such file or directory: '/sys/class/power_supply/BAT0/energy_full_design'
2025-10-05 17:01:24,070 - BatteryGuard - ERROR - خطأ في قراءة صحة البطارية: [Errno 2] No such file or directory: '/sys/class/power_supply/BAT0/energy_full_design'
2025-10-05 17:01:26,075 - BatteryGuard - ERROR - خطأ في قراءة صحة البطارية: [Errno 2] No such file or directory: '/sys/class/power_supply/BAT0/energy_full_design'
2025-10-05 17:01:28,077 - BatteryGuard - ERROR - خطأ في قراءة صحة البطارية: [Errno 2] No such file or directory: '/sys/class/power_supply/BAT0/energy_full_design'
2025-10-05 17:01:30,078 - BatteryGuard - ERROR - خطأ في قراءة صحة البطارية: [Errno 2] No such file or directory: '/sys/class/power_supply/BAT0/energy_full_design'
2025-10-05 17:01:32,081 - BatteryGuard - ERROR - خطأ في قراءة صحة البطارية: [Errno 2] No such file or directory: '/sys/class/power_supply/BAT0/energy_full_design'
2025-10-05 17:01:34,083 - BatteryGuard - ERROR - خطأ في قراءة صحة البطارية: [Errno 2] No such file or directory: '/sys/class/power_supply/BAT0/energy_full_design'
2025-10-05 17:01:36,083 - BatteryGuard - ERROR - خطأ في قراءة صحة البطارية: [Errno 2] No such file or directory: '/sys/class/power_supply/BAT0/energy_full_design'
2025-10-05 17:01:38,087 - BatteryGuard - ERROR - خطأ في قراءة صحة البطارية: [Errno 2] No such file or directory: '/sys/class/power_supply/BAT0/energy_full_design'
2025-10-05 17:01:40,089 - BatteryGuard - ERROR - خطأ في قراءة صحة البطارية: [Errno 2] No such file or directory: '/sys/class/power_supply/BAT0/energy_full_design'
2025-10-05 17:01:42,091 - BatteryGuard - ERROR - خطأ في قراءة صحة البطارية: [Errno 2] No such file or directory: '/sys/class/power_supply/BAT0/energy_full_design'
2025-10-05 17:01:44,093 - BatteryGuard - ERROR - خطأ في قراءة صحة البطارية: [Errno 2] No such file or directory: '/sys/class/power_supply/BAT0/energy_full_design'
2025-10-05 17:01:46,094 - BatteryGuard - ERROR - خطأ في قراءة صحة البطارية: [Errno 2] No such file or directory: '/sys/class/power_supply/BAT0/energy_full_design'
2025-10-05 17:01:48,097 - BatteryGuard - ERROR - خطأ في قراءة صحة البطارية: [Errno 2] No such file or directory: '/sys/class/power_supply/BAT0/energy_full_design'
2025-10-05 17:01:50,101 - BatteryGuard - ERROR - خطأ في قراءة صحة البطارية: [Errno 2] No such file or directory: '/sys/class/power_supply/BAT0/energy_full_design'
2025-10-05 17:01:52,103 - BatteryGuard - ERROR - خطأ في قراءة صحة البطارية: [Errno 2] No such file or directory: '/sys/class/power_supply/BAT0/energy_full_design'
2025-10-05 17:01:54,104 - BatteryGuard - ERROR - خطأ في قراءة صحة البطارية: [Errno 2] No such file or directory: '/sys/class/power_supply/BAT0/energy_full_design'
2025-10-05 17:01:56,106 - BatteryGuard - ERROR - خطأ في قراءة صحة البطارية: [Errno 2] No such file or directory: '/sys/class/power_supply/BAT0/energy_full_design'
2025-10-05 17:01:58,108 - BatteryGuard - ERROR - خطأ في قراءة صحة البطارية: [Errno 2] No such file or directory: '/sys/class/power_supply/BAT0/energy_full_design'
2025-10-05 17:02:00,110 - BatteryGuard - ERROR - خطأ في قراءة صحة البطارية: [Errno 2] No such file or directory: '/sys/class/power_supply/BAT0/energy_full_design'
2025-10-05 17:02:02,111 - BatteryGuard - ERROR - خطأ في قراءة صحة البطارية: [Errno 2] No such file or directory: '/sys/class/power_supply/BAT0/energy_full_design'
2025-10-05 17:02:04,114 - BatteryGuard - ERROR - خطأ في قراءة صحة البطارية: [Errno 2] No such file or directory: '/sys/class/power_supply/BAT0/energy_full_design'
2025-10-05 17:02:06,115 - BatteryGuard - ERROR - خطأ في قراءة صحة البطارية: [Errno 2] No such file or directory: '/sys/class/power_supply/BAT0/energy_full_design'
2025-10-05 17:02:08,117 - BatteryGuard - ERROR - خطأ في قراءة صحة البطارية: [Errno 2] No such file or directory: '/sys/class/power_supply/BAT0/energy_full_design'
2025-10-05 17:02:10,119 - BatteryGuard - ERROR - خطأ في قراءة صحة البطارية: [Errno 2] No such file or directory: '/sys/class/power_supply/BAT0/energy_full_design'
2025-10-05 17:02:12,122 - BatteryGuard - ERROR - خطأ في قراءة صحة البطارية: [Errno 2] No such file or directory: '/sys/class/power_supply/BAT0/energy_full_design'
2025-10-05 17:02:14,124 - BatteryGuard - ERROR - خطأ في قراءة صحة البطارية: [Errno 2] No such file or directory: '/sys/class/power_supply/BAT0/energy_full_design'
2025-10-05 17:02:16,125 - BatteryGuard - ERROR - خطأ في قراءة صحة البطارية: [Errno 2] No such file or directory: '/sys/class/power_supply/BAT0/energy_full_design'
2025-10-05 17:02:18,127 - BatteryGuard - ERROR - خطأ في قراءة صحة البطارية: [Errno 2] No such file or directory: '/sys/class/power_supply/BAT0/energy_full_design'
2025-10-05 17:02:20,130 - BatteryGuard - ERROR - خطأ في قراءة صحة البطارية: [Errno 2] No such file or directory: '/sys/class/power_supply/BAT0/energy_full_design'
2025-10-05 17:02:22,131 - BatteryGuard - ERROR - خطأ في قراءة صحة البطارية: [Errno 2] No such file or directory: '/sys/class/power_supply/BAT0/energy_full_design'
2025-10-05 17:02:24,132 - BatteryGuard - ERROR - خطأ في قراءة صحة البطارية: [Errno 2] No such file or directory: '/sys/class/power_supply/BAT0/energy_full_design'
2025-10-05 17:02:26,135 - BatteryGuard - ERROR - خطأ في قراءة صحة البطارية: [Errno 2] No such file or directory: '/sys/class/power_supply/BAT0/energy_full_design'
2025-10-05 17:02:28,138 - BatteryGuard - ERROR - خطأ في قراءة صحة البطارية: [Errno 2] No such file or directory: '/sys/class/power_supply/BAT0/energy_full_design'
2025-10-05 17:02:30,139 - BatteryGuard - ERROR - خطأ في قراءة صحة البطارية: [Errno 2] No such file or directory: '/sys/class/power_supply/BAT0/energy_full_design'
2025-10-05 17:02:32,142 - BatteryGuard - ERROR - خطأ في قراءة صحة البطارية: [Errno 2] No such file or directory: '/sys/class/power_supply/BAT0/energy_full_design'
2025-10-05 17:02:33,997 - BatteryGuard - INFO - إيقاف البرنامج...
2025-10-05 17:02:39,527 - BatteryGuard - INFO - تم بدء المراقبة بنجاح
2025-10-05 17:02:39,566 - BatteryGuard - INFO - تم تشغيل BatteryGuard Pro بنجاح
2025-10-05 17:02:39,728 - BatteryGuard - INFO - إشعار: ✓ اكتمل الشحن الأمثل - البطارية عند 82%. يمكن فصل الشاحن للحفاظ على عمر البطارية.
2025-10-05 17:02:39,728 - BatteryGuard - INFO - ✓ اكتمل الشحن الأمثل: البطارية عند 82%. يمكن فصل الشاحن للحفاظ على عمر البطارية.
2025-10-05 17:12:40,354 - BatteryGuard - INFO - إشعار: ✓ اكتمل الشحن الأمثل - البطارية عند 82%. يمكن فصل الشاحن للحفاظ على عمر البطارية.
2025-10-05 17:12:40,354 - BatteryGuard - INFO - ✓ اكتمل الشحن الأمثل: البطارية عند 82%. يمكن فصل الشاحن للحفاظ على عمر البطارية.
2025-10-05 17:22:41,130 - BatteryGuard - INFO - إشعار: ✓ اكتمل الشحن الأمثل - البطارية عند 82%. يمكن فصل الشاحن للحفاظ على عمر البطارية.
2025-10-05 17:22:41,131 - BatteryGuard - INFO - ✓ اكتمل الشحن الأمثل: البطارية عند 82%. يمكن فصل الشاحن للحفاظ على عمر البطارية.
2025-10-05 17:28:01,157 - BatteryGuard - INFO - إيقاف البرنامج...
2025-10-05 17:36:25,366 - BatteryGuard - INFO - تم بدء المراقبة بنجاح
2025-10-05 17:36:25,410 - BatteryGuard - INFO - تم تشغيل BatteryGuard Pro بنجاح
2025-10-05 17:36:25,536 - BatteryGuard - INFO - إشعار: ✓ اكتمل الشحن الأمثل - البطارية عند 82%. يمكن فصل الشاحن للحفاظ على عمر البطارية.
2025-10-05 17:36:25,536 - BatteryGuard - INFO - ✓ اكتمل الشحن الأمثل: البطارية عند 82%. يمكن فصل الشاحن للحفاظ على عمر البطارية.
2025-10-05 17:37:36,854 - BatteryGuard - INFO - إيقاف البرنامج...
2025-10-05 17:39:00,152 - BatteryGuard - INFO - تم بدء المراقبة بنجاح
2025-10-05 17:39:00,202 - BatteryGuard - INFO - تم تشغيل BatteryGuard Pro بنجاح
2025-10-05 17:39:00,327 - BatteryGuard - INFO - إشعار: ✓ اكتمل الشحن الأمثل - البطارية عند 82%. يمكن فصل الشاحن للحفاظ على عمر البطارية.
2025-10-05 17:39:00,328 - BatteryGuard - INFO - ✓ اكتمل الشحن الأمثل: البطارية عند 82%. يمكن فصل الشاحن للحفاظ على عمر البطارية.
2025-10-05 17:42:31,479 - BatteryGuard - INFO - إيقاف البرنامج...
2025-10-05 17:42:34,944 - BatteryGuard - INFO - تم بدء المراقبة بنجاح
2025-10-05 17:42:34,995 - BatteryGuard - INFO - تم تشغيل BatteryGuard Pro بنجاح
2025-10-05 17:42:35,124 - BatteryGuard - INFO - إشعار: ✓ اكتمل الشحن الأمثل - البطارية عند 82%. يمكن فصل الشاحن للحفاظ على عمر البطارية.
2025-10-05 17:42:35,124 - BatteryGuard - INFO - ✓ اكتمل الشحن الأمثل: البطارية عند 82%. يمكن فصل الشاحن للحفاظ على عمر البطارية.
2025-10-05 17:43:49,771 - BatteryGuard - INFO - تم إعادة تعيين بيانات الذكاء الاصطناعي
2025-10-05 17:43:51,946 - BatteryGuard - INFO - تم إعادة تعيين بيانات الذكاء الاصطناعي
2025-10-05 17:45:53,894 - BatteryGuard - INFO - إيقاف البرنامج...
2025-10-05 17:45:58,347 - BatteryGuard - INFO - تم بدء المراقبة بنجاح
2025-10-05 17:45:58,406 - BatteryGuard - INFO - تم تشغيل BatteryGuard Pro بنجاح
2025-10-05 17:45:58,536 - BatteryGuard - INFO - إشعار: ✓ اكتمل الشحن الأمثل - البطارية عند 82%. يمكن فصل الشاحن للحفاظ على عمر البطارية.
2025-10-05 17:45:58,537 - BatteryGuard - INFO - ✓ اكتمل الشحن الأمثل: البطارية عند 82%. يمكن فصل الشاحن للحفاظ على عمر البطارية.
2025-10-05 17:48:33,808 - BatteryGuard - INFO - إيقاف البرنامج...
2025-10-05 17:48:37,239 - BatteryGuard - INFO - تم بدء المراقبة بنجاح
2025-10-05 17:48:37,303 - BatteryGuard - INFO - تم تشغيل BatteryGuard Pro بنجاح
2025-10-05 17:48:37,430 - BatteryGuard - INFO - إشعار: ✓ اكتمل الشحن الأمثل - البطارية عند 82%. يمكن فصل الشاحن للحفاظ على عمر البطارية.
2025-10-05 17:48:37,431 - BatteryGuard - INFO - ✓ اكتمل الشحن الأمثل: البطارية عند 82%. يمكن فصل الشاحن للحفاظ على عمر البطارية.
2025-10-05 17:58:38,101 - BatteryGuard - INFO - إشعار: ✓ اكتمل الشحن الأمثل - البطارية عند 82%. يمكن فصل الشاحن للحفاظ على عمر البطارية.
2025-10-05 17:58:38,101 - BatteryGuard - INFO - ✓ اكتمل الشحن الأمثل: البطارية عند 82%. يمكن فصل الشاحن للحفاظ على عمر البطارية.
2025-10-05 18:08:39,732 - BatteryGuard - INFO - إشعار: ✓ اكتمل الشحن الأمثل - البطارية عند 82%. يمكن فصل الشاحن للحفاظ على عمر البطارية.
2025-10-05 18:08:39,732 - BatteryGuard - INFO - ✓ اكتمل الشحن الأمثل: البطارية عند 82%. يمكن فصل الشاحن للحفاظ على عمر البطارية.
2025-10-05 18:54:42,732 - BatteryGuard - INFO - إشعار: ✓ اكتمل الشحن الأمثل - البطارية عند 82%. يمكن فصل الشاحن للحفاظ على عمر البطارية.
2025-10-05 18:54:42,734 - BatteryGuard - INFO - ✓ اكتمل الشحن الأمثل: البطارية عند 82%. يمكن فصل الشاحن للحفاظ على عمر البطارية.
2025-10-05 18:58:30,324 - BatteryGuard - INFO - إيقاف البرنامج...
2025-10-05 18:58:46,224 - BatteryGuard - INFO - تم بدء المراقبة بنجاح
2025-10-05 18:58:46,276 - BatteryGuard - INFO - تم تشغيل BatteryGuard Pro بنجاح
2025-10-05 18:58:46,420 - BatteryGuard - INFO - إشعار: ✓ اكتمل الشحن الأمثل - البطارية عند 82%. يمكن فصل الشاحن للحفاظ على عمر البطارية.
2025-10-05 18:58:46,421 - BatteryGuard - INFO - ✓ اكتمل الشحن الأمثل: البطارية عند 82%. يمكن فصل الشاحن للحفاظ على عمر البطارية.
2025-10-05 19:04:52,048 - BatteryGuard - INFO - إيقاف البرنامج...
2025-10-05 19:05:00,239 - BatteryGuard - INFO - تم بدء المراقبة بنجاح
2025-10-05 19:05:00,287 - BatteryGuard - INFO - تم تشغيل BatteryGuard Pro بنجاح
2025-10-05 19:05:00,436 - BatteryGuard - INFO - إشعار: ✓ اكتمل الشحن الأمثل - البطارية عند 82%. يمكن فصل الشاحن للحفاظ على عمر البطارية.
2025-10-05 19:05:00,437 - BatteryGuard - INFO - ✓ اكتمل الشحن الأمثل: البطارية عند 82%. يمكن فصل الشاحن للحفاظ على عمر البطارية.
2025-10-05 19:08:24,511 - BatteryGuard - INFO - إيقاف البرنامج...
2025-10-05 19:08:28,911 - BatteryGuard - INFO - تم بدء المراقبة بنجاح
2025-10-05 19:08:28,936 - BatteryGuard - INFO - تم تشغيل BatteryGuard Pro بنجاح
2025-10-05 19:08:29,070 - BatteryGuard - INFO - إشعار: ✓ اكتمل الشحن الأمثل - البطارية عند 82%. يمكن فصل الشاحن للحفاظ على عمر البطارية.
2025-10-05 19:08:29,070 - BatteryGuard - INFO - ✓ اكتمل الشحن الأمثل: البطارية عند 82%. يمكن فصل الشاحن للحفاظ على عمر البطارية.
2025-10-05 19:11:57,463 - BatteryGuard - INFO - إيقاف البرنامج...
2025-10-05 19:13:46,932 - BatteryGuard - INFO - تم بدء المراقبة بنجاح
2025-10-05 19:13:46,968 - BatteryGuard - INFO - تم تشغيل BatteryGuard Pro بنجاح
2025-10-05 19:14:31,927 - BatteryGuard - INFO - إيقاف البرنامج...
2025-10-05 19:15:08,808 - BatteryGuard - INFO - تم بدء المراقبة بنجاح
2025-10-05 19:15:08,857 - BatteryGuard - INFO - تم تشغيل BatteryGuard Pro بنجاح
2025-10-05 19:16:59,824 - BatteryGuard - INFO - إيقاف البرنامج...
2025-10-05 19:17:01,050 - BatteryGuard - INFO - إيقاف البرنامج...
2025-10-05 19:17:05,469 - BatteryGuard - INFO - تم بدء المراقبة بنجاح
2025-10-05 19:17:05,501 - BatteryGuard - INFO - تم تشغيل BatteryGuard Pro بنجاح
2025-10-05 19:18:00,236 - BatteryGuard - INFO - إيقاف البرنامج...
2025-10-05 19:18:05,215 - BatteryGuard - INFO - تم بدء المراقبة بنجاح
2025-10-05 19:18:05,247 - BatteryGuard - INFO - تم تشغيل BatteryGuard Pro بنجاح
2025-10-05 19:18:15,630 - BatteryGuard - INFO - إيقاف البرنامج...
2025-10-05 19:18:20,274 - BatteryGuard - INFO - تم بدء المراقبة بنجاح
2025-10-05 19:18:20,325 - BatteryGuard - INFO - تم تشغيل BatteryGuard Pro بنجاح
2025-10-05 19:20:14,922 - BatteryGuard - INFO - إيقاف البرنامج...
2025-10-05 19:20:46,392 - BatteryGuard - INFO - تم بدء المراقبة بنجاح
2025-10-05 19:20:46,509 - BatteryGuard - INFO - تم تشغيل BatteryGuard Pro بنجاح
2025-10-05 19:21:59,989 - BatteryGuard - INFO - إيقاف البرنامج...
2025-10-05 19:22:03,756 - BatteryGuard - INFO - تم بدء المراقبة بنجاح
2025-10-05 19:22:03,796 - BatteryGuard - INFO - تم تشغيل BatteryGuard Pro بنجاح
2025-10-05 19:25:40,640 - BatteryGuard - INFO - إيقاف البرنامج...
2025-10-05 19:25:45,335 - BatteryGuard - INFO - تم بدء المراقبة بنجاح
2025-10-05 19:25:45,375 - BatteryGuard - INFO - تم تشغيل BatteryGuard Pro بنجاح
2025-10-05 19:38:31,421 - BatteryGuard - INFO - إيقاف البرنامج...
2025-10-05 19:38:35,218 - BatteryGuard - INFO - تم بدء المراقبة بنجاح
2025-10-05 19:38:35,286 - BatteryGuard - INFO - تم تشغيل BatteryGuard Pro بنجاح
2025-10-05 19:47:22,268 - BatteryGuard - INFO - إيقاف البرنامج...
2025-10-05 19:47:27,012 - BatteryGuard - INFO - تم بدء المراقبة بنجاح
2025-10-05 19:47:27,082 - BatteryGuard - INFO - تم تشغيل BatteryGuard Pro بنجاح
2025-10-05 19:48:00,445 - BatteryGuard - INFO - تم تحسين البطارية - توفير متوقع 19%
2025-10-05 19:53:00,786 - BatteryGuard - INFO - إيقاف البرنامج...
2025-10-05 19:53:04,490 - BatteryGuard - INFO - تم بدء المراقبة بنجاح
2025-10-05 19:53:04,552 - BatteryGuard - INFO - تم تشغيل BatteryGuard Pro بنجاح
2025-10-05 19:53:26,399 - BatteryGuard - INFO - تم تحسين البطارية - توفير متوقع 22%
2025-10-05 19:54:40,851 - BatteryGuard - INFO - تم تحسين البطارية - توفير متوقع 22%
2025-10-05 20:00:15,533 - BatteryGuard - INFO - إيقاف البرنامج...
2025-10-05 20:00:21,040 - BatteryGuard - INFO - تم بدء المراقبة بنجاح
2025-10-05 20:00:21,173 - BatteryGuard - INFO - تم تشغيل BatteryGuard Pro بنجاح
2025-10-05 20:01:20,977 - BatteryGuard - INFO - إيقاف البرنامج...
2025-10-05 20:11:49,322 - BatteryGuard - INFO - طريقة التحكم المكتشفة: linux_tlp
2025-10-05 20:11:49,711 - BatteryGuard - INFO - تم بدء المراقبة بنجاح
2025-10-05 20:11:49,776 - BatteryGuard - INFO - تم تشغيل BatteryGuard Pro بنجاح
2025-10-05 20:12:37,798 - BatteryGuard - ERROR - TLP control error: Command '['sudo', 'tlp', 'setcharge', '95', '100', 'BAT0']' timed out after 10 seconds
2025-10-05 20:12:37,799 - BatteryGuard - INFO - تم إيقاف التحكم في الشحن
2025-10-05 20:12:37,799 - BatteryGuard - INFO - تم إيقاف التحكم في الشحن
2025-10-05 20:12:37,800 - BatteryGuard - INFO - تم إيقاف التحكم التلقائي في الشحن
2025-10-05 20:12:54,589 - BatteryGuard - ERROR - TLP control error: Command '['sudo', 'tlp', 'setcharge', '75', '80', 'BAT0']' timed out after 10 seconds
2025-10-05 20:12:54,590 - BatteryGuard - WARNING - فشل التفعيل الكامل: فشل TLP - تحقق من التثبيت والصلاحيات
2025-10-05 20:12:54,590 - BatteryGuard - INFO - تفعيل التحكم: تم الحفظ - فشل TLP - تحقق من التثبيت والصلاحيات
2025-10-05 20:14:45,098 - BatteryGuard - ERROR - TLP control error: Command '['sudo', 'tlp', 'setcharge', '75', '80', 'BAT0']' timed out after 10 seconds
2025-10-05 20:14:45,099 - BatteryGuard - WARNING - فشل التفعيل الكامل: فشل TLP - تحقق من التثبيت والصلاحيات
2025-10-05 20:14:45,099 - BatteryGuard - INFO - تفعيل التحكم: تم الحفظ - فشل TLP - تحقق من التثبيت والصلاحيات
2025-10-05 20:16:02,192 - BatteryGuard - INFO - إشعار: 🔋 توصية الشحن - البطارية عند 40%. يُنصح بتوصيل الشاحن للحفاظ على صحة البطارية.
2025-10-05 20:16:02,193 - BatteryGuard - INFO - 🔋 توصية الشحن: البطارية عند 40%. يُنصح بتوصيل الشاحن للحفاظ على صحة البطارية.
2025-10-05 20:16:07,170 - BatteryGuard - INFO - إشعار: ⚡ التحكم في الشحن - الوصول للحد الأدنى (40%)
2025-10-05 20:16:07,171 - BatteryGuard - INFO - ⚡ التحكم في الشحن: الوصول للحد الأدنى (40%)
2025-10-05 20:16:14,182 - BatteryGuard - INFO - إشعار: ⚡ التحكم في الشحن - الوصول للحد الأدنى (40%)
2025-10-05 20:16:14,183 - BatteryGuard - INFO - ⚡ التحكم في الشحن: الوصول للحد الأدنى (40%)
2025-10-05 20:16:21,246 - BatteryGuard - INFO - إشعار: ⚡ التحكم في الشحن - الوصول للحد الأدنى (40%)
2025-10-05 20:16:21,248 - BatteryGuard - INFO - ⚡ التحكم في الشحن: الوصول للحد الأدنى (40%)
2025-10-05 20:16:28,300 - BatteryGuard - INFO - إشعار: ⚡ التحكم في الشحن - الوصول للحد الأدنى (40%)
2025-10-05 20:16:28,304 - BatteryGuard - INFO - ⚡ التحكم في الشحن: الوصول للحد الأدنى (40%)
2025-10-05 20:17:31,855 - BatteryGuard - INFO - إيقاف البرنامج...
2025-10-05 20:25:02,070 - BatteryGuard - INFO - طريقة التحكم المكتشفة: linux_tlp
2025-10-05 20:25:02,494 - BatteryGuard - INFO - تم بدء المراقبة بنجاح
2025-10-05 20:25:02,561 - BatteryGuard - INFO - تم تشغيل BatteryGuard Pro بنجاح
2025-10-05 20:25:18,874 - BatteryGuard - INFO - تم الحصول على صلاحيات sudo بنجاح
2025-10-05 20:27:25,772 - BatteryGuard - INFO - تم تحسين البطارية - توفير متوقع 14%
2025-10-05 20:28:20,289 - BatteryGuard - WARNING - فشل التفعيل الكامل: فشل TLP - تحقق من التثبيت والصلاحيات
2025-10-05 20:28:20,289 - BatteryGuard - INFO - تفعيل التحكم: تم الحفظ - فشل TLP - تحقق من التثبيت والصلاحيات
2025-10-05 20:28:20,296 - BatteryGuard - INFO - تم حفظ الإعدادات - التحكم الكامل غير متاح
2025-10-05 20:28:20,304 - BatteryGuard - INFO - تم حفظ جميع الإعدادات
2025-10-05 20:28:25,706 - BatteryGuard - WARNING - فشل التفعيل الكامل: فشل TLP - تحقق من التثبيت والصلاحيات
2025-10-05 20:28:25,706 - BatteryGuard - INFO - تفعيل التحكم: تم الحفظ - فشل TLP - تحقق من التثبيت والصلاحيات
2025-10-05 20:28:25,715 - BatteryGuard - INFO - تم حفظ الإعدادات - التحكم الكامل غير متاح
2025-10-05 20:28:25,724 - BatteryGuard - INFO - تم حفظ جميع الإعدادات
2025-10-05 20:33:27,888 - BatteryGuard - INFO - تم تحسين البطارية - توفير متوقع 39%
2025-10-05 20:35:18,850 - BatteryGuard - INFO - إيقاف البرنامج...
2025-10-05 20:35:22,114 - BatteryGuard - INFO - طريقة التحكم المكتشفة: linux_tlp
2025-10-05 20:35:22,427 - BatteryGuard - INFO - تم بدء المراقبة بنجاح
2025-10-05 20:35:22,482 - BatteryGuard - INFO - تم تشغيل BatteryGuard Pro بنجاح
2025-10-05 20:35:30,052 - BatteryGuard - INFO - تم الحصول على صلاحيات sudo بنجاح
2025-10-05 20:35:40,526 - BatteryGuard - INFO - تم إجراء تحليل عميق للبيانات
2025-10-05 20:36:40,620 - BatteryGuard - INFO - تم إجراء تحليل عميق للبيانات
2025-10-05 20:37:40,716 - BatteryGuard - INFO - تم إجراء تحليل عميق للبيانات
2025-10-05 20:38:18,665 - BatteryGuard - INFO - إيقاف البرنامج...
2025-10-05 20:40:26,165 - BatteryGuard - INFO - طريقة التحكم المكتشفة: linux_tlp
2025-10-05 20:40:26,481 - BatteryGuard - INFO - تم بدء المراقبة بنجاح
2025-10-05 20:40:26,528 - BatteryGuard - INFO - تم تشغيل BatteryGuard Pro بنجاح
2025-10-05 20:40:34,816 - BatteryGuard - INFO - تم الحصول على صلاحيات sudo بنجاح
2025-10-05 20:40:48,573 - BatteryGuard - INFO - تم إجراء تحليل عميق للبيانات
2025-10-05 20:41:48,693 - BatteryGuard - INFO - تم إجراء تحليل عميق للبيانات
2025-10-05 20:42:48,796 - BatteryGuard - INFO - تم إجراء تحليل عميق للبيانات
2025-10-05 20:43:48,882 - BatteryGuard - INFO - تم إجراء تحليل عميق للبيانات
2025-10-05 20:44:49,008 - BatteryGuard - INFO - تم إجراء تحليل عميق للبيانات
2025-10-05 20:45:49,107 - BatteryGuard - INFO - تم إجراء تحليل عميق للبيانات
2025-10-05 20:46:49,209 - BatteryGuard - INFO - تم إجراء تحليل عميق للبيانات
2025-10-05 20:47:49,335 - BatteryGuard - INFO - تم إجراء تحليل عميق للبيانات
2025-10-05 20:48:36,889 - BatteryGuard - INFO - إيقاف البرنامج...
2025-10-05 20:54:37,741 - BatteryGuard - INFO - طريقة التحكم المكتشفة: linux_tlp
2025-10-05 20:54:38,090 - BatteryGuard - INFO - تم بدء المراقبة بنجاح
2025-10-05 20:54:38,148 - BatteryGuard - INFO - تم تشغيل BatteryGuard Pro بنجاح
2025-10-05 20:54:45,235 - BatteryGuard - INFO - تم تحسين البطارية - توفير متوقع 9%
2025-10-05 20:54:50,186 - BatteryGuard - INFO - تم إجراء تحليل عميق للبيانات
2025-10-05 20:55:46,776 - BatteryGuard - WARNING - فشل التفعيل الكامل: فشل TLP - تحقق من التثبيت والصلاحيات
2025-10-05 20:55:46,776 - BatteryGuard - INFO - تفعيل التحكم: تم الحفظ - فشل TLP - تحقق من التثبيت والصلاحيات
2025-10-05 20:55:46,777 - BatteryGuard - INFO - ⚠️ تم حفظ الإعدادات - سيتم استخدام الإشعارات فقط
2025-10-05 20:55:46,778 - BatteryGuard - INFO - تم حفظ جميع الإعدادات
2025-10-05 20:55:50,290 - BatteryGuard - INFO - تم إجراء تحليل عميق للبيانات
2025-10-05 20:56:06,235 - BatteryGuard - INFO - تم تحسين البطارية - توفير متوقع 22%
2025-10-05 20:56:10,377 - BatteryGuard - INFO - تم تحسين البطارية - توفير متوقع 22%
2025-10-05 20:56:50,374 - BatteryGuard - INFO - تم إجراء تحليل عميق للبيانات
2025-10-05 20:57:50,509 - BatteryGuard - INFO - تم إجراء تحليل عميق للبيانات
2025-10-05 20:58:30,733 - BatteryGuard - INFO - تم تصدير السجل الكامل إلى battery_log_export_20251005_205830.txt
2025-10-05 20:58:50,638 - BatteryGuard - INFO - تم إجراء تحليل عميق للبيانات
2025-10-05 20:59:50,766 - BatteryGuard - INFO - تم إجراء تحليل عميق للبيانات
2025-10-05 21:00:50,917 - BatteryGuard - INFO - تم إجراء تحليل عميق للبيانات
2025-10-05 21:01:51,050 - BatteryGuard - INFO - تم إجراء تحليل عميق للبيانات
2025-10-05 21:02:03,067 - BatteryGuard - ERROR - خطأ في خيط المراقبة: mean requires at least one data point
2025-10-05 21:02:33,070 - BatteryGuard - ERROR - خطأ في خيط المراقبة: mean requires at least one data point
2025-10-05 21:03:03,073 - BatteryGuard - ERROR - خطأ في خيط المراقبة: mean requires at least one data point
2025-10-05 21:03:33,077 - BatteryGuard - ERROR - خطأ في خيط المراقبة: mean requires at least one data point
2025-10-05 21:04:03,081 - BatteryGuard - ERROR - خطأ في خيط المراقبة: mean requires at least one data point
2025-10-05 21:04:33,085 - BatteryGuard - ERROR - خطأ في خيط المراقبة: mean requires at least one data point
2025-10-05 21:05:03,088 - BatteryGuard - ERROR - خطأ في خيط المراقبة: mean requires at least one data point
2025-10-05 21:05:14,161 - BatteryGuard - INFO - إيقاف البرنامج...
2025-10-05 21:05:33,140 - BatteryGuard - INFO - إيقاف البرنامج...
2025-10-05 21:05:37,703 - BatteryGuard - INFO - طريقة التحكم المكتشفة: linux_tlp
2025-10-05 21:05:38,051 - BatteryGuard - INFO - تم بدء المراقبة بنجاح
2025-10-05 21:05:38,105 - BatteryGuard - INFO - تم تشغيل BatteryGuard Pro بنجاح
2025-10-05 21:05:38,108 - BatteryGuard - ERROR - خطأ في خيط المراقبة: mean requires at least one data point
2025-10-05 21:05:58,999 - BatteryGuard - INFO - ✅ تم الحصول على صلاحيات sudo بنجاح
2025-10-05 21:05:59,000 - BatteryGuard - INFO - ✅ تم مزامنة الصلاحيات مع جميع المكونات
2025-10-05 21:05:59,099 - BatteryGuard - WARNING - فشل التفعيل الكامل: فشل TLP - تحقق من التثبيت والصلاحيات
2025-10-05 21:05:59,099 - BatteryGuard - INFO - تفعيل التحكم: تم الحفظ - فشل TLP - تحقق من التثبيت والصلاحيات
2025-10-05 21:05:59,100 - BatteryGuard - INFO - ⚠️ تم حفظ الإعدادات - سيتم استخدام الإشعارات فقط
2025-10-05 21:05:59,101 - BatteryGuard - INFO - تم حفظ جميع الإعدادات
2025-10-05 21:06:03,399 - BatteryGuard - INFO - تم تحسين البطارية - توفير متوقع 22%
2025-10-05 21:06:08,111 - BatteryGuard - ERROR - خطأ في خيط المراقبة: mean requires at least one data point
2025-10-05 21:06:13,557 - BatteryGuard - WARNING - فشل التفعيل الكامل: فشل TLP - تحقق من التثبيت والصلاحيات
2025-10-05 21:06:13,557 - BatteryGuard - INFO - تفعيل التحكم: تم الحفظ - فشل TLP - تحقق من التثبيت والصلاحيات
2025-10-05 21:06:13,558 - BatteryGuard - INFO - ⚠️ تم حفظ الإعدادات - سيتم استخدام الإشعارات فقط
2025-10-05 21:06:13,559 - BatteryGuard - INFO - تم حفظ جميع الإعدادات
2025-10-05 21:06:38,113 - BatteryGuard - ERROR - خطأ في خيط المراقبة: mean requires at least one data point
2025-10-05 21:07:08,115 - BatteryGuard - ERROR - خطأ في خيط المراقبة: mean requires at least one data point
2025-10-05 21:07:38,118 - BatteryGuard - ERROR - خطأ في خيط المراقبة: mean requires at least one data point
2025-10-05 21:08:08,120 - BatteryGuard - ERROR - خطأ في خيط المراقبة: mean requires at least one data point
2025-10-05 21:08:38,122 - BatteryGuard - ERROR - خطأ في خيط المراقبة: mean requires at least one data point
2025-10-05 21:09:08,126 - BatteryGuard - ERROR - خطأ في خيط المراقبة: mean requires at least one data point
2025-10-05 21:09:38,129 - BatteryGuard - ERROR - خطأ في خيط المراقبة: mean requires at least one data point
2025-10-05 21:10:08,130 - BatteryGuard - ERROR - خطأ في خيط المراقبة: mean requires at least one data point
2025-10-05 21:10:38,133 - BatteryGuard - ERROR - خطأ في خيط المراقبة: mean requires at least one data point
2025-10-05 21:11:08,136 - BatteryGuard - ERROR - خطأ في خيط المراقبة: mean requires at least one data point
2025-10-05 21:11:38,138 - BatteryGuard - ERROR - خطأ في خيط المراقبة: mean requires at least one data point
2025-10-05 21:12:08,140 - BatteryGuard - ERROR - خطأ في خيط المراقبة: mean requires at least one data point
2025-10-05 21:12:38,141 - BatteryGuard - ERROR - خطأ في خيط المراقبة: mean requires at least one data point
2025-10-05 21:13:08,144 - BatteryGuard - ERROR - خطأ في خيط المراقبة: mean requires at least one data point
2025-10-05 21:13:32,874 - BatteryGuard - INFO - إيقاف البرنامج...
2025-10-05 21:13:38,220 - BatteryGuard - INFO - إيقاف البرنامج...
2025-10-05 21:15:38,792 - BatteryGuard - INFO - طريقة التحكم المكتشفة: linux_tlp
2025-10-05 21:15:39,186 - BatteryGuard - INFO - تم بدء المراقبة بنجاح
2025-10-05 21:15:39,246 - BatteryGuard - INFO - تم تشغيل BatteryGuard Pro بنجاح
2025-10-05 21:15:39,247 - BatteryGuard - ERROR - خطأ في خيط المراقبة: mean requires at least one data point
2025-10-05 21:15:54,218 - BatteryGuard - INFO - ✅ تم الحصول على صلاحيات sudo بنجاح
2025-10-05 21:15:54,219 - BatteryGuard - INFO - ✅ تم مزامنة الصلاحيات مع جميع المكونات
2025-10-05 21:15:55,674 - BatteryGuard - INFO - تم تحسين البطارية - توفير متوقع 22%
2025-10-05 21:16:09,250 - BatteryGuard - ERROR - خطأ في خيط المراقبة: mean requires at least one data point
2025-10-05 21:16:31,315 - BatteryGuard - WARNING - فشل التفعيل الكامل: فشل TLP - تحقق من التثبيت والصلاحيات
2025-10-05 21:16:31,315 - BatteryGuard - INFO - تفعيل التحكم: تم الحفظ - فشل TLP - تحقق من التثبيت والصلاحيات
2025-10-05 21:16:31,325 - BatteryGuard - INFO - ⚠️ تم حفظ الإعدادات - سيتم استخدام الإشعارات فقط
2025-10-05 21:16:31,337 - BatteryGuard - INFO - تم حفظ جميع الإعدادات
2025-10-05 21:16:39,254 - BatteryGuard - ERROR - خطأ في خيط المراقبة: mean requires at least one data point
2025-10-05 21:17:08,777 - BatteryGuard - ERROR - خطأ في خيط المراقبة: mean requires at least one data point
2025-10-05 21:17:38,779 - BatteryGuard - ERROR - خطأ في خيط المراقبة: mean requires at least one data point
2025-10-05 21:18:08,781 - BatteryGuard - ERROR - خطأ في خيط المراقبة: mean requires at least one data point
2025-10-05 21:18:38,359 - BatteryGuard - INFO - إيقاف البرنامج...
2025-10-05 21:23:49,433 - BatteryGuard - INFO - طريقة التحكم المكتشفة: linux_tlp
2025-10-05 21:23:49,824 - BatteryGuard - INFO - تم بدء المراقبة بنجاح
2025-10-05 21:23:49,882 - BatteryGuard - INFO - تم تشغيل BatteryGuard Pro بنجاح
2025-10-05 21:23:49,883 - BatteryGuard - ERROR - خطأ في خيط المراقبة: mean requires at least one data point
2025-10-05 21:24:19,885 - BatteryGuard - ERROR - خطأ في خيط المراقبة: mean requires at least one data point
2025-10-05 21:24:49,886 - BatteryGuard - ERROR - خطأ في خيط المراقبة: mean requires at least one data point
2025-10-05 21:24:50,223 - BatteryGuard - INFO - إيقاف البرنامج...
2025-10-05 21:31:03,313 - BatteryGuard - INFO - طريقة التحكم المكتشفة: linux_tlp
2025-10-05 21:31:03,678 - BatteryGuard - INFO - تم بدء المراقبة بنجاح
2025-10-05 21:31:03,737 - BatteryGuard - INFO - تم تشغيل BatteryGuard Pro بنجاح
2025-10-05 21:31:03,738 - BatteryGuard - ERROR - خطأ في خيط المراقبة: mean requires at least one data point
2025-10-05 21:31:33,741 - BatteryGuard - ERROR - خطأ في خيط المراقبة: mean requires at least one data point
2025-10-05 21:31:37,727 - BatteryGuard - INFO - إيقاف البرنامج...
2025-10-05 21:35:34,980 - BatteryGuard - INFO - طريقة التحكم المكتشفة: linux_tlp
2025-10-05 21:35:35,343 - BatteryGuard - INFO - تم بدء المراقبة بنجاح
2025-10-05 21:35:35,392 - BatteryGuard - INFO - تم تشغيل BatteryGuard Pro بنجاح
2025-10-05 21:36:13,483 - BatteryGuard - INFO - تم إجراء تحليل عميق للبيانات
2025-10-05 21:37:13,599 - BatteryGuard - INFO - تم إجراء تحليل عميق للبيانات
2025-10-05 21:38:13,735 - BatteryGuard - INFO - تم إجراء تحليل عميق للبيانات
2025-10-05 21:39:13,923 - BatteryGuard - INFO - تم إجراء تحليل عميق للبيانات
2025-10-05 21:40:14,034 - BatteryGuard - INFO - تم إجراء تحليل عميق للبيانات
2025-10-05 21:41:14,153 - BatteryGuard - INFO - تم إجراء تحليل عميق للبيانات
2025-10-05 21:42:14,252 - BatteryGuard - INFO - تم إجراء تحليل عميق للبيانات
2025-10-05 21:43:14,407 - BatteryGuard - INFO - تم إجراء تحليل عميق للبيانات
2025-10-05 21:44:14,566 - BatteryGuard - INFO - تم إجراء تحليل عميق للبيانات
2025-10-05 21:45:14,731 - BatteryGuard - INFO - تم إجراء تحليل عميق للبيانات
2025-10-05 21:46:14,910 - BatteryGuard - INFO - تم إجراء تحليل عميق للبيانات
2025-10-05 21:47:15,070 - BatteryGuard - INFO - تم إجراء تحليل عميق للبيانات
2025-10-05 21:48:15,229 - BatteryGuard - INFO - تم إجراء تحليل عميق للبيانات
2025-10-05 21:49:15,377 - BatteryGuard - INFO - تم إجراء تحليل عميق للبيانات
2025-10-05 21:50:15,500 - BatteryGuard - INFO - تم إجراء تحليل عميق للبيانات
2025-10-05 21:51:15,623 - BatteryGuard - INFO - تم إجراء تحليل عميق للبيانات
2025-10-05 21:51:32,933 - BatteryGuard - INFO - إيقاف البرنامج...
2025-10-05 21:51:37,948 - BatteryGuard - INFO - طريقة التحكم المكتشفة: linux_tlp
2025-10-05 21:51:38,385 - BatteryGuard - INFO - تم بدء المراقبة بنجاح
2025-10-05 21:51:38,455 - BatteryGuard - INFO - تم تشغيل BatteryGuard Pro بنجاح
2025-10-05 21:52:16,516 - BatteryGuard - INFO - تم إجراء تحليل عميق متقدم للبيانات
2025-10-05 21:53:16,615 - BatteryGuard - INFO - تم إجراء تحليل عميق متقدم للبيانات
2025-10-05 21:54:16,724 - BatteryGuard - INFO - تم إجراء تحليل عميق متقدم للبيانات
2025-10-05 21:55:16,836 - BatteryGuard - INFO - تم إجراء تحليل عميق متقدم للبيانات
2025-10-05 21:56:16,929 - BatteryGuard - INFO - تم إجراء تحليل عميق متقدم للبيانات
2025-10-05 21:57:17,012 - BatteryGuard - INFO - تم إجراء تحليل عميق متقدم للبيانات
2025-10-05 21:58:17,122 - BatteryGuard - INFO - تم إجراء تحليل عميق متقدم للبيانات
2025-10-05 21:59:17,245 - BatteryGuard - INFO - تم إجراء تحليل عميق متقدم للبيانات
2025-10-05 21:59:40,814 - BatteryGuard - INFO - إيقاف البرنامج...
2025-10-05 22:06:43,727 - BatteryGuard - INFO - طريقة التحكم المكتشفة: linux_tlp
2025-10-05 22:06:43,731 - BatteryGuard - INFO - ✅ نظام الإشعارات: Notify (Linux)
2025-10-05 22:10:29,536 - BatteryGuard - INFO - طريقة التحكم المكتشفة: linux_tlp
2025-10-05 22:10:29,543 - BatteryGuard - INFO - ✅ نظام الإشعارات: Notify (Linux)
2025-10-05 22:10:30,013 - BatteryGuard - INFO - تم بدء المراقبة بنجاح
2025-10-05 22:10:30,083 - BatteryGuard - INFO - تم تشغيل BatteryGuard Pro بنجاح
2025-10-05 22:10:55,017 - BatteryGuard - INFO - إيقاف البرنامج...
2025-10-05 22:16:33,231 - BatteryGuard - INFO - طريقة التحكم المكتشفة: linux_tlp
2025-10-05 22:16:33,236 - BatteryGuard - INFO - ✅ نظام الإشعارات: Notify (Linux)
2025-10-05 22:16:33,625 - BatteryGuard - INFO - تم بدء المراقبة بنجاح
2025-10-05 22:16:33,697 - BatteryGuard - INFO - تم تشغيل BatteryGuard Pro بنجاح
2025-10-05 22:17:11,775 - BatteryGuard - INFO - تم إجراء تحليل عميق متقدم للبيانات
2025-10-05 22:17:37,411 - BatteryGuard - INFO - تم تحسين البطارية - توفير متوقع 9%
2025-10-05 22:18:11,888 - BatteryGuard - INFO - تم إجراء تحليل عميق متقدم للبيانات
2025-10-05 22:18:14,534 - BatteryGuard - INFO - تم تحسين البطارية - توفير متوقع 9%
2025-10-05 22:19:11,962 - BatteryGuard - INFO - تم إجراء تحليل عميق متقدم للبيانات
2025-10-05 22:20:12,134 - BatteryGuard - INFO - تم إجراء تحليل عميق متقدم للبيانات
2025-10-05 22:21:12,230 - BatteryGuard - INFO - تم إجراء تحليل عميق متقدم للبيانات
2025-10-05 22:22:12,327 - BatteryGuard - INFO - تم إجراء تحليل عميق متقدم للبيانات
2025-10-05 22:23:12,457 - BatteryGuard - INFO - تم إجراء تحليل عميق متقدم للبيانات
2025-10-05 22:24:12,605 - BatteryGuard - INFO - تم إجراء تحليل عميق متقدم للبيانات
2025-10-05 22:27:18,241 - BatteryGuard - INFO - طريقة التحكم المكتشفة: linux_tlp
2025-10-05 22:27:18,247 - BatteryGuard - INFO - ✅ نظام الإشعارات: Notify (Linux)
2025-10-05 22:27:19,036 - BatteryGuard - INFO - تم بدء المراقبة بنجاح
2025-10-05 22:27:19,131 - BatteryGuard - INFO - تم تشغيل BatteryGuard Pro بنجاح
2025-10-05 22:27:39,332 - BatteryGuard - INFO - ✅ تم الحصول على صلاحيات sudo بنجاح
2025-10-05 22:27:39,334 - BatteryGuard - INFO - ✅ تم مزامنة الصلاحيات مع جميع المكونات
2025-10-05 22:27:39,530 - BatteryGuard - WARNING - فشل التفعيل الكامل: فشل TLP - تحقق من التثبيت والصلاحيات
2025-10-05 22:27:39,530 - BatteryGuard - INFO - تفعيل التحكم: تم الحفظ - فشل TLP - تحقق من التثبيت والصلاحيات
2025-10-05 22:27:39,532 - BatteryGuard - INFO - ⚠️ تم حفظ الإعدادات - سيتم استخدام الإشعارات فقط
2025-10-05 22:27:39,534 - BatteryGuard - INFO - تم حفظ جميع الإعدادات
2025-10-05 22:27:57,239 - BatteryGuard - INFO - تم إجراء تحليل عميق متقدم للبيانات
2025-10-05 22:28:57,341 - BatteryGuard - INFO - تم إجراء تحليل عميق متقدم للبيانات
2025-10-05 22:29:57,460 - BatteryGuard - INFO - تم إجراء تحليل عميق متقدم للبيانات
2025-10-05 22:30:57,606 - BatteryGuard - INFO - تم إجراء تحليل عميق متقدم للبيانات
2025-10-05 22:31:57,743 - BatteryGuard - INFO - تم إجراء تحليل عميق متقدم للبيانات
2025-10-05 22:32:57,897 - BatteryGuard - INFO - تم إجراء تحليل عميق متقدم للبيانات
2025-10-05 22:33:58,059 - BatteryGuard - INFO - تم إجراء تحليل عميق متقدم للبيانات
2025-10-05 22:34:58,303 - BatteryGuard - INFO - تم إجراء تحليل عميق متقدم للبيانات
2025-10-05 22:35:58,458 - BatteryGuard - INFO - تم إجراء تحليل عميق متقدم للبيانات
2025-10-05 22:36:58,577 - BatteryGuard - INFO - تم إجراء تحليل عميق متقدم للبيانات
2025-10-05 22:37:58,764 - BatteryGuard - INFO - تم إجراء تحليل عميق متقدم للبيانات
2025-10-05 22:38:58,875 - BatteryGuard - INFO - تم إجراء تحليل عميق متقدم للبيانات
2025-10-05 22:39:58,994 - BatteryGuard - INFO - تم إجراء تحليل عميق متقدم للبيانات
2025-10-05 22:40:59,179 - BatteryGuard - INFO - تم إجراء تحليل عميق متقدم للبيانات
2025-10-05 22:41:59,306 - BatteryGuard - INFO - تم إجراء تحليل عميق متقدم للبيانات
2025-10-05 22:42:59,427 - BatteryGuard - INFO - تم إجراء تحليل عميق متقدم للبيانات
2025-10-05 22:43:59,544 - BatteryGuard - INFO - تم إجراء تحليل عميق متقدم للبيانات
2025-10-05 22:44:59,711 - BatteryGuard - INFO - تم إجراء تحليل عميق متقدم للبيانات
2025-10-05 22:45:59,836 - BatteryGuard - INFO - تم إجراء تحليل عميق متقدم للبيانات
2025-10-05 22:47:00,081 - BatteryGuard - INFO - تم إجراء تحليل عميق متقدم للبيانات
2025-10-05 22:48:00,382 - BatteryGuard - INFO - تم إجراء تحليل عميق متقدم للبيانات
2025-10-05 22:49:00,551 - BatteryGuard - INFO - تم إجراء تحليل عميق متقدم للبيانات
2025-10-05 22:50:00,750 - BatteryGuard - INFO - تم إجراء تحليل عميق متقدم للبيانات
2025-10-05 22:50:44,545 - BatteryGuard - ERROR - TLP control error: Command '['sudo', 'tlp', 'setcharge', '78', '83', 'BAT0']' timed out after 10 seconds
2025-10-05 22:50:44,546 - BatteryGuard - WARNING - فشل التفعيل الكامل: فشل TLP - تحقق من التثبيت والصلاحيات
2025-10-05 22:50:44,546 - BatteryGuard - INFO - تفعيل التحكم: تم الحفظ - فشل TLP - تحقق من التثبيت والصلاحيات
2025-10-05 22:50:44,567 - BatteryGuard - INFO - ⚠️ تم حفظ الإعدادات - سيتم استخدام الإشعارات فقط
2025-10-05 22:50:44,585 - BatteryGuard - INFO - تم حفظ جميع الإعدادات
2025-10-05 22:51:01,055 - BatteryGuard - INFO - تم إجراء تحليل عميق متقدم للبيانات
2025-10-05 22:52:01,219 - BatteryGuard - INFO - تم إجراء تحليل عميق متقدم للبيانات
2025-10-05 22:53:01,415 - BatteryGuard - INFO - تم إجراء تحليل عميق متقدم للبيانات
2025-10-05 22:54:01,559 - BatteryGuard - INFO - تم إجراء تحليل عميق متقدم للبيانات
2025-10-05 22:55:02,038 - BatteryGuard - INFO - تم إجراء تحليل عميق متقدم للبيانات
2025-10-05 22:56:02,279 - BatteryGuard - INFO - تم إجراء تحليل عميق متقدم للبيانات
2025-10-05 22:57:02,578 - BatteryGuard - INFO - تم إجراء تحليل عميق متقدم للبيانات
2025-10-05 22:58:02,878 - BatteryGuard - INFO - تم إجراء تحليل عميق متقدم للبيانات
2025-10-05 22:59:03,054 - BatteryGuard - INFO - تم إجراء تحليل عميق متقدم للبيانات
2025-10-05 23:00:03,233 - BatteryGuard - INFO - تم إجراء تحليل عميق متقدم للبيانات
2025-10-05 23:01:03,540 - BatteryGuard - INFO - تم إجراء تحليل عميق متقدم للبيانات
2025-10-05 23:02:03,718 - BatteryGuard - INFO - تم إجراء تحليل عميق متقدم للبيانات
2025-10-05 23:03:03,927 - BatteryGuard - INFO - تم إجراء تحليل عميق متقدم للبيانات
2025-10-05 23:04:04,141 - BatteryGuard - INFO - تم إجراء تحليل عميق متقدم للبيانات
2025-10-05 23:05:04,408 - BatteryGuard - INFO - تم إجراء تحليل عميق متقدم للبيانات
2025-10-05 23:06:04,544 - BatteryGuard - INFO - تم إجراء تحليل عميق متقدم للبيانات
2025-10-05 23:07:04,779 - BatteryGuard - INFO - تم إجراء تحليل عميق متقدم للبيانات
2025-10-05 23:08:05,015 - BatteryGuard - INFO - تم إجراء تحليل عميق متقدم للبيانات
2025-10-05 23:09:05,282 - BatteryGuard - INFO - تم إجراء تحليل عميق متقدم للبيانات
2025-10-05 23:10:05,517 - BatteryGuard - INFO - تم إجراء تحليل عميق متقدم للبيانات
2025-10-05 23:11:05,819 - BatteryGuard - INFO - تم إجراء تحليل عميق متقدم للبيانات
2025-10-05 23:12:06,013 - BatteryGuard - INFO - تم إجراء تحليل عميق متقدم للبيانات
2025-10-05 23:13:06,211 - BatteryGuard - INFO - تم إجراء تحليل عميق متقدم للبيانات
2025-10-05 23:14:06,395 - BatteryGuard - INFO - تم إجراء تحليل عميق متقدم للبيانات
2025-10-05 23:15:06,673 - BatteryGuard - INFO - تم إجراء تحليل عميق متقدم للبيانات
2025-10-05 23:16:06,956 - BatteryGuard - INFO - تم إجراء تحليل عميق متقدم للبيانات
2025-10-05 23:16:57,175 - BatteryGuard - INFO - ✅ إشعار: 🔋 توصية الشحن
2025-10-05 23:16:57,221 - BatteryGuard - INFO - 🔋 توصية الشحن: البطارية عند 40%. يُنصح بتوصيل الشاحن للحفاظ على صحة البطارية.
2025-10-05 23:17:02,111 - BatteryGuard - INFO - ⚡ التحكم في الشحن: الوصول للحد الأدنى (40%)
2025-10-05 23:17:09,109 - BatteryGuard - INFO - ⚡ التحكم في الشحن: الوصول للحد الأدنى (40%)
2025-10-05 23:17:16,122 - BatteryGuard - INFO - ⚡ التحكم في الشحن: الوصول للحد الأدنى (40%)
2025-10-05 23:17:23,129 - BatteryGuard - INFO - ⚡ التحكم في الشحن: الوصول للحد الأدنى (40%)
2025-10-05 23:17:30,131 - BatteryGuard - INFO - ⚡ التحكم في الشحن: الوصول للحد الأدنى (40%)
2025-10-05 23:17:32,212 - BatteryGuard - INFO - تم إجراء تحليل عميق متقدم للبيانات
2025-10-05 23:17:37,270 - BatteryGuard - INFO - ⚡ التحكم في الشحن: الوصول للحد الأدنى (40%)
2025-10-05 23:17:44,277 - BatteryGuard - INFO - ⚡ التحكم في الشحن: الوصول للحد الأدنى (40%)
2025-10-05 23:17:51,268 - BatteryGuard - INFO - ⚡ التحكم في الشحن: الوصول للحد الأدنى (40%)
2025-10-05 23:17:58,308 - BatteryGuard - INFO - ⚡ التحكم في الشحن: الوصول للحد الأدنى (40%)
2025-10-05 23:18:05,322 - BatteryGuard - INFO - ⚡ التحكم في الشحن: الوصول للحد الأدنى (40%)
2025-10-05 23:18:12,329 - BatteryGuard - INFO - ⚡ التحكم في الشحن: الوصول للحد الأدنى (40%)
2025-10-05 23:18:19,385 - BatteryGuard - INFO - ⚡ التحكم في الشحن: الوصول للحد الأدنى (40%)
2025-10-05 23:18:26,335 - BatteryGuard - INFO - ⚡ التحكم في الشحن: الوصول للحد الأدنى (40%)
2025-10-05 23:18:33,405 - BatteryGuard - INFO - ⚡ التحكم في الشحن: الوصول للحد الأدنى (40%)
2025-10-05 23:18:40,413 - BatteryGuard - INFO - ⚡ التحكم في الشحن: الوصول للحد الأدنى (40%)
2025-10-05 23:18:47,496 - BatteryGuard - INFO - ⚡ التحكم في الشحن: الوصول للحد الأدنى (40%)
2025-10-05 23:18:54,511 - BatteryGuard - INFO - ⚡ التحكم في الشحن: الوصول للحد الأدنى (40%)
2025-10-05 23:19:01,596 - BatteryGuard - INFO - ⚡ التحكم في الشحن: الوصول للحد الأدنى (40%)
2025-10-05 23:19:08,590 - BatteryGuard - INFO - ⚡ التحكم في الشحن: الوصول للحد الأدنى (40%)
2025-10-05 23:19:14,765 - BatteryGuard - INFO - ✅ إشعار: 🤖 توصية ذكية
2025-10-05 23:19:15,620 - BatteryGuard - INFO - ⚡ التحكم في الشحن: الوصول للحد الأدنى (40%)
2025-10-05 23:19:17,678 - BatteryGuard - INFO - ✅ إشعار: ⚠️ تحذير البطارية
2025-10-05 23:19:17,785 - BatteryGuard - INFO - ⚠️ تحذير البطارية: البطارية منخفضة (6%)! يرجى توصيل الشاحن.
2025-10-05 23:19:22,641 - BatteryGuard - INFO - ⚡ التحكم في الشحن: الوصول للحد الأدنى (40%)
2025-10-05 23:19:29,617 - BatteryGuard - INFO - ⚡ التحكم في الشحن: الوصول للحد الأدنى (40%)
2025-10-05 23:19:36,607 - BatteryGuard - INFO - ⚡ التحكم في الشحن: الوصول للحد الأدنى (40%)
2025-10-05 23:20:02,682 - BatteryGuard - INFO - تم إجراء تحليل عميق متقدم للبيانات
2025-10-05 23:21:02,802 - BatteryGuard - INFO - تم إجراء تحليل عميق متقدم للبيانات
2025-10-05 23:34:57,515 - BatteryGuard - INFO - ✅ الطرق المتاحة: tlp, upower
2025-10-05 23:34:57,515 - BatteryGuard - INFO - 📱 الجهاز: HP
2025-10-05 23:34:57,515 - BatteryGuard - INFO - ✅ تم تفعيل نظام التحكم المتقدم
2025-10-05 23:34:57,516 - BatteryGuard - INFO - 📱 الطرق المتاحة: tlp, upower
2025-10-05 23:37:10,334 - BatteryGuard - INFO - ✅ الطرق المتاحة: tlp, upower
2025-10-05 23:37:10,335 - BatteryGuard - INFO - 📱 الجهاز: HP
2025-10-05 23:37:10,335 - BatteryGuard - INFO - ✅ تم تفعيل نظام التحكم المتقدم
2025-10-05 23:37:10,335 - BatteryGuard - INFO - 📱 الطرق المتاحة: tlp, upower
2025-10-05 23:37:10,342 - BatteryGuard - INFO - ✅ نظام الإشعارات: Notify (Linux)
2025-10-05 23:37:10,874 - BatteryGuard - INFO - تم بدء المراقبة بنجاح
2025-10-05 23:37:10,939 - BatteryGuard - INFO - تم تشغيل BatteryGuard Pro بنجاح
2025-10-05 23:37:30,139 - BatteryGuard - INFO - ✅ تم الحصول على صلاحيات sudo بنجاح
2025-10-05 23:37:30,146 - BatteryGuard - INFO - ✅ تم مزامنة الصلاحيات مع جميع المكونات
2025-10-05 23:37:30,256 - BatteryGuard - INFO - تفعيل التحكم: سيتم استخدام الإشعارات فقط
2025-10-05 23:37:30,257 - BatteryGuard - INFO - ⚠️ تم حفظ الإعدادات - سيتم استخدام الإشعارات فقط
2025-10-05 23:37:30,259 - BatteryGuard - INFO - تم حفظ جميع الإعدادات
2025-10-05 23:37:48,997 - BatteryGuard - INFO - تم إجراء تحليل عميق متقدم للبيانات
2025-10-05 23:38:49,111 - BatteryGuard - INFO - تم إجراء تحليل عميق متقدم للبيانات
2025-10-05 23:39:49,222 - BatteryGuard - INFO - تم إجراء تحليل عميق متقدم للبيانات
2025-10-05 23:39:53,062 - BatteryGuard - INFO - تم تحسين البطارية - توفير متوقع 23%
2025-10-05 23:40:49,352 - BatteryGuard - INFO - تم إجراء تحليل عميق متقدم للبيانات
2025-10-05 23:41:49,471 - BatteryGuard - INFO - تم إجراء تحليل عميق متقدم للبيانات
2025-10-05 23:42:48,505 - BatteryGuard - INFO - ✅ الطرق المتاحة: tlp, upower
2025-10-05 23:42:48,506 - BatteryGuard - INFO - 📱 الجهاز: HP
2025-10-05 23:42:48,506 - BatteryGuard - INFO - ✅ تم تفعيل نظام التحكم المتقدم
2025-10-05 23:42:48,506 - BatteryGuard - INFO - 📱 الطرق المتاحة: tlp, upower
2025-10-05 23:42:48,516 - BatteryGuard - INFO - ✅ نظام الإشعارات: Notify (Linux)
2025-10-05 23:42:49,023 - BatteryGuard - INFO - تم بدء المراقبة بنجاح
2025-10-05 23:42:49,086 - BatteryGuard - INFO - تم تشغيل BatteryGuard Pro بنجاح
2025-10-05 23:42:49,588 - BatteryGuard - INFO - تم إجراء تحليل عميق متقدم للبيانات
2025-10-05 23:43:27,165 - BatteryGuard - INFO - تم إجراء تحليل عميق متقدم للبيانات
2025-10-05 23:43:29,303 - BatteryGuard - INFO - إيقاف البرنامج...
2025-10-05 23:43:32,456 - BatteryGuard - INFO - إيقاف البرنامج...
2025-10-05 23:45:10,931 - BatteryGuard - INFO - ✅ الطرق المتاحة: tlp, acpi_call, upower
2025-10-05 23:45:10,932 - BatteryGuard - INFO - 📱 الجهاز: HP
2025-10-05 23:45:10,932 - BatteryGuard - INFO - ✅ تم تفعيل نظام التحكم المتقدم
2025-10-05 23:45:10,932 - BatteryGuard - INFO - 📱 الطرق المتاحة: tlp, acpi_call, upower
2025-10-05 23:45:10,938 - BatteryGuard - INFO - ✅ نظام الإشعارات: Notify (Linux)
2025-10-05 23:45:11,482 - BatteryGuard - INFO - تم بدء المراقبة بنجاح
2025-10-05 23:45:11,544 - BatteryGuard - INFO - تم تشغيل BatteryGuard Pro بنجاح
2025-10-05 23:45:49,581 - BatteryGuard - INFO - تم إجراء تحليل عميق متقدم للبيانات
2025-10-05 23:46:49,641 - BatteryGuard - INFO - تم إجراء تحليل عميق متقدم للبيانات
2025-10-05 23:47:49,736 - BatteryGuard - INFO - تم إجراء تحليل عميق متقدم للبيانات
2025-10-05 23:48:49,839 - BatteryGuard - INFO - تم إجراء تحليل عميق متقدم للبيانات
2025-10-05 23:49:49,944 - BatteryGuard - INFO - تم إجراء تحليل عميق متقدم للبيانات
2025-10-05 23:50:50,024 - BatteryGuard - INFO - تم إجراء تحليل عميق متقدم للبيانات
2025-10-05 23:51:50,102 - BatteryGuard - INFO - تم إجراء تحليل عميق متقدم للبيانات
2025-10-05 23:52:50,227 - BatteryGuard - INFO - تم إجراء تحليل عميق متقدم للبيانات
2025-10-05 23:53:50,314 - BatteryGuard - INFO - تم إجراء تحليل عميق متقدم للبيانات
2025-10-05 23:54:50,410 - BatteryGuard - INFO - تم إجراء تحليل عميق متقدم للبيانات
2025-10-05 23:55:50,531 - BatteryGuard - INFO - تم إجراء تحليل عميق متقدم للبيانات
2025-10-05 23:56:50,628 - BatteryGuard - INFO - تم إجراء تحليل عميق متقدم للبيانات
2025-10-05 23:57:50,748 - BatteryGuard - INFO - تم إجراء تحليل عميق متقدم للبيانات
2025-10-05 23:58:50,890 - BatteryGuard - INFO - تم إجراء تحليل عميق متقدم للبيانات
2025-10-05 23:59:50,999 - BatteryGuard - INFO - تم إجراء تحليل عميق متقدم للبيانات
2025-10-05 23:59:51,585 - BatteryGuard - INFO - إيقاف البرنامج...
2025-10-05 23:59:55,689 - BatteryGuard - INFO - ✅ الطرق المتاحة: tlp, acpi_call, upower
2025-10-05 23:59:55,690 - BatteryGuard - INFO - 📱 الجهاز: HP
2025-10-05 23:59:55,690 - BatteryGuard - INFO - ✅ تم تفعيل نظام التحكم المتقدم
2025-10-05 23:59:55,690 - BatteryGuard - INFO - 📱 الطرق المتاحة: tlp, acpi_call, upower
2025-10-05 23:59:55,698 - BatteryGuard - INFO - ✅ نظام الإشعارات: Notify (Linux)
2025-10-05 23:59:56,221 - BatteryGuard - INFO - تم بدء المراقبة بنجاح
2025-10-05 23:59:56,288 - BatteryGuard - INFO - تم تشغيل BatteryGuard Pro بنجاح
2025-10-06 00:00:34,353 - BatteryGuard - INFO - تم إجراء تحليل عميق متقدم للبيانات
2025-10-06 00:01:34,434 - BatteryGuard - INFO - تم إجراء تحليل عميق متقدم للبيانات
2025-10-06 00:02:34,515 - BatteryGuard - INFO - تم إجراء تحليل عميق متقدم للبيانات
2025-10-06 00:03:34,631 - BatteryGuard - INFO - تم إجراء تحليل عميق متقدم للبيانات
2025-10-06 00:04:34,729 - BatteryGuard - INFO - تم إجراء تحليل عميق متقدم للبيانات
2025-10-06 00:05:34,825 - BatteryGuard - INFO - تم إجراء تحليل عميق متقدم للبيانات
2025-10-06 00:06:34,925 - BatteryGuard - INFO - تم إجراء تحليل عميق متقدم للبيانات
2025-10-06 00:07:35,061 - BatteryGuard - INFO - تم إجراء تحليل عميق متقدم للبيانات
2025-10-06 00:08:35,168 - BatteryGuard - INFO - تم إجراء تحليل عميق متقدم للبيانات
2025-10-06 00:09:35,279 - BatteryGuard - INFO - تم إجراء تحليل عميق متقدم للبيانات
2025-10-06 00:10:35,420 - BatteryGuard - INFO - تم إجراء تحليل عميق متقدم للبيانات
2025-10-06 00:11:35,546 - BatteryGuard - INFO - تم إجراء تحليل عميق متقدم للبيانات
2025-10-06 00:31:16,764 - BatteryGuard - INFO - ✅ الطرق المتاحة: tlp, acpi_call, upower
2025-10-06 00:31:16,764 - BatteryGuard - INFO - 📱 الجهاز: HP
2025-10-06 00:31:16,765 - BatteryGuard - INFO - ✅ تم تفعيل نظام التحكم المتقدم
2025-10-06 00:31:16,765 - BatteryGuard - INFO - 📱 الطرق المتاحة: tlp, acpi_call, upower
2025-10-06 00:31:16,772 - BatteryGuard - INFO - ✅ نظام الإشعارات: Notify (Linux)
2025-10-06 00:31:17,315 - BatteryGuard - INFO - تم بدء المراقبة بنجاح
2025-10-06 00:31:17,379 - BatteryGuard - INFO - تم تشغيل BatteryGuard Pro بنجاح
2025-10-06 00:31:25,291 - BatteryGuard - INFO - ✅ تم التفعيل بنجاح
2025-10-06 00:31:25,291 - BatteryGuard - INFO - ✅ تم تفعيل التشغيل التلقائي
2025-10-06 00:31:33,227 - BatteryGuard - INFO - ✅ تم الحصول على صلاحيات sudo بنجاح
2025-10-06 00:31:33,239 - BatteryGuard - INFO - ✅ تم مزامنة الصلاحيات مع جميع المكونات
2025-10-06 00:31:33,345 - BatteryGuard - INFO - تفعيل التحكم: سيتم استخدام الإشعارات فقط
2025-10-06 00:31:33,346 - BatteryGuard - INFO - ⚠️ تم حفظ الإعدادات - سيتم استخدام الإشعارات فقط
2025-10-06 00:31:33,356 - BatteryGuard - INFO - تم حفظ جميع الإعدادات
2025-10-06 00:31:55,455 - BatteryGuard - INFO - تم إجراء تحليل عميق متقدم للبيانات
2025-10-06 12:08:38,085 - BatteryGuard - INFO - ✅ الطرق المتاحة: tlp, upower
2025-10-06 12:08:38,086 - BatteryGuard - INFO - 📱 الجهاز: HP
2025-10-06 12:08:38,086 - BatteryGuard - INFO - ✅ تم تفعيل نظام التحكم المتقدم
2025-10-06 12:08:38,086 - BatteryGuard - INFO - 📱 الطرق المتاحة: tlp, upower
2025-10-06 12:08:38,101 - BatteryGuard - INFO - تم تحميل بيانات AI بنجاح - الأنماط: 3, التوصيات: 0
2025-10-06 12:08:38,102 - BatteryGuard - INFO - ✅ نظام الإشعارات: Notify (Linux)
2025-10-06 12:10:29,013 - BatteryGuard - INFO - ✅ الطرق المتاحة: tlp, upower
2025-10-06 12:10:29,015 - BatteryGuard - INFO - 📱 الجهاز: HP
2025-10-06 12:10:29,015 - BatteryGuard - INFO - ✅ تم تفعيل نظام التحكم المتقدم
2025-10-06 12:10:29,016 - BatteryGuard - INFO - 📱 الطرق المتاحة: tlp, upower
2025-10-06 12:10:29,047 - BatteryGuard - INFO - تم تحميل بيانات AI بنجاح - الأنماط: 3, التوصيات: 0
2025-10-06 12:10:29,050 - BatteryGuard - INFO - ✅ نظام الإشعارات: Notify (Linux)
2025-10-06 12:12:15,698 - BatteryGuard - INFO - ✅ الطرق المتاحة: tlp, upower
2025-10-06 12:12:15,700 - BatteryGuard - INFO - 📱 الجهاز: HP
2025-10-06 12:12:15,701 - BatteryGuard - INFO - ✅ تم تفعيل نظام التحكم المتقدم
2025-10-06 12:12:15,701 - BatteryGuard - INFO - 📱 الطرق المتاحة: tlp, upower
2025-10-06 12:12:15,733 - BatteryGuard - INFO - تم تحميل بيانات AI بنجاح - الأنماط: 3, التوصيات: 0
2025-10-06 12:12:15,736 - BatteryGuard - INFO - ✅ نظام الإشعارات: Notify (Linux)
2025-10-06 12:14:47,770 - BatteryGuard - INFO - ✅ الطرق المتاحة: tlp, upower
2025-10-06 12:14:47,771 - BatteryGuard - INFO - 📱 الجهاز: HP
2025-10-06 12:14:47,771 - BatteryGuard - INFO - ✅ تم تفعيل نظام التحكم المتقدم
2025-10-06 12:14:47,771 - BatteryGuard - INFO - 📱 الطرق المتاحة: tlp, upower
2025-10-06 12:14:47,788 - BatteryGuard - INFO - تم تحميل بيانات AI بنجاح - الأنماط: 3, التوصيات: 0
2025-10-06 12:14:47,789 - BatteryGuard - INFO - ✅ نظام الإشعارات: Notify (Linux)
2025-10-06 12:18:35,730 - BatteryGuard - INFO - ✅ الطرق المتاحة: tlp, upower
2025-10-06 12:18:35,731 - BatteryGuard - INFO - 📱 الجهاز: HP
2025-10-06 12:18:35,731 - BatteryGuard - INFO - ✅ تم تفعيل نظام التحكم المتقدم
2025-10-06 12:18:35,731 - BatteryGuard - INFO - 📱 الطرق المتاحة: tlp, upower
2025-10-06 12:18:35,749 - BatteryGuard - INFO - تم تحميل بيانات AI بنجاح - الأنماط: 3, التوصيات: 0
2025-10-06 12:18:35,750 - BatteryGuard - INFO - ✅ نظام الإشعارات: Notify (Linux)
2025-10-06 12:21:58,316 - BatteryGuard - INFO - ✅ الطرق المتاحة: tlp, upower
2025-10-06 12:21:58,317 - BatteryGuard - INFO - 📱 الجهاز: HP
2025-10-06 12:21:58,317 - BatteryGuard - INFO - ✅ تم تفعيل نظام التحكم المتقدم
2025-10-06 12:21:58,317 - BatteryGuard - INFO - 📱 الطرق المتاحة: tlp, upower
2025-10-06 12:21:58,336 - BatteryGuard - INFO - تم تحميل بيانات AI بنجاح - الأنماط: 3, التوصيات: 0
2025-10-06 12:21:58,339 - BatteryGuard - INFO - ✅ نظام الإشعارات: Notify (Linux)
2025-10-06 12:24:25,876 - BatteryGuard - INFO - ✅ الطرق المتاحة: tlp, upower
2025-10-06 12:24:25,877 - BatteryGuard - INFO - 📱 الجهاز: HP
2025-10-06 12:24:25,885 - BatteryGuard - INFO - ✅ تم تفعيل نظام التحكم المتقدم
2025-10-06 12:24:25,886 - BatteryGuard - INFO - 📱 الطرق المتاحة: tlp, upower
2025-10-06 12:24:25,906 - BatteryGuard - INFO - تم تحميل بيانات AI بنجاح - الأنماط: 3, التوصيات: 0
2025-10-06 12:24:25,907 - BatteryGuard - INFO - ✅ نظام الإشعارات: Notify (Linux)
2025-10-06 12:29:20,395 - BatteryGuard - INFO - ✅ الطرق المتاحة: tlp, upower
2025-10-06 12:29:20,396 - BatteryGuard - INFO - 📱 الجهاز: HP
2025-10-06 12:29:20,396 - BatteryGuard - INFO - ✅ تم تفعيل نظام التحكم المتقدم
2025-10-06 12:29:20,397 - BatteryGuard - INFO - 📱 الطرق المتاحة: tlp, upower
2025-10-06 12:29:20,416 - BatteryGuard - INFO - تم تحميل بيانات AI بنجاح - الأنماط: 3, التوصيات: 0
2025-10-06 12:29:20,418 - BatteryGuard - INFO - ✅ نظام الإشعارات: Notify (Linux)
2025-10-06 12:35:09,234 - BatteryGuard - INFO - ✅ الطرق المتاحة: tlp, upower
2025-10-06 12:35:09,235 - BatteryGuard - INFO - 📱 الجهاز: HP
2025-10-06 12:35:09,236 - BatteryGuard - INFO - ✅ تم تفعيل نظام التحكم المتقدم
2025-10-06 12:35:09,236 - BatteryGuard - INFO - 📱 الطرق المتاحة: tlp, upower
2025-10-06 12:35:09,255 - BatteryGuard - INFO - تم تحميل بيانات AI بنجاح - الأنماط: 3, التوصيات: 0
2025-10-06 12:35:09,258 - BatteryGuard - INFO - ✅ نظام الإشعارات: Notify (Linux)
2025-10-06 12:37:42,477 - BatteryGuard - INFO - ✅ الطرق المتاحة: tlp, upower
2025-10-06 12:37:42,479 - BatteryGuard - INFO - 📱 الجهاز: HP
2025-10-06 12:37:42,480 - BatteryGuard - INFO - ✅ تم تفعيل نظام التحكم المتقدم
2025-10-06 12:37:42,480 - BatteryGuard - INFO - 📱 الطرق المتاحة: tlp, upower
2025-10-06 12:37:42,514 - BatteryGuard - INFO - تم تحميل بيانات AI بنجاح - الأنماط: 3, التوصيات: 0
2025-10-06 12:37:42,516 - BatteryGuard - INFO - ✅ نظام الإشعارات: Notify (Linux)
2025-10-06 12:39:55,997 - BatteryGuard - INFO - ✅ الطرق المتاحة: tlp, upower
2025-10-06 12:39:55,999 - BatteryGuard - INFO - 📱 الجهاز: HP
2025-10-06 12:39:56,000 - BatteryGuard - INFO - ✅ تم تفعيل نظام التحكم المتقدم
2025-10-06 12:39:56,000 - BatteryGuard - INFO - 📱 الطرق المتاحة: tlp, upower
2025-10-06 12:39:56,019 - BatteryGuard - INFO - تم تحميل بيانات AI بنجاح - الأنماط: 3, التوصيات: 0
2025-10-06 12:39:56,020 - BatteryGuard - INFO - ✅ نظام الإشعارات: Notify (Linux)
2025-10-06 12:44:51,036 - BatteryGuard - INFO - ✅ الطرق المتاحة: tlp, upower
2025-10-06 12:44:51,041 - BatteryGuard - INFO - 📱 الجهاز: HP
2025-10-06 12:44:51,041 - BatteryGuard - INFO - ✅ تم تفعيل نظام التحكم المتقدم
2025-10-06 12:44:51,042 - BatteryGuard - INFO - 📱 الطرق المتاحة: tlp, upower
2025-10-06 12:44:51,075 - BatteryGuard - INFO - تم تحميل بيانات AI بنجاح - الأنماط: 3, التوصيات: 0
2025-10-06 12:44:51,077 - BatteryGuard - INFO - ✅ نظام الإشعارات: Notify (Linux)
2025-10-06 12:52:50,827 - BatteryGuard - INFO - ✅ الطرق المتاحة: tlp, upower
2025-10-06 12:52:50,829 - BatteryGuard - INFO - 📱 الجهاز: HP
2025-10-06 12:52:50,830 - BatteryGuard - INFO - ✅ تم تفعيل نظام التحكم المتقدم
2025-10-06 12:52:50,830 - BatteryGuard - INFO - 📱 الطرق المتاحة: tlp, upower
2025-10-06 12:52:50,850 - BatteryGuard - INFO - تم تحميل بيانات AI بنجاح - الأنماط: 3, التوصيات: 0
2025-10-06 12:52:50,851 - BatteryGuard - INFO - ✅ نظام الإشعارات: Notify (Linux)
2025-10-06 13:11:52,495 - BatteryGuard - INFO - ✅ الطرق المتاحة: tlp, upower
2025-10-06 13:11:52,496 - BatteryGuard - INFO - 📱 الجهاز: HP
2025-10-06 13:11:52,496 - BatteryGuard - INFO - ✅ تم تفعيل نظام التحكم المتقدم
2025-10-06 13:11:52,496 - BatteryGuard - INFO - 📱 الطرق المتاحة: tlp, upower
2025-10-06 13:11:52,513 - BatteryGuard - INFO - تم تحميل بيانات AI بنجاح - الأنماط: 3, التوصيات: 0
2025-10-06 13:11:52,515 - BatteryGuard - INFO - ✅ نظام الإشعارات: Notify (Linux)
2025-10-06 13:11:53,962 - BatteryGuard - INFO - تم بدء المراقبة بنجاح
2025-10-06 13:11:54,156 - BatteryGuard - INFO - تم تشغيل BatteryGuard Pro بنجاح
2025-10-06 13:12:32,466 - BatteryGuard - INFO - تم حفظ بيانات AI - الأنماط: 3, درجة الكفاءة: 100
2025-10-06 13:12:32,467 - BatteryGuard - INFO - تم إجراء تحليل عميق متقدم للبيانات وحفظها
2025-10-06 13:13:16,798 - BatteryGuard - INFO - تم تحسين البطارية - توفير متوقع 14%
2025-10-06 13:13:32,731 - BatteryGuard - INFO - تم حفظ بيانات AI - الأنماط: 4, درجة الكفاءة: 100
2025-10-06 13:13:32,732 - BatteryGuard - INFO - تم إجراء تحليل عميق متقدم للبيانات وحفظها
2025-10-06 13:13:32,804 - BatteryGuard - INFO - تم حفظ بيانات AI - الأنماط: 4, درجة الكفاءة: 100
2025-10-06 13:14:33,084 - BatteryGuard - INFO - تم حفظ بيانات AI - الأنماط: 4, درجة الكفاءة: 100
2025-10-06 13:14:33,085 - BatteryGuard - INFO - تم إجراء تحليل عميق متقدم للبيانات وحفظها
2025-10-06 13:15:13,241 - BatteryGuard - INFO - تم حفظ بيانات AI - الأنماط: 4, درجة الكفاءة: 100
2025-10-06 13:15:33,498 - BatteryGuard - INFO - تم حفظ بيانات AI - الأنماط: 4, درجة الكفاءة: 100
2025-10-06 13:15:33,498 - BatteryGuard - INFO - تم إجراء تحليل عميق متقدم للبيانات وحفظها
2025-10-06 13:16:33,757 - BatteryGuard - INFO - تم حفظ بيانات AI - الأنماط: 4, درجة الكفاءة: 100
2025-10-06 13:16:33,757 - BatteryGuard - INFO - تم إجراء تحليل عميق متقدم للبيانات وحفظها
2025-10-06 13:16:52,223 - BatteryGuard - INFO - تم حفظ بيانات AI - الأنماط: 4, درجة الكفاءة: 100
2025-10-06 13:16:53,862 - BatteryGuard - INFO - تم حفظ بيانات AI - الأنماط: 4, درجة الكفاءة: 100
2025-10-06 13:17:34,075 - BatteryGuard - INFO - تم حفظ بيانات AI - الأنماط: 4, درجة الكفاءة: 100
2025-10-06 13:17:34,075 - BatteryGuard - INFO - تم إجراء تحليل عميق متقدم للبيانات وحفظها
2025-10-06 13:18:34,330 - BatteryGuard - INFO - تم حفظ بيانات AI - الأنماط: 4, درجة الكفاءة: 100
2025-10-06 13:18:34,331 - BatteryGuard - INFO - تم إجراء تحليل عميق متقدم للبيانات وحفظها
2025-10-06 13:18:34,400 - BatteryGuard - INFO - تم حفظ بيانات AI - الأنماط: 4, درجة الكفاءة: 100
2025-10-06 13:19:34,672 - BatteryGuard - INFO - تم حفظ بيانات AI - الأنماط: 4, درجة الكفاءة: 100
2025-10-06 13:19:34,672 - BatteryGuard - INFO - تم إجراء تحليل عميق متقدم للبيانات وحفظها
2025-10-06 13:20:14,836 - BatteryGuard - INFO - تم حفظ بيانات AI - الأنماط: 4, درجة الكفاءة: 100
2025-10-06 13:20:35,021 - BatteryGuard - INFO - تم حفظ بيانات AI - الأنماط: 4, درجة الكفاءة: 100
2025-10-06 13:20:35,022 - BatteryGuard - INFO - تم إجراء تحليل عميق متقدم للبيانات وحفظها
2025-10-06 13:21:35,313 - BatteryGuard - INFO - تم حفظ بيانات AI - الأنماط: 4, درجة الكفاءة: 100
2025-10-06 13:21:35,313 - BatteryGuard - INFO - تم إجراء تحليل عميق متقدم للبيانات وحفظها
2025-10-06 13:21:52,222 - BatteryGuard - INFO - تم حفظ بيانات AI - الأنماط: 4, درجة الكفاءة: 100
2025-10-06 13:21:55,440 - BatteryGuard - INFO - تم حفظ بيانات AI - الأنماط: 4, درجة الكفاءة: 100
2025-10-06 13:22:35,581 - BatteryGuard - INFO - تم حفظ بيانات AI - الأنماط: 4, درجة الكفاءة: 100
2025-10-06 13:22:35,581 - BatteryGuard - INFO - تم إجراء تحليل عميق متقدم للبيانات وحفظها
2025-10-06 13:23:17,715 - BatteryGuard - INFO - ✅ إشعار: 🔋 توصية الشحن
2025-10-06 13:23:17,841 - BatteryGuard - INFO - 🔋 توصية الشحن: البطارية عند 40%. يُنصح بتوصيل الشاحن للحفاظ على صحة البطارية.
2025-10-06 13:23:35,758 - BatteryGuard - INFO - تم حفظ بيانات AI - الأنماط: 4, درجة الكفاءة: 100
2025-10-06 13:23:35,758 - BatteryGuard - INFO - تم إجراء تحليل عميق متقدم للبيانات وحفظها
2025-10-06 13:23:35,816 - BatteryGuard - INFO - تم حفظ بيانات AI - الأنماط: 4, درجة الكفاءة: 100
2025-10-06 13:24:36,059 - BatteryGuard - INFO - تم حفظ بيانات AI - الأنماط: 4, درجة الكفاءة: 100
2025-10-06 13:24:36,059 - BatteryGuard - INFO - تم إجراء تحليل عميق متقدم للبيانات وحفظها
2025-10-06 13:25:08,291 - BatteryGuard - INFO - ✅ إشعار: ⚠️ تحذير البطارية
2025-10-06 13:25:08,401 - BatteryGuard - INFO - ⚠️ تحذير البطارية: البطارية منخفضة (6%)! يرجى توصيل الشاحن.
2025-10-06 13:25:09,264 - BatteryGuard - INFO - ✅ إشعار: 🤖 توصية ذكية
2025-10-06 13:25:16,309 - BatteryGuard - INFO - تم حفظ بيانات AI - الأنماط: 4, درجة الكفاءة: 100
2025-10-06 13:25:36,421 - BatteryGuard - INFO - تم حفظ بيانات AI - الأنماط: 3, درجة الكفاءة: 100
2025-10-06 13:25:36,421 - BatteryGuard - INFO - تم إجراء تحليل عميق متقدم للبيانات وحفظها
2025-10-06 13:33:16,182 - BatteryGuard - INFO - ✅ الطرق المتاحة: tlp, upower
2025-10-06 13:33:16,183 - BatteryGuard - INFO - 📱 الجهاز: HP
2025-10-06 13:33:16,183 - BatteryGuard - INFO - ✅ تم تفعيل نظام التحكم المتقدم
2025-10-06 13:33:16,183 - BatteryGuard - INFO - 📱 الطرق المتاحة: tlp, upower
2025-10-06 13:33:16,189 - BatteryGuard - INFO - تم تحميل بيانات AI بنجاح - الأنماط: 3, التوصيات: 2
2025-10-06 13:33:16,190 - BatteryGuard - INFO - ✅ نظام الإشعارات: Notify (Linux)
2025-10-06 13:33:16,580 - BatteryGuard - INFO - تم بدء المراقبة بنجاح
2025-10-06 13:33:16,634 - BatteryGuard - INFO - تم تشغيل BatteryGuard Pro بنجاح
2025-10-06 13:33:54,693 - BatteryGuard - INFO - تم حفظ بيانات AI - الأنماط: 3, درجة الكفاءة: 100
2025-10-06 13:33:54,694 - BatteryGuard - INFO - تم إجراء تحليل عميق متقدم للبيانات وحفظها
2025-10-06 13:34:54,804 - BatteryGuard - INFO - تم حفظ بيانات AI - الأنماط: 3, درجة الكفاءة: 100
2025-10-06 13:34:54,804 - BatteryGuard - INFO - تم إجراء تحليل عميق متقدم للبيانات وحفظها
2025-10-06 13:34:54,840 - BatteryGuard - INFO - تم حفظ بيانات AI - الأنماط: 3, درجة الكفاءة: 100
2025-10-06 13:35:54,936 - BatteryGuard - INFO - تم حفظ بيانات AI - الأنماط: 3, درجة الكفاءة: 91
2025-10-06 13:35:54,937 - BatteryGuard - INFO - تم إجراء تحليل عميق متقدم للبيانات وحفظها
2025-10-06 13:36:34,995 - BatteryGuard - INFO - تم حفظ بيانات AI - الأنماط: 3, درجة الكفاءة: 91
2025-10-06 13:36:55,081 - BatteryGuard - INFO - تم حفظ بيانات AI - الأنماط: 3, درجة الكفاءة: 80
2025-10-06 13:36:55,081 - BatteryGuard - INFO - تم إجراء تحليل عميق متقدم للبيانات وحفظها
2025-10-06 13:37:55,178 - BatteryGuard - INFO - تم حفظ بيانات AI - الأنماط: 3, درجة الكفاءة: 70
2025-10-06 13:37:55,178 - BatteryGuard - INFO - تم إجراء تحليل عميق متقدم للبيانات وحفظها
2025-10-06 13:38:15,215 - BatteryGuard - INFO - تم حفظ بيانات AI - الأنماط: 3, درجة الكفاءة: 70
2025-10-06 13:38:16,175 - BatteryGuard - INFO - تم حفظ بيانات AI - الأنماط: 3, درجة الكفاءة: 70
2025-10-06 13:38:55,316 - BatteryGuard - INFO - تم حفظ بيانات AI - الأنماط: 3, درجة الكفاءة: 59
2025-10-06 13:38:55,316 - BatteryGuard - INFO - تم إجراء تحليل عميق متقدم للبيانات وحفظها
2025-10-06 13:38:56,201 - BatteryGuard - INFO - ✅ إشعار: 🤖 توصية ذكية
2025-10-06 13:39:55,449 - BatteryGuard - INFO - تم حفظ بيانات AI - الأنماط: 3, درجة الكفاءة: 60
2025-10-06 13:39:55,449 - BatteryGuard - INFO - تم إجراء تحليل عميق متقدم للبيانات وحفظها
2025-10-06 13:39:55,481 - BatteryGuard - INFO - تم حفظ بيانات AI - الأنماط: 3, درجة الكفاءة: 60
2025-10-06 13:40:55,614 - BatteryGuard - INFO - تم حفظ بيانات AI - الأنماط: 3, درجة الكفاءة: 60
2025-10-06 13:40:55,615 - BatteryGuard - INFO - تم إجراء تحليل عميق متقدم للبيانات وحفظها
2025-10-06 13:41:35,700 - BatteryGuard - INFO - تم حفظ بيانات AI - الأنماط: 3, درجة الكفاءة: 60
2025-10-06 13:41:55,789 - BatteryGuard - INFO - تم حفظ بيانات AI - الأنماط: 3, درجة الكفاءة: 63
2025-10-06 13:41:55,790 - BatteryGuard - INFO - تم إجراء تحليل عميق متقدم للبيانات وحفظها
2025-10-06 13:42:55,921 - BatteryGuard - INFO - تم حفظ بيانات AI - الأنماط: 3, درجة الكفاءة: 69
2025-10-06 13:42:55,921 - BatteryGuard - INFO - تم إجراء تحليل عميق متقدم للبيانات وحفظها
2025-10-06 13:43:15,976 - BatteryGuard - INFO - تم حفظ بيانات AI - الأنماط: 3, درجة الكفاءة: 69
2025-10-06 13:43:16,230 - BatteryGuard - INFO - تم حفظ بيانات AI - الأنماط: 3, درجة الكفاءة: 69
2025-10-06 13:43:56,081 - BatteryGuard - INFO - تم حفظ بيانات AI - الأنماط: 3, درجة الكفاءة: 75
2025-10-06 13:43:56,082 - BatteryGuard - INFO - تم إجراء تحليل عميق متقدم للبيانات وحفظها
2025-10-06 13:44:56,207 - BatteryGuard - INFO - تم حفظ بيانات AI - الأنماط: 3, درجة الكفاءة: 81
2025-10-06 13:44:56,207 - BatteryGuard - INFO - تم إجراء تحليل عميق متقدم للبيانات وحفظها
2025-10-06 13:44:56,235 - BatteryGuard - INFO - تم حفظ بيانات AI - الأنماط: 3, درجة الكفاءة: 81
2025-10-06 13:45:56,358 - BatteryGuard - INFO - تم حفظ بيانات AI - الأنماط: 3, درجة الكفاءة: 87
2025-10-06 13:45:56,359 - BatteryGuard - INFO - تم إجراء تحليل عميق متقدم للبيانات وحفظها
2025-10-06 13:46:36,418 - BatteryGuard - INFO - تم حفظ بيانات AI - الأنماط: 3, درجة الكفاءة: 87
2025-10-06 13:46:56,511 - BatteryGuard - INFO - تم حفظ بيانات AI - الأنماط: 3, درجة الكفاءة: 93
2025-10-06 13:46:56,511 - BatteryGuard - INFO - تم إجراء تحليل عميق متقدم للبيانات وحفظها
2025-10-06 13:47:56,641 - BatteryGuard - INFO - تم حفظ بيانات AI - الأنماط: 3, درجة الكفاءة: 99
2025-10-06 13:47:56,641 - BatteryGuard - INFO - تم إجراء تحليل عميق متقدم للبيانات وحفظها
2025-10-06 13:48:16,190 - BatteryGuard - INFO - تم حفظ بيانات AI - الأنماط: 3, درجة الكفاءة: 99
2025-10-06 13:48:16,697 - BatteryGuard - INFO - تم حفظ بيانات AI - الأنماط: 3, درجة الكفاءة: 99
2025-10-06 13:48:56,799 - BatteryGuard - INFO - تم حفظ بيانات AI - الأنماط: 3, درجة الكفاءة: 100
2025-10-06 13:48:56,799 - BatteryGuard - INFO - تم إجراء تحليل عميق متقدم للبيانات وحفظها
2025-10-06 13:49:56,928 - BatteryGuard - INFO - تم حفظ بيانات AI - الأنماط: 3, درجة الكفاءة: 100
2025-10-06 13:49:56,929 - BatteryGuard - INFO - تم إجراء تحليل عميق متقدم للبيانات وحفظها
2025-10-06 13:49:56,963 - BatteryGuard - INFO - تم حفظ بيانات AI - الأنماط: 3, درجة الكفاءة: 100
2025-10-06 13:50:57,111 - BatteryGuard - INFO - تم حفظ بيانات AI - الأنماط: 3, درجة الكفاءة: 100
2025-10-06 13:50:57,112 - BatteryGuard - INFO - تم إجراء تحليل عميق متقدم للبيانات وحفظها
2025-10-06 13:51:37,168 - BatteryGuard - INFO - تم حفظ بيانات AI - الأنماط: 3, درجة الكفاءة: 100
2025-10-06 13:51:57,271 - BatteryGuard - INFO - تم حفظ بيانات AI - الأنماط: 3, درجة الكفاءة: 100
2025-10-06 13:51:57,271 - BatteryGuard - INFO - تم إجراء تحليل عميق متقدم للبيانات وحفظها
2025-10-06 13:52:18,975 - BatteryGuard - INFO - ✅ الطرق المتاحة: tlp, upower
2025-10-06 13:52:18,975 - BatteryGuard - INFO - 📱 الجهاز: HP
2025-10-06 13:52:18,975 - BatteryGuard - INFO - ✅ تم تفعيل نظام التحكم المتقدم
2025-10-06 13:52:18,975 - BatteryGuard - INFO - 📱 الطرق المتاحة: tlp, upower
2025-10-06 13:52:18,986 - BatteryGuard - INFO - تم تحميل بيانات AI بنجاح - الأنماط: 3, التوصيات: 4
2025-10-06 13:52:18,987 - BatteryGuard - INFO - ✅ نظام الإشعارات: Notify (Linux)
2025-10-06 13:52:19,652 - BatteryGuard - INFO - تم بدء المراقبة بنجاح
2025-10-06 13:52:19,736 - BatteryGuard - INFO - تم تشغيل BatteryGuard Pro بنجاح
2025-10-06 13:52:35,868 - BatteryGuard - INFO - ✅ تم الحصول على صلاحيات sudo بنجاح
2025-10-06 13:52:35,870 - BatteryGuard - INFO - ✅ تم مزامنة الصلاحيات مع جميع المكونات
2025-10-06 13:52:43,019 - BatteryGuard - ERROR - خطأ في التحسين الذكي: 'BatteryOptimizer' object has no attribute '_record_optimization_results'
2025-10-06 13:52:57,420 - BatteryGuard - INFO - تم حفظ بيانات AI - الأنماط: 3, درجة الكفاءة: 100
2025-10-06 13:52:57,420 - BatteryGuard - INFO - تم إجراء تحليل عميق متقدم للبيانات وحفظها
2025-10-06 13:52:57,815 - BatteryGuard - INFO - تم حفظ بيانات AI - الأنماط: 2, درجة الكفاءة: 100
2025-10-06 13:52:57,815 - BatteryGuard - INFO - تم إجراء تحليل عميق متقدم للبيانات وحفظها
2025-10-06 13:53:16,172 - BatteryGuard - INFO - تم حفظ بيانات AI - الأنماط: 3, درجة الكفاءة: 100
2025-10-06 13:53:17,457 - BatteryGuard - INFO - تم حفظ بيانات AI - الأنماط: 3, درجة الكفاءة: 100
2025-10-06 13:53:28,346 - BatteryGuard - INFO - إيقاف البرنامج...
2025-10-06 13:53:29,386 - BatteryGuard - INFO - تم حفظ بيانات AI - الأنماط: 3, درجة الكفاءة: 100
2025-10-06 13:53:29,423 - BatteryGuard - INFO - تم حفظ بيانات AI - الأنماط: 3, درجة الكفاءة: 100
2025-10-06 13:53:32,110 - BatteryGuard - INFO - إيقاف البرنامج...
2025-10-06 13:53:33,157 - BatteryGuard - INFO - تم حفظ بيانات AI - الأنماط: 2, درجة الكفاءة: 100
2025-10-06 13:53:33,187 - BatteryGuard - INFO - تم حفظ بيانات AI - الأنماط: 2, درجة الكفاءة: 100
2025-10-06 14:15:41,971 - BatteryGuard - INFO - ✅ الطرق المتاحة: tlp, upower
2025-10-06 14:15:41,971 - BatteryGuard - INFO - 📱 الجهاز: HP
2025-10-06 14:15:41,972 - BatteryGuard - INFO - ✅ تم تفعيل نظام التحكم المتقدم
2025-10-06 14:15:41,972 - BatteryGuard - INFO - 📱 الطرق المتاحة: tlp, upower
2025-10-06 14:15:41,984 - BatteryGuard - INFO - تم تحميل بيانات AI بنجاح - الأنماط: 2, التوصيات: 3
2025-10-06 14:15:41,985 - BatteryGuard - INFO - ✅ نظام الإشعارات: Notify (Linux)
2025-10-06 14:15:42,979 - BatteryGuard - INFO - تم بدء المراقبة بنجاح
2025-10-06 14:15:43,087 - BatteryGuard - INFO - تم تشغيل BatteryGuard Pro بنجاح
2025-10-06 14:16:05,898 - BatteryGuard - INFO - ✅ تم الحصول على صلاحيات sudo بنجاح
2025-10-06 14:16:05,899 - BatteryGuard - INFO - ✅ تم مزامنة الصلاحيات مع جميع المكونات
2025-10-06 14:16:09,879 - BatteryGuard - INFO - تم تحسين البطارية - توفير متوقع 40%
2025-10-06 14:16:21,186 - BatteryGuard - INFO - تم حفظ بيانات AI - الأنماط: 2, درجة الكفاءة: 100
2025-10-06 14:16:21,186 - BatteryGuard - INFO - تم إجراء تحليل عميق متقدم للبيانات وحفظها
2025-10-06 14:17:21,307 - BatteryGuard - INFO - تم حفظ بيانات AI - الأنماط: 2, درجة الكفاءة: 100
2025-10-06 14:17:21,308 - BatteryGuard - INFO - تم إجراء تحليل عميق متقدم للبيانات وحفظها
2025-10-06 14:17:21,337 - BatteryGuard - INFO - تم حفظ بيانات AI - الأنماط: 2, درجة الكفاءة: 100
2025-10-06 14:18:21,451 - BatteryGuard - INFO - تم حفظ بيانات AI - الأنماط: 2, درجة الكفاءة: 100
2025-10-06 14:18:21,451 - BatteryGuard - INFO - تم إجراء تحليل عميق متقدم للبيانات وحفظها
2025-10-06 14:19:01,499 - BatteryGuard - INFO - تم حفظ بيانات AI - الأنماط: 2, درجة الكفاءة: 100
2025-10-06 14:19:21,554 - BatteryGuard - INFO - تم حفظ بيانات AI - الأنماط: 2, درجة الكفاءة: 100
2025-10-06 14:19:21,554 - BatteryGuard - INFO - تم إجراء تحليل عميق متقدم للبيانات وحفظها
2025-10-06 14:20:21,632 - BatteryGuard - INFO - تم حفظ بيانات AI - الأنماط: 2, درجة الكفاءة: 100
2025-10-06 14:20:21,632 - BatteryGuard - INFO - تم إجراء تحليل عميق متقدم للبيانات وحفظها
2025-10-06 14:20:41,663 - BatteryGuard - INFO - تم حفظ بيانات AI - الأنماط: 2, درجة الكفاءة: 100
2025-10-06 14:20:42,167 - BatteryGuard - INFO - تم حفظ بيانات AI - الأنماط: 2, درجة الكفاءة: 100
2025-10-06 14:21:21,732 - BatteryGuard - INFO - تم حفظ بيانات AI - الأنماط: 2, درجة الكفاءة: 100
2025-10-06 14:21:21,732 - BatteryGuard - INFO - تم إجراء تحليل عميق متقدم للبيانات وحفظها
2025-10-06 14:22:21,819 - BatteryGuard - INFO - تم حفظ بيانات AI - الأنماط: 2, درجة الكفاءة: 100
2025-10-06 14:22:21,819 - BatteryGuard - INFO - تم إجراء تحليل عميق متقدم للبيانات وحفظها
2025-10-06 14:22:21,847 - BatteryGuard - INFO - تم حفظ بيانات AI - الأنماط: 2, درجة الكفاءة: 100
2025-10-06 14:23:21,930 - BatteryGuard - INFO - تم حفظ بيانات AI - الأنماط: 2, درجة الكفاءة: 100
2025-10-06 14:23:21,930 - BatteryGuard - INFO - تم إجراء تحليل عميق متقدم للبيانات وحفظها
2025-10-06 14:24:01,985 - BatteryGuard - INFO - تم حفظ بيانات AI - الأنماط: 2, درجة الكفاءة: 100
2025-10-06 14:24:22,048 - BatteryGuard - INFO - تم حفظ بيانات AI - الأنماط: 2, درجة الكفاءة: 100
2025-10-06 14:24:22,048 - BatteryGuard - INFO - تم إجراء تحليل عميق متقدم للبيانات وحفظها
2025-10-06 14:25:22,137 - BatteryGuard - INFO - تم حفظ بيانات AI - الأنماط: 2, درجة الكفاءة: 100
2025-10-06 14:25:22,137 - BatteryGuard - INFO - تم إجراء تحليل عميق متقدم للبيانات وحفظها
2025-10-06 14:25:42,170 - BatteryGuard - INFO - تم حفظ بيانات AI - الأنماط: 2, درجة الكفاءة: 100
2025-10-06 14:25:42,197 - BatteryGuard - INFO - تم حفظ بيانات AI - الأنماط: 2, درجة الكفاءة: 100
2025-10-06 14:26:22,272 - BatteryGuard - INFO - تم حفظ بيانات AI - الأنماط: 2, درجة الكفاءة: 100
2025-10-06 14:26:22,272 - BatteryGuard - INFO - تم إجراء تحليل عميق متقدم للبيانات وحفظها
2025-10-06 14:27:22,379 - BatteryGuard - INFO - تم حفظ بيانات AI - الأنماط: 2, درجة الكفاءة: 100
2025-10-06 14:27:22,380 - BatteryGuard - INFO - تم إجراء تحليل عميق متقدم للبيانات وحفظها
2025-10-06 14:27:22,408 - BatteryGuard - INFO - تم حفظ بيانات AI - الأنماط: 2, درجة الكفاءة: 100
2025-10-06 14:28:22,513 - BatteryGuard - INFO - تم حفظ بيانات AI - الأنماط: 2, درجة الكفاءة: 100
2025-10-06 14:28:22,513 - BatteryGuard - INFO - تم إجراء تحليل عميق متقدم للبيانات وحفظها
2025-10-06 14:29:02,556 - BatteryGuard - INFO - تم حفظ بيانات AI - الأنماط: 2, درجة الكفاءة: 100
2025-10-06 14:29:22,667 - BatteryGuard - INFO - تم حفظ بيانات AI - الأنماط: 2, درجة الكفاءة: 100
2025-10-06 14:29:22,668 - BatteryGuard - INFO - تم إجراء تحليل عميق متقدم للبيانات وحفظها
2025-10-06 14:30:22,813 - BatteryGuard - INFO - تم حفظ بيانات AI - الأنماط: 3, درجة الكفاءة: 100
2025-10-06 14:30:22,813 - BatteryGuard - INFO - تم إجراء تحليل عميق متقدم للبيانات وحفظها
2025-10-06 14:30:42,174 - BatteryGuard - INFO - تم حفظ بيانات AI - الأنماط: 3, درجة الكفاءة: 100
2025-10-06 14:30:42,872 - BatteryGuard - INFO - تم حفظ بيانات AI - الأنماط: 3, درجة الكفاءة: 100
2025-10-06 14:31:23,055 - BatteryGuard - INFO - تم حفظ بيانات AI - الأنماط: 3, درجة الكفاءة: 100
2025-10-06 14:31:23,055 - BatteryGuard - INFO - تم إجراء تحليل عميق متقدم للبيانات وحفظها
2025-10-06 14:32:23,209 - BatteryGuard - INFO - تم حفظ بيانات AI - الأنماط: 3, درجة الكفاءة: 100
2025-10-06 14:32:23,209 - BatteryGuard - INFO - تم إجراء تحليل عميق متقدم للبيانات وحفظها
2025-10-06 14:32:23,238 - BatteryGuard - INFO - تم حفظ بيانات AI - الأنماط: 3, درجة الكفاءة: 100
2025-10-06 14:33:23,395 - BatteryGuard - INFO - تم حفظ بيانات AI - الأنماط: 3, درجة الكفاءة: 100
2025-10-06 14:33:23,395 - BatteryGuard - INFO - تم إجراء تحليل عميق متقدم للبيانات وحفظها
2025-10-06 14:34:03,463 - BatteryGuard - INFO - تم حفظ بيانات AI - الأنماط: 3, درجة الكفاءة: 100
2025-10-06 14:34:23,604 - BatteryGuard - INFO - تم حفظ بيانات AI - الأنماط: 3, درجة الكفاءة: 100
2025-10-06 14:34:23,604 - BatteryGuard - INFO - تم إجراء تحليل عميق متقدم للبيانات وحفظها
2025-10-06 14:35:23,752 - BatteryGuard - INFO - تم حفظ بيانات AI - الأنماط: 3, درجة الكفاءة: 100
2025-10-06 14:35:23,752 - BatteryGuard - INFO - تم إجراء تحليل عميق متقدم للبيانات وحفظها
2025-10-06 14:35:42,171 - BatteryGuard - INFO - تم حفظ بيانات AI - الأنماط: 3, درجة الكفاءة: 100
2025-10-06 14:35:43,814 - BatteryGuard - INFO - تم حفظ بيانات AI - الأنماط: 3, درجة الكفاءة: 100
2025-10-06 14:36:23,942 - BatteryGuard - INFO - تم حفظ بيانات AI - الأنماط: 3, درجة الكفاءة: 100
2025-10-06 14:36:23,942 - BatteryGuard - INFO - تم إجراء تحليل عميق متقدم للبيانات وحفظها
2025-10-06 14:37:24,102 - BatteryGuard - INFO - تم حفظ بيانات AI - الأنماط: 3, درجة الكفاءة: 100
2025-10-06 14:37:24,103 - BatteryGuard - INFO - تم إجراء تحليل عميق متقدم للبيانات وحفظها
2025-10-06 14:37:24,133 - BatteryGuard - INFO - تم حفظ بيانات AI - الأنماط: 3, درجة الكفاءة: 100
2025-10-06 14:38:24,319 - BatteryGuard - INFO - تم حفظ بيانات AI - الأنماط: 3, درجة الكفاءة: 100
2025-10-06 14:38:24,319 - BatteryGuard - INFO - تم إجراء تحليل عميق متقدم للبيانات وحفظها
2025-10-06 14:39:04,408 - BatteryGuard - INFO - تم حفظ بيانات AI - الأنماط: 3, درجة الكفاءة: 100
2025-10-06 14:39:24,550 - BatteryGuard - INFO - تم حفظ بيانات AI - الأنماط: 3, درجة الكفاءة: 100
2025-10-06 14:39:24,550 - BatteryGuard - INFO - تم إجراء تحليل عميق متقدم للبيانات وحفظها
2025-10-06 14:40:24,724 - BatteryGuard - INFO - تم حفظ بيانات AI - الأنماط: 3, درجة الكفاءة: 100
2025-10-06 14:40:24,724 - BatteryGuard - INFO - تم إجراء تحليل عميق متقدم للبيانات وحفظها
2025-10-06 14:40:42,225 - BatteryGuard - INFO - تم حفظ بيانات AI - الأنماط: 3, درجة الكفاءة: 100
2025-10-06 14:40:44,796 - BatteryGuard - INFO - تم حفظ بيانات AI - الأنماط: 3, درجة الكفاءة: 100
2025-10-06 14:41:24,996 - BatteryGuard - INFO - تم حفظ بيانات AI - الأنماط: 3, درجة الكفاءة: 100
2025-10-06 14:41:24,996 - BatteryGuard - INFO - تم إجراء تحليل عميق متقدم للبيانات وحفظها
2025-10-06 14:42:25,202 - BatteryGuard - INFO - تم حفظ بيانات AI - الأنماط: 3, درجة الكفاءة: 100
2025-10-06 14:42:25,202 - BatteryGuard - INFO - تم إجراء تحليل عميق متقدم للبيانات وحفظها
2025-10-06 14:42:25,230 - BatteryGuard - INFO - تم حفظ بيانات AI - الأنماط: 3, درجة الكفاءة: 100
2025-10-06 14:43:25,370 - BatteryGuard - INFO - تم حفظ بيانات AI - الأنماط: 3, درجة الكفاءة: 100
2025-10-06 14:43:25,370 - BatteryGuard - INFO - تم إجراء تحليل عميق متقدم للبيانات وحفظها
2025-10-06 14:44:05,414 - BatteryGuard - INFO - تم حفظ بيانات AI - الأنماط: 3, درجة الكفاءة: 100
2025-10-06 14:44:25,524 - BatteryGuard - INFO - تم حفظ بيانات AI - الأنماط: 3, درجة الكفاءة: 100
2025-10-06 14:44:25,524 - BatteryGuard - INFO - تم إجراء تحليل عميق متقدم للبيانات وحفظها
2025-10-06 14:45:25,666 - BatteryGuard - INFO - تم حفظ بيانات AI - الأنماط: 3, درجة الكفاءة: 100
2025-10-06 14:45:25,666 - BatteryGuard - INFO - تم إجراء تحليل عميق متقدم للبيانات وحفظها
2025-10-06 14:45:42,172 - BatteryGuard - INFO - تم حفظ بيانات AI - الأنماط: 3, درجة الكفاءة: 100
2025-10-06 14:45:45,697 - BatteryGuard - INFO - تم حفظ بيانات AI - الأنماط: 3, درجة الكفاءة: 100
2025-10-06 14:45:50,005 - BatteryGuard - INFO - إيقاف البرنامج...
2025-10-06 14:45:51,037 - BatteryGuard - INFO - تم حفظ بيانات AI - الأنماط: 3, درجة الكفاءة: 100
2025-10-06 14:45:51,065 - BatteryGuard - INFO - تم حفظ بيانات AI - الأنماط: 3, درجة الكفاءة: 100
2025-10-06 15:08:46,280 - BatteryGuard - INFO - ✅ الطرق المتاحة: tlp, upower
2025-10-06 15:08:46,281 - BatteryGuard - INFO - 📱 الجهاز: HP
2025-10-06 15:08:46,281 - BatteryGuard - INFO - ✅ تم تفعيل نظام التحكم المتقدم
2025-10-06 15:08:46,281 - BatteryGuard - INFO - 📱 الطرق المتاحة: tlp, upower
2025-10-06 15:08:46,295 - BatteryGuard - INFO - تم تحميل بيانات AI بنجاح - الأنماط: 3, التوصيات: 3
2025-10-06 15:08:46,296 - BatteryGuard - INFO - ✅ نظام الإشعارات: Notify (Linux)
2025-10-06 15:08:46,296 - BatteryGuard - INFO - ✅ نظام الأصوات: متاح
2025-10-06 15:11:16,223 - BatteryGuard - INFO - ✅ الطرق المتاحة: tlp, upower
2025-10-06 15:11:16,224 - BatteryGuard - INFO - 📱 الجهاز: HP
2025-10-06 15:11:16,225 - BatteryGuard - INFO - ✅ تم تفعيل نظام التحكم المتقدم
2025-10-06 15:11:16,225 - BatteryGuard - INFO - 📱 الطرق المتاحة: tlp, upower
2025-10-06 15:11:16,239 - BatteryGuard - INFO - تم تحميل بيانات AI بنجاح - الأنماط: 3, التوصيات: 3
2025-10-06 15:11:16,240 - BatteryGuard - INFO - ✅ نظام الإشعارات: Notify (Linux)
2025-10-06 15:11:16,240 - BatteryGuard - INFO - ✅ نظام الأصوات: متاح
2025-10-06 15:14:46,589 - BatteryGuard - INFO - ✅ الطرق المتاحة: tlp, upower
2025-10-06 15:14:46,590 - BatteryGuard - INFO - 📱 الجهاز: HP
2025-10-06 15:14:46,590 - BatteryGuard - INFO - ✅ تم تفعيل نظام التحكم المتقدم
2025-10-06 15:14:46,590 - BatteryGuard - INFO - 📱 الطرق المتاحة: tlp, upower
2025-10-06 15:14:46,599 - BatteryGuard - INFO - تم تحميل بيانات AI بنجاح - الأنماط: 3, التوصيات: 3
2025-10-06 15:14:46,600 - BatteryGuard - INFO - ✅ نظام الإشعارات: Notify (Linux)
2025-10-06 15:14:46,600 - BatteryGuard - INFO - ✅ نظام الأصوات: متاح
2025-10-06 15:31:58,526 - BatteryGuard - INFO - ✅ الطرق المتاحة: tlp, upower
2025-10-06 15:31:58,527 - BatteryGuard - INFO - 📱 الجهاز: HP
2025-10-06 15:31:58,527 - BatteryGuard - INFO - ✅ تم تفعيل نظام التحكم المتقدم
2025-10-06 15:31:58,527 - BatteryGuard - INFO - 📱 الطرق المتاحة: tlp, upower
2025-10-06 15:31:58,533 - BatteryGuard - INFO - تم تحميل بيانات AI بنجاح - الأنماط: 3, التوصيات: 3
2025-10-06 15:31:58,536 - BatteryGuard - INFO - ✅ نظام الإشعارات: Notify (Linux)
2025-10-06 15:31:58,537 - BatteryGuard - INFO - ✅ نظام الأصوات: متاح
2025-10-06 16:23:37,458 - BatteryGuard - INFO - ✅ الطرق المتاحة: tlp, upower
2025-10-06 16:23:37,458 - BatteryGuard - INFO - 📱 الجهاز: HP
2025-10-06 16:23:37,458 - BatteryGuard - INFO - ✅ تم تفعيل نظام التحكم المتقدم
2025-10-06 16:23:37,458 - BatteryGuard - INFO - 📱 الطرق المتاحة: tlp, upower
2025-10-06 16:23:37,464 - BatteryGuard - INFO - تم تحميل بيانات AI بنجاح - الأنماط: 3, التوصيات: 3
2025-10-06 16:23:37,465 - BatteryGuard - INFO - ✅ نظام الإشعارات: Notify (Linux)
2025-10-06 16:23:37,465 - BatteryGuard - INFO - ✅ نظام الأصوات: متاح
2025-10-06 16:29:12,158 - BatteryGuard - INFO - ✅ الطرق المتاحة: tlp, upower
2025-10-06 16:29:12,159 - BatteryGuard - INFO - 📱 الجهاز: HP
2025-10-06 16:29:12,159 - BatteryGuard - INFO - ✅ تم تفعيل نظام التحكم المتقدم
2025-10-06 16:29:12,159 - BatteryGuard - INFO - 📱 الطرق المتاحة: tlp, upower
2025-10-06 16:29:12,165 - BatteryGuard - INFO - تم تحميل بيانات AI بنجاح - الأنماط: 3, التوصيات: 3
2025-10-06 16:29:12,166 - BatteryGuard - INFO - ✅ نظام الإشعارات: Notify (Linux)
2025-10-06 16:29:12,166 - BatteryGuard - INFO - ✅ نظام الأصوات: متاح
2025-10-06 16:38:35,601 - BatteryGuard - INFO - ✅ الطرق المتاحة: tlp, upower
2025-10-06 16:38:35,602 - BatteryGuard - INFO - 📱 الجهاز: HP
2025-10-06 16:38:35,602 - BatteryGuard - INFO - ✅ تم تفعيل نظام التحكم المتقدم
2025-10-06 16:38:35,603 - BatteryGuard - INFO - 📱 الطرق المتاحة: tlp, upower
2025-10-06 16:38:35,619 - BatteryGuard - INFO - تم تحميل بيانات AI بنجاح - الأنماط: 3, التوصيات: 3
2025-10-06 16:38:35,620 - BatteryGuard - INFO - ✅ نظام الإشعارات: Notify (Linux)
2025-10-06 16:38:35,620 - BatteryGuard - INFO - ✅ نظام الأصوات: متاح
2025-10-13 12:40:09,419 - BatteryGuard - INFO - ✅ الطرق المتاحة: tlp, upower
2025-10-13 12:40:09,419 - BatteryGuard - INFO - 📱 الجهاز: HP
2025-10-13 12:40:09,419 - BatteryGuard - INFO - ✅ تم تفعيل نظام التحكم المتقدم
2025-10-13 12:40:09,419 - BatteryGuard - INFO - 📱 الطرق المتاحة: tlp, upower
2025-10-13 12:40:09,428 - BatteryGuard - INFO - تم تحميل بيانات AI بنجاح - الأنماط: 3, التوصيات: 3
2025-10-13 12:40:09,429 - BatteryGuard - INFO - ✅ نظام الإشعارات: Notify (Linux)
2025-10-13 12:40:09,429 - BatteryGuard - INFO - ✅ نظام الأصوات: متاح
2025-10-13 13:01:04,293 - BatteryGuard - INFO - ✅ الطرق المتاحة: tlp, upower
2025-10-13 13:01:04,294 - BatteryGuard - INFO - 📱 الجهاز: HP
2025-10-13 13:01:04,294 - BatteryGuard - INFO - ✅ تم تفعيل نظام التحكم المتقدم
2025-10-13 13:01:04,294 - BatteryGuard - INFO - 📱 الطرق المتاحة: tlp, upower
2025-10-13 13:01:04,309 - BatteryGuard - INFO - تم تحميل بيانات AI بنجاح - الأنماط: 3, التوصيات: 3
2025-10-13 13:01:04,310 - BatteryGuard - INFO - ✅ نظام الإشعارات: Notify (Linux)
2025-10-13 13:01:04,310 - BatteryGuard - INFO - ✅ نظام الأصوات: متاح
2025-10-14 03:39:51,835 - BatteryGuard - INFO - ✅ الطرق المتاحة: tlp, upower
2025-10-14 03:39:51,836 - BatteryGuard - INFO - 📱 الجهاز: HP
2025-10-14 03:39:51,836 - BatteryGuard - INFO - ✅ تم تفعيل نظام التحكم المتقدم
2025-10-14 03:39:51,836 - BatteryGuard - INFO - 📱 الطرق المتاحة: tlp, upower
2025-10-14 03:39:51,844 - BatteryGuard - INFO - تم تحميل بيانات AI بنجاح - الأنماط: 3, التوصيات: 3
2025-10-14 03:39:51,844 - BatteryGuard - INFO - ✅ نظام الإشعارات: Notify (Linux)
2025-10-14 03:39:51,844 - BatteryGuard - INFO - ✅ نظام الأصوات: متاح
2025-10-14 03:39:52,425 - BatteryGuard - INFO - تم بدء المراقبة بنجاح
2025-10-14 03:39:52,517 - BatteryGuard - INFO - تم تشغيل BatteryGuard Pro بنجاح
2025-10-14 03:39:52,585 - BatteryGuard - INFO - ✓ اكتمل الشحن الأمثل: البطارية عند 92%. يمكن فصل الشاحن للحفاظ على عمر البطارية.
2025-10-14 03:40:30,621 - BatteryGuard - INFO - تم حفظ بيانات AI - الأنماط: 1, درجة الكفاءة: 100
2025-10-14 03:40:30,621 - BatteryGuard - INFO - تم إجراء تحليل عميق متقدم للبيانات وحفظها
2025-10-14 03:41:12,039 - BatteryGuard - INFO - ✅ تم الحصول على صلاحيات sudo بنجاح
2025-10-14 03:41:12,044 - BatteryGuard - INFO - ✅ تم مزامنة الصلاحيات مع جميع المكونات
2025-10-14 03:41:12,205 - BatteryGuard - INFO - تفعيل التحكم: سيتم استخدام الإشعارات فقط
2025-10-14 03:41:12,236 - BatteryGuard - INFO - ⚠️ تم حفظ الإعدادات - سيتم استخدام الإشعارات فقط
2025-10-14 03:41:12,266 - BatteryGuard - INFO - تم حفظ جميع الإعدادات
2025-10-14 03:41:12,762 - BatteryGuard - INFO - ⚡ التحكم في الشحن: ⚠️ افصل الشاحن يدوياً عند 79%
2025-10-14 03:41:14,770 - BatteryGuard - INFO - ⚡ التحكم في الشحن: تم الوصول للحد الأقصى (79%)
2025-10-14 03:41:16,766 - BatteryGuard - INFO - ⚡ التحكم في الشحن: تم الوصول للحد الأقصى (79%)
2025-10-14 03:41:18,768 - BatteryGuard - INFO - ⚡ التحكم في الشحن: تم الوصول للحد الأقصى (79%)
2025-10-14 03:41:20,769 - BatteryGuard - INFO - ⚡ التحكم في الشحن: تم الوصول للحد الأقصى (79%)
2025-10-14 03:41:22,769 - BatteryGuard - INFO - ⚡ التحكم في الشحن: تم الوصول للحد الأقصى (79%)
2025-10-14 03:41:24,770 - BatteryGuard - INFO - ⚡ التحكم في الشحن: تم الوصول للحد الأقصى (79%)
2025-10-14 03:41:26,783 - BatteryGuard - INFO - ⚡ التحكم في الشحن: تم الوصول للحد الأقصى (79%)
2025-10-14 03:41:28,785 - BatteryGuard - INFO - ⚡ التحكم في الشحن: تم الوصول للحد الأقصى (79%)
2025-10-14 03:41:30,805 - BatteryGuard - INFO - تم حفظ بيانات AI - الأنماط: 1, درجة الكفاءة: 100
2025-10-14 03:41:30,805 - BatteryGuard - INFO - تم إجراء تحليل عميق متقدم للبيانات وحفظها
2025-10-14 03:41:30,838 - BatteryGuard - INFO - تم حفظ بيانات AI - الأنماط: 1, درجة الكفاءة: 100
2025-10-14 03:41:30,882 - BatteryGuard - INFO - ⚡ التحكم في الشحن: تم الوصول للحد الأقصى (79%)
2025-10-14 03:41:32,877 - BatteryGuard - INFO - ⚡ التحكم في الشحن: تم الوصول للحد الأقصى (79%)
2025-10-14 03:41:34,875 - BatteryGuard - INFO - ⚡ التحكم في الشحن: تم الوصول للحد الأقصى (79%)
2025-10-14 03:41:36,880 - BatteryGuard - INFO - ⚡ التحكم في الشحن: تم الوصول للحد الأقصى (79%)
2025-10-14 03:41:38,887 - BatteryGuard - INFO - ⚡ التحكم في الشحن: تم الوصول للحد الأقصى (79%)
2025-10-14 03:41:40,879 - BatteryGuard - INFO - ⚡ التحكم في الشحن: تم الوصول للحد الأقصى (79%)
2025-10-14 03:41:42,880 - BatteryGuard - INFO - ⚡ التحكم في الشحن: تم الوصول للحد الأقصى (79%)
2025-10-14 03:41:44,882 - BatteryGuard - INFO - ⚡ التحكم في الشحن: تم الوصول للحد الأقصى (79%)
2025-10-14 03:41:46,885 - BatteryGuard - INFO - ⚡ التحكم في الشحن: تم الوصول للحد الأقصى (79%)
2025-10-14 03:41:48,887 - BatteryGuard - INFO - ⚡ التحكم في الشحن: تم الوصول للحد الأقصى (79%)
2025-10-14 03:41:50,900 - BatteryGuard - INFO - ⚡ التحكم في الشحن: تم الوصول للحد الأقصى (79%)
2025-10-14 03:41:52,897 - BatteryGuard - INFO - ⚡ التحكم في الشحن: تم الوصول للحد الأقصى (79%)
2025-10-14 03:41:54,913 - BatteryGuard - INFO - ⚡ التحكم في الشحن: تم الوصول للحد الأقصى (79%)
2025-10-14 03:41:56,902 - BatteryGuard - INFO - ⚡ التحكم في الشحن: تم الوصول للحد الأقصى (79%)
2025-10-14 03:41:58,904 - BatteryGuard - INFO - ⚡ التحكم في الشحن: تم الوصول للحد الأقصى (79%)
2025-10-14 03:42:00,905 - BatteryGuard - INFO - ⚡ التحكم في الشحن: تم الوصول للحد الأقصى (79%)
2025-10-14 03:42:02,925 - BatteryGuard - INFO - ⚡ التحكم في الشحن: تم الوصول للحد الأقصى (79%)
2025-10-14 03:42:04,908 - BatteryGuard - INFO - ⚡ التحكم في الشحن: تم الوصول للحد الأقصى (79%)
2025-10-14 03:42:06,899 - BatteryGuard - INFO - ⚡ التحكم في الشحن: تم الوصول للحد الأقصى (79%)
2025-10-14 03:42:08,907 - BatteryGuard - INFO - ⚡ التحكم في الشحن: تم الوصول للحد الأقصى (79%)
2025-10-14 03:42:10,907 - BatteryGuard - INFO - ⚡ التحكم في الشحن: تم الوصول للحد الأقصى (79%)
2025-10-14 03:42:12,908 - BatteryGuard - INFO - ⚡ التحكم في الشحن: تم الوصول للحد الأقصى (79%)
2025-10-14 03:42:14,910 - BatteryGuard - INFO - ⚡ التحكم في الشحن: تم الوصول للحد الأقصى (79%)
2025-10-14 03:42:16,913 - BatteryGuard - INFO - ⚡ التحكم في الشحن: تم الوصول للحد الأقصى (79%)
2025-10-14 03:42:18,916 - BatteryGuard - INFO - ⚡ التحكم في الشحن: تم الوصول للحد الأقصى (79%)
2025-10-14 03:42:20,916 - BatteryGuard - INFO - ⚡ التحكم في الشحن: تم الوصول للحد الأقصى (79%)
2025-10-14 03:42:22,917 - BatteryGuard - INFO - ⚡ التحكم في الشحن: تم الوصول للحد الأقصى (79%)
2025-10-14 03:42:24,918 - BatteryGuard - INFO - ⚡ التحكم في الشحن: تم الوصول للحد الأقصى (79%)
2025-10-14 03:42:26,919 - BatteryGuard - INFO - ⚡ التحكم في الشحن: تم الوصول للحد الأقصى (79%)
2025-10-14 03:42:28,919 - BatteryGuard - INFO - ⚡ التحكم في الشحن: تم الوصول للحد الأقصى (79%)
2025-10-14 03:42:30,931 - BatteryGuard - INFO - تم حفظ بيانات AI - الأنماط: 1, درجة الكفاءة: 100
2025-10-14 03:42:30,931 - BatteryGuard - INFO - تم إجراء تحليل عميق متقدم للبيانات وحفظها
2025-10-14 03:42:30,995 - BatteryGuard - INFO - ⚡ التحكم في الشحن: تم الوصول للحد الأقصى (79%)
2025-10-14 03:42:32,976 - BatteryGuard - INFO - ⚡ التحكم في الشحن: تم الوصول للحد الأقصى (79%)
2025-10-14 03:42:34,976 - BatteryGuard - INFO - ⚡ التحكم في الشحن: تم الوصول للحد الأقصى (79%)
2025-10-14 03:42:36,977 - BatteryGuard - INFO - ⚡ التحكم في الشحن: تم الوصول للحد الأقصى (79%)
2025-10-14 03:42:38,978 - BatteryGuard - INFO - ⚡ التحكم في الشحن: تم الوصول للحد الأقصى (79%)
2025-10-14 03:42:40,989 - BatteryGuard - INFO - ⚡ التحكم في الشحن: تم الوصول للحد الأقصى (79%)
2025-10-14 03:42:42,985 - BatteryGuard - INFO - ⚡ التحكم في الشحن: تم الوصول للحد الأقصى (79%)
2025-10-14 03:42:44,985 - BatteryGuard - INFO - ⚡ التحكم في الشحن: تم الوصول للحد الأقصى (79%)
2025-10-14 03:42:46,983 - BatteryGuard - INFO - ⚡ التحكم في الشحن: تم الوصول للحد الأقصى (79%)
2025-10-14 03:42:48,986 - BatteryGuard - INFO - ⚡ التحكم في الشحن: تم الوصول للحد الأقصى (79%)
2025-10-14 03:42:50,997 - BatteryGuard - INFO - ⚡ التحكم في الشحن: تم الوصول للحد الأقصى (79%)
2025-10-14 03:42:52,989 - BatteryGuard - INFO - ⚡ التحكم في الشحن: تم الوصول للحد الأقصى (79%)
2025-10-14 03:42:54,988 - BatteryGuard - INFO - ⚡ التحكم في الشحن: تم الوصول للحد الأقصى (79%)
2025-10-14 03:42:56,994 - BatteryGuard - INFO - ⚡ التحكم في الشحن: تم الوصول للحد الأقصى (79%)
2025-10-14 03:42:58,999 - BatteryGuard - INFO - ⚡ التحكم في الشحن: تم الوصول للحد الأقصى (79%)
2025-10-14 03:43:00,997 - BatteryGuard - INFO - ⚡ التحكم في الشحن: تم الوصول للحد الأقصى (79%)
2025-10-14 03:43:03,021 - BatteryGuard - INFO - ⚡ التحكم في الشحن: تم الوصول للحد الأقصى (79%)
2025-10-14 03:43:05,015 - BatteryGuard - INFO - ⚡ التحكم في الشحن: تم الوصول للحد الأقصى (79%)
2025-10-14 03:43:07,003 - BatteryGuard - INFO - ⚡ التحكم في الشحن: تم الوصول للحد الأقصى (79%)
2025-10-14 03:43:09,000 - BatteryGuard - INFO - ⚡ التحكم في الشحن: تم الوصول للحد الأقصى (79%)
2025-10-14 03:43:10,979 - BatteryGuard - INFO - تم حفظ بيانات AI - الأنماط: 1, درجة الكفاءة: 100
2025-10-14 03:43:11,026 - BatteryGuard - INFO - ⚡ التحكم في الشحن: تم الوصول للحد الأقصى (79%)
2025-10-14 03:43:13,640 - BatteryGuard - INFO - ⚡ التحكم في الشحن: تم الوصول للحد الأقصى (79%)
2025-10-14 03:43:15,644 - BatteryGuard - INFO - ⚡ التحكم في الشحن: تم الوصول للحد الأقصى (79%)
2025-10-14 03:43:17,639 - BatteryGuard - INFO - ⚡ التحكم في الشحن: تم الوصول للحد الأقصى (79%)
2025-10-14 03:43:19,638 - BatteryGuard - INFO - ⚡ التحكم في الشحن: تم الوصول للحد الأقصى (79%)
2025-10-14 03:43:21,652 - BatteryGuard - INFO - ⚡ التحكم في الشحن: تم الوصول للحد الأقصى (79%)
2025-10-14 03:43:23,648 - BatteryGuard - INFO - ⚡ التحكم في الشحن: تم الوصول للحد الأقصى (79%)
2025-10-14 03:43:25,660 - BatteryGuard - INFO - ⚡ التحكم في الشحن: تم الوصول للحد الأقصى (79%)
2025-10-14 03:43:27,646 - BatteryGuard - INFO - ⚡ التحكم في الشحن: تم الوصول للحد الأقصى (79%)
2025-10-14 03:43:29,647 - BatteryGuard - INFO - ⚡ التحكم في الشحن: تم الوصول للحد الأقصى (79%)
2025-10-14 03:43:31,654 - BatteryGuard - INFO - تم حفظ بيانات AI - الأنماط: 1, درجة الكفاءة: 97
2025-10-14 03:43:31,654 - BatteryGuard - INFO - تم إجراء تحليل عميق متقدم للبيانات وحفظها
2025-10-14 03:43:31,706 - BatteryGuard - INFO - ⚡ التحكم في الشحن: تم الوصول للحد الأقصى (79%)
2025-10-14 03:43:33,703 - BatteryGuard - INFO - ⚡ التحكم في الشحن: تم الوصول للحد الأقصى (79%)
2025-10-14 03:43:35,697 - BatteryGuard - INFO - ⚡ التحكم في الشحن: تم الوصول للحد الأقصى (79%)
2025-10-14 03:43:37,699 - BatteryGuard - INFO - ⚡ التحكم في الشحن: تم الوصول للحد الأقصى (79%)
2025-10-14 03:43:39,701 - BatteryGuard - INFO - ⚡ التحكم في الشحن: تم الوصول للحد الأقصى (79%)
2025-10-14 03:43:41,708 - BatteryGuard - INFO - ⚡ التحكم في الشحن: تم الوصول للحد الأقصى (79%)
2025-10-14 03:43:43,705 - BatteryGuard - INFO - ⚡ التحكم في الشحن: تم الوصول للحد الأقصى (79%)
2025-10-14 03:43:45,702 - BatteryGuard - INFO - ⚡ التحكم في الشحن: تم الوصول للحد الأقصى (79%)
2025-10-14 03:43:47,706 - BatteryGuard - INFO - ⚡ التحكم في الشحن: تم الوصول للحد الأقصى (79%)
2025-10-14 03:43:49,705 - BatteryGuard - INFO - ⚡ التحكم في الشحن: تم الوصول للحد الأقصى (79%)
2025-10-14 03:43:51,708 - BatteryGuard - INFO - ⚡ التحكم في الشحن: تم الوصول للحد الأقصى (79%)
2025-10-14 03:43:53,712 - BatteryGuard - INFO - ⚡ التحكم في الشحن: تم الوصول للحد الأقصى (79%)
2025-10-14 03:43:55,708 - BatteryGuard - INFO - ⚡ التحكم في الشحن: تم الوصول للحد الأقصى (79%)
2025-10-14 03:43:57,715 - BatteryGuard - INFO - ⚡ التحكم في الشحن: تم الوصول للحد الأقصى (79%)
2025-10-14 03:43:59,716 - BatteryGuard - INFO - ⚡ التحكم في الشحن: تم الوصول للحد الأقصى (79%)
2025-10-14 03:44:01,718 - BatteryGuard - INFO - ⚡ التحكم في الشحن: تم الوصول للحد الأقصى (79%)
2025-10-14 03:44:03,716 - BatteryGuard - INFO - ⚡ التحكم في الشحن: تم الوصول للحد الأقصى (79%)
2025-10-14 03:44:05,703 - BatteryGuard - INFO - ⚡ التحكم في الشحن: تم الوصول للحد الأقصى (79%)
2025-10-14 03:44:07,708 - BatteryGuard - INFO - ⚡ التحكم في الشحن: تم الوصول للحد الأقصى (79%)
2025-10-14 03:44:09,707 - BatteryGuard - INFO - ⚡ التحكم في الشحن: تم الوصول للحد الأقصى (79%)
2025-10-14 03:44:11,711 - BatteryGuard - INFO - ⚡ التحكم في الشحن: تم الوصول للحد الأقصى (79%)
2025-10-14 03:44:13,713 - BatteryGuard - INFO - ⚡ التحكم في الشحن: تم الوصول للحد الأقصى (79%)
2025-10-14 03:44:15,713 - BatteryGuard - INFO - ⚡ التحكم في الشحن: تم الوصول للحد الأقصى (79%)
2025-10-14 03:44:17,810 - BatteryGuard - INFO - ⚡ التحكم في الشحن: تم الوصول للحد الأقصى (79%)
2025-10-14 03:44:31,808 - BatteryGuard - INFO - تم حفظ بيانات AI - الأنماط: 1, درجة الكفاءة: 89
2025-10-14 03:44:31,809 - BatteryGuard - INFO - تم إجراء تحليل عميق متقدم للبيانات وحفظها
2025-10-14 03:44:34,676 - BatteryGuard - INFO - تم تحسين البطارية - توفير متوقع 53%
2025-10-14 03:44:51,886 - BatteryGuard - INFO - تم حفظ بيانات AI - الأنماط: 1, درجة الكفاءة: 89
2025-10-14 03:44:52,384 - BatteryGuard - INFO - تم حفظ بيانات AI - الأنماط: 1, درجة الكفاءة: 89
2025-10-14 03:45:32,033 - BatteryGuard - INFO - تم حفظ بيانات AI - الأنماط: 3, درجة الكفاءة: 84
2025-10-14 03:45:32,033 - BatteryGuard - INFO - تم إجراء تحليل عميق متقدم للبيانات وحفظها
2025-10-14 03:46:32,223 - BatteryGuard - INFO - تم حفظ بيانات AI - الأنماط: 3, درجة الكفاءة: 80
2025-10-14 03:46:32,223 - BatteryGuard - INFO - تم إجراء تحليل عميق متقدم للبيانات وحفظها
2025-10-14 03:46:32,289 - BatteryGuard - INFO - تم حفظ بيانات AI - الأنماط: 3, درجة الكفاءة: 80
2025-10-14 03:47:32,548 - BatteryGuard - INFO - تم حفظ بيانات AI - الأنماط: 3, درجة الكفاءة: 84
2025-10-14 03:47:32,549 - BatteryGuard - INFO - تم إجراء تحليل عميق متقدم للبيانات وحفظها
2025-10-14 03:48:12,693 - BatteryGuard - INFO - تم حفظ بيانات AI - الأنماط: 3, درجة الكفاءة: 84
2025-10-14 03:48:33,025 - BatteryGuard - INFO - تم حفظ بيانات AI - الأنماط: 3, درجة الكفاءة: 90
2025-10-14 03:48:33,027 - BatteryGuard - INFO - تم إجراء تحليل عميق متقدم للبيانات وحفظها
2025-10-14 03:49:33,649 - BatteryGuard - INFO - تم حفظ بيانات AI - الأنماط: 3, درجة الكفاءة: 96
2025-10-14 03:49:33,650 - BatteryGuard - INFO - تم إجراء تحليل عميق متقدم للبيانات وحفظها
2025-10-14 03:49:52,463 - BatteryGuard - INFO - تم حفظ بيانات AI - الأنماط: 3, درجة الكفاءة: 96
2025-10-14 03:49:53,741 - BatteryGuard - INFO - تم حفظ بيانات AI - الأنماط: 3, درجة الكفاءة: 96
2025-10-14 03:50:34,108 - BatteryGuard - INFO - تم حفظ بيانات AI - الأنماط: 3, درجة الكفاءة: 100
2025-10-14 03:50:34,109 - BatteryGuard - INFO - تم إجراء تحليل عميق متقدم للبيانات وحفظها
2025-10-14 04:11:23,507 - BatteryGuard - INFO - ✅ الطرق المتاحة: tlp, upower
2025-10-14 04:11:23,507 - BatteryGuard - INFO - 📱 الجهاز: HP
2025-10-14 04:11:23,508 - BatteryGuard - INFO - ✅ تم تفعيل نظام التحكم المتقدم
2025-10-14 04:11:23,508 - BatteryGuard - INFO - 📱 الطرق المتاحة: tlp, upower
2025-10-14 04:11:23,517 - BatteryGuard - INFO - تم تحميل بيانات AI بنجاح - الأنماط: 3, التوصيات: 3
2025-10-14 04:11:23,519 - BatteryGuard - INFO - ✅ نظام الإشعارات: Notify (Linux)
2025-10-14 04:11:23,519 - BatteryGuard - INFO - ✅ نظام الأصوات: متاح
2025-10-14 04:28:22,500 - BatteryGuard - INFO - ✅ الطرق المتاحة: tlp, upower
2025-10-14 04:28:22,506 - BatteryGuard - INFO - 📱 الجهاز: HP
2025-10-14 04:28:22,508 - BatteryGuard - INFO - ✅ تم تفعيل نظام التحكم المتقدم
2025-10-14 04:28:22,511 - BatteryGuard - INFO - 📱 الطرق المتاحة: tlp, upower
2025-10-14 04:28:22,564 - BatteryGuard - INFO - تم تحميل بيانات AI بنجاح - الأنماط: 3, التوصيات: 3
2025-10-14 04:28:22,568 - BatteryGuard - INFO - ✅ نظام الإشعارات: Notify (Linux)
2025-10-14 04:28:22,570 - BatteryGuard - INFO - ✅ نظام الأصوات: متاح
2025-10-14 04:28:24,514 - BatteryGuard - INFO - تم بدء المراقبة بنجاح
2025-10-14 04:28:24,758 - BatteryGuard - INFO - تم تشغيل BatteryGuard Pro بنجاح
2025-10-14 04:28:30,578 - BatteryGuard - INFO - ✅ الطرق المتاحة: tlp, upower
2025-10-14 04:28:30,579 - BatteryGuard - INFO - 📱 الجهاز: HP
2025-10-14 04:28:30,580 - BatteryGuard - INFO - ✅ تم تفعيل نظام التحكم المتقدم
2025-10-14 04:28:30,581 - BatteryGuard - INFO - 📱 الطرق المتاحة: tlp, upower
2025-10-14 04:28:30,617 - BatteryGuard - INFO - تم تحميل بيانات AI بنجاح - الأنماط: 3, التوصيات: 3
2025-10-14 04:28:30,619 - BatteryGuard - INFO - ✅ نظام الإشعارات: Notify (Linux)
2025-10-14 04:28:30,619 - BatteryGuard - INFO - ✅ نظام الأصوات: متاح
2025-10-14 04:28:32,588 - BatteryGuard - INFO - تم بدء المراقبة بنجاح
2025-10-14 04:28:32,839 - BatteryGuard - INFO - تم تشغيل BatteryGuard Pro بنجاح
2025-10-14 04:29:03,014 - BatteryGuard - INFO - تم حفظ بيانات AI - الأنماط: 3, درجة الكفاءة: 100
2025-10-14 04:29:03,015 - BatteryGuard - INFO - تم إجراء تحليل عميق متقدم للبيانات وحفظها
2025-10-14 04:29:11,042 - BatteryGuard - INFO - تم حفظ بيانات AI - الأنماط: 3, درجة الكفاءة: 100
2025-10-14 04:29:11,042 - BatteryGuard - INFO - تم إجراء تحليل عميق متقدم للبيانات وحفظها
2025-10-14 04:29:29,873 - BatteryGuard - INFO - ✅ تم الحصول على صلاحيات sudo بنجاح
2025-10-14 04:29:29,876 - BatteryGuard - INFO - ✅ تم مزامنة الصلاحيات مع جميع المكونات
2025-10-14 04:29:30,147 - BatteryGuard - INFO - تفعيل التحكم: سيتم استخدام الإشعارات فقط
2025-10-14 04:29:30,152 - BatteryGuard - INFO - ⚠️ تم حفظ الإعدادات - سيتم استخدام الإشعارات فقط
2025-10-14 04:29:30,155 - BatteryGuard - INFO - تم حفظ جميع الإعدادات
2025-10-14 04:29:35,247 - BatteryGuard - INFO - تفعيل التحكم: سيتم استخدام الإشعارات فقط
2025-10-14 04:29:35,252 - BatteryGuard - INFO - ⚠️ تم حفظ الإعدادات - سيتم استخدام الإشعارات فقط
2025-10-14 04:29:35,262 - BatteryGuard - INFO - تم حفظ جميع الإعدادات
2025-10-14 04:29:37,369 - BatteryGuard - INFO - تفعيل التحكم: سيتم استخدام الإشعارات فقط
2025-10-14 04:29:37,373 - BatteryGuard - INFO - ⚠️ تم حفظ الإعدادات - سيتم استخدام الإشعارات فقط
2025-10-14 04:29:37,385 - BatteryGuard - INFO - تم حفظ جميع الإعدادات
2025-10-14 04:29:47,959 - BatteryGuard - INFO - ❌ خطأ في التحسين التلقائي: 'ModernUI' object has no attribute 'auto_optimizer'
2025-10-14 04:29:47,959 - BatteryGuard - ERROR - خطأ في معالجة التحسين التلقائي: 'ModernUI' object has no attribute 'auto_optimizer'
2025-10-14 04:29:51,212 - BatteryGuard - INFO - تفعيل التحكم: سيتم استخدام الإشعارات فقط
2025-10-14 04:29:51,216 - BatteryGuard - INFO - ⚠️ تم حفظ الإعدادات - سيتم استخدام الإشعارات فقط
2025-10-14 04:29:51,225 - BatteryGuard - INFO - تم حفظ جميع الإعدادات
2025-10-14 04:30:03,313 - BatteryGuard - INFO - تم حفظ بيانات AI - الأنماط: 3, درجة الكفاءة: 100
2025-10-14 04:30:03,313 - BatteryGuard - INFO - تم إجراء تحليل عميق متقدم للبيانات وحفظها
2025-10-14 04:30:03,443 - BatteryGuard - INFO - تم حفظ بيانات AI - الأنماط: 3, درجة الكفاءة: 100
2025-10-14 04:30:11,209 - BatteryGuard - INFO - تم حفظ بيانات AI - الأنماط: 3, درجة الكفاءة: 100
2025-10-14 04:30:11,209 - BatteryGuard - INFO - تم إجراء تحليل عميق متقدم للبيانات وحفظها
2025-10-14 04:30:11,248 - BatteryGuard - INFO - تم حفظ بيانات AI - الأنماط: 3, درجة الكفاءة: 100
2025-10-14 04:31:03,579 - BatteryGuard - INFO - تم حفظ بيانات AI - الأنماط: 3, درجة الكفاءة: 100
2025-10-14 04:31:03,580 - BatteryGuard - INFO - تم إجراء تحليل عميق متقدم للبيانات وحفظها
2025-10-14 04:31:11,434 - BatteryGuard - INFO - تم حفظ بيانات AI - الأنماط: 3, درجة الكفاءة: 100
2025-10-14 04:31:11,434 - BatteryGuard - INFO - تم إجراء تحليل عميق متقدم للبيانات وحفظها
2025-10-14 04:31:43,743 - BatteryGuard - INFO - تم حفظ بيانات AI - الأنماط: 3, درجة الكفاءة: 100
2025-10-14 04:31:51,802 - BatteryGuard - INFO - تم حفظ بيانات AI - الأنماط: 3, درجة الكفاءة: 100
2025-10-14 04:32:04,018 - BatteryGuard - INFO - تم حفظ بيانات AI - الأنماط: 3, درجة الكفاءة: 100
2025-10-14 04:32:04,018 - BatteryGuard - INFO - تم إجراء تحليل عميق متقدم للبيانات وحفظها
2025-10-14 04:32:12,067 - BatteryGuard - INFO - تم حفظ بيانات AI - الأنماط: 3, درجة الكفاءة: 100
2025-10-14 04:32:12,068 - BatteryGuard - INFO - تم إجراء تحليل عميق متقدم للبيانات وحفظها
2025-10-14 04:33:04,429 - BatteryGuard - INFO - تم حفظ بيانات AI - الأنماط: 3, درجة الكفاءة: 100
2025-10-14 04:33:04,430 - BatteryGuard - INFO - تم إجراء تحليل عميق متقدم للبيانات وحفظها
2025-10-14 04:33:12,499 - BatteryGuard - INFO - تم حفظ بيانات AI - الأنماط: 3, درجة الكفاءة: 100
2025-10-14 04:33:12,499 - BatteryGuard - INFO - تم إجراء تحليل عميق متقدم للبيانات وحفظها
2025-10-14 04:33:22,375 - BatteryGuard - INFO - تم حفظ بيانات AI - الأنماط: 3, درجة الكفاءة: 100
2025-10-14 04:33:24,515 - BatteryGuard - INFO - تم حفظ بيانات AI - الأنماط: 3, درجة الكفاءة: 100
2025-10-14 04:33:30,362 - BatteryGuard - INFO - تم حفظ بيانات AI - الأنماط: 3, درجة الكفاءة: 100
2025-10-14 04:33:32,690 - BatteryGuard - INFO - تم حفظ بيانات AI - الأنماط: 3, درجة الكفاءة: 100
2025-10-14 04:34:04,925 - BatteryGuard - INFO - تم حفظ بيانات AI - الأنماط: 3, درجة الكفاءة: 100
2025-10-14 04:34:04,926 - BatteryGuard - INFO - تم إجراء تحليل عميق متقدم للبيانات وحفظها
2025-10-14 04:34:12,995 - BatteryGuard - INFO - تم حفظ بيانات AI - الأنماط: 3, درجة الكفاءة: 100
2025-10-14 04:34:12,995 - BatteryGuard - INFO - تم إجراء تحليل عميق متقدم للبيانات وحفظها
2025-10-14 04:35:05,219 - BatteryGuard - INFO - تم حفظ بيانات AI - الأنماط: 3, درجة الكفاءة: 100
2025-10-14 04:35:05,220 - BatteryGuard - INFO - تم إجراء تحليل عميق متقدم للبيانات وحفظها
2025-10-14 04:35:05,280 - BatteryGuard - INFO - تم حفظ بيانات AI - الأنماط: 3, درجة الكفاءة: 100
2025-10-14 04:35:13,212 - BatteryGuard - INFO - تم حفظ بيانات AI - الأنماط: 3, درجة الكفاءة: 100
2025-10-14 04:35:13,212 - BatteryGuard - INFO - تم إجراء تحليل عميق متقدم للبيانات وحفظها
2025-10-14 04:35:13,268 - BatteryGuard - INFO - تم حفظ بيانات AI - الأنماط: 3, درجة الكفاءة: 100
2025-10-14 04:36:05,612 - BatteryGuard - INFO - تم حفظ بيانات AI - الأنماط: 3, درجة الكفاءة: 100
2025-10-14 04:36:05,612 - BatteryGuard - INFO - تم إجراء تحليل عميق متقدم للبيانات وحفظها
2025-10-14 04:36:13,509 - BatteryGuard - INFO - تم حفظ بيانات AI - الأنماط: 3, درجة الكفاءة: 100
2025-10-14 04:36:13,509 - BatteryGuard - INFO - تم إجراء تحليل عميق متقدم للبيانات وحفظها
2025-10-14 04:36:45,729 - BatteryGuard - INFO - تم حفظ بيانات AI - الأنماط: 3, درجة الكفاءة: 100
2025-10-14 04:36:53,610 - BatteryGuard - INFO - تم حفظ بيانات AI - الأنماط: 3, درجة الكفاءة: 100
2025-10-14 04:37:05,889 - BatteryGuard - INFO - تم حفظ بيانات AI - الأنماط: 3, درجة الكفاءة: 100
2025-10-14 04:37:05,889 - BatteryGuard - INFO - تم إجراء تحليل عميق متقدم للبيانات وحفظها
2025-10-14 04:37:13,740 - BatteryGuard - INFO - تم حفظ بيانات AI - الأنماط: 3, درجة الكفاءة: 100
2025-10-14 04:37:13,740 - BatteryGuard - INFO - تم إجراء تحليل عميق متقدم للبيانات وحفظها
2025-10-14 04:38:06,104 - BatteryGuard - INFO - تم حفظ بيانات AI - الأنماط: 3, درجة الكفاءة: 100
2025-10-14 04:38:06,104 - BatteryGuard - INFO - تم إجراء تحليل عميق متقدم للبيانات وحفظها
2025-10-14 04:38:13,920 - BatteryGuard - INFO - تم حفظ بيانات AI - الأنماط: 3, درجة الكفاءة: 100
2025-10-14 04:38:13,920 - BatteryGuard - INFO - تم إجراء تحليل عميق متقدم للبيانات وحفظها
2025-10-14 04:38:22,366 - BatteryGuard - INFO - تم حفظ بيانات AI - الأنماط: 3, درجة الكفاءة: 100
2025-10-14 04:38:26,178 - BatteryGuard - INFO - تم حفظ بيانات AI - الأنماط: 3, درجة الكفاءة: 100
2025-10-14 04:38:30,391 - BatteryGuard - INFO - تم حفظ بيانات AI - الأنماط: 3, درجة الكفاءة: 100
2025-10-14 04:38:33,976 - BatteryGuard - INFO - تم حفظ بيانات AI - الأنماط: 3, درجة الكفاءة: 100
2025-10-14 04:38:47,794 - BatteryGuard - INFO - ✅ الطرق المتاحة: tlp, upower
2025-10-14 04:38:47,795 - BatteryGuard - INFO - 📱 الجهاز: HP
2025-10-14 04:38:47,796 - BatteryGuard - INFO - ✅ تم تفعيل نظام التحكم المتقدم
2025-10-14 04:38:47,796 - BatteryGuard - INFO - 📱 الطرق المتاحة: tlp, upower
2025-10-14 04:38:47,817 - BatteryGuard - INFO - تم تحميل بيانات AI بنجاح - الأنماط: 3, التوصيات: 4
2025-10-14 04:38:47,818 - BatteryGuard - INFO - ✅ نظام الإشعارات: Notify (Linux)
2025-10-14 04:38:47,818 - BatteryGuard - INFO - ✅ نظام الأصوات: متاح
2025-10-14 04:38:49,441 - BatteryGuard - INFO - تم بدء المراقبة بنجاح
2025-10-14 04:38:49,676 - BatteryGuard - INFO - تم تشغيل BatteryGuard Pro بنجاح
2025-10-14 04:39:06,393 - BatteryGuard - INFO - تم حفظ بيانات AI - الأنماط: 3, درجة الكفاءة: 100
2025-10-14 04:39:06,393 - BatteryGuard - INFO - تم إجراء تحليل عميق متقدم للبيانات وحفظها
2025-10-14 04:39:11,787 - BatteryGuard - INFO - إيقاف البرنامج...
2025-10-14 04:39:12,533 - BatteryGuard - INFO - تم حفظ بيانات AI - الأنماط: 3, درجة الكفاءة: 100
2025-10-14 04:39:12,613 - BatteryGuard - INFO - تم حفظ بيانات AI - الأنماط: 3, درجة الكفاءة: 100
2025-10-14 04:39:14,174 - BatteryGuard - INFO - تم حفظ بيانات AI - الأنماط: 3, درجة الكفاءة: 100
2025-10-14 04:39:14,175 - BatteryGuard - INFO - تم إجراء تحليل عميق متقدم للبيانات وحفظها
2025-10-14 04:39:15,352 - BatteryGuard - INFO - إيقاف البرنامج...
2025-10-14 04:39:15,827 - BatteryGuard - INFO - تم حفظ بيانات AI - الأنماط: 3, درجة الكفاءة: 100
2025-10-14 04:39:15,890 - BatteryGuard - INFO - تم حفظ بيانات AI - الأنماط: 3, درجة الكفاءة: 100
2025-10-14 04:40:14,408 - BatteryGuard - INFO - تم حفظ بيانات AI - الأنماط: 3, درجة الكفاءة: 100
2025-10-14 04:40:14,408 - BatteryGuard - INFO - تم إجراء تحليل عميق متقدم للبيانات وحفظها
2025-10-14 04:40:14,479 - BatteryGuard - INFO - تم حفظ بيانات AI - الأنماط: 3, درجة الكفاءة: 100
2025-10-14 04:41:14,744 - BatteryGuard - INFO - تم حفظ بيانات AI - الأنماط: 3, درجة الكفاءة: 100
2025-10-14 04:41:14,746 - BatteryGuard - INFO - تم إجراء تحليل عميق متقدم للبيانات وحفظها
2025-10-14 04:41:54,909 - BatteryGuard - INFO - تم حفظ بيانات AI - الأنماط: 3, درجة الكفاءة: 100
2025-10-14 04:42:15,138 - BatteryGuard - INFO - تم حفظ بيانات AI - الأنماط: 3, درجة الكفاءة: 100
2025-10-14 04:42:15,138 - BatteryGuard - INFO - تم إجراء تحليل عميق متقدم للبيانات وحفظها
2025-10-14 04:43:15,468 - BatteryGuard - INFO - تم حفظ بيانات AI - الأنماط: 3, درجة الكفاءة: 100
2025-10-14 04:43:15,468 - BatteryGuard - INFO - تم إجراء تحليل عميق متقدم للبيانات وحفظها
2025-10-14 04:43:30,351 - BatteryGuard - INFO - تم حفظ بيانات AI - الأنماط: 3, درجة الكفاءة: 100
2025-10-14 04:43:35,553 - BatteryGuard - INFO - تم حفظ بيانات AI - الأنماط: 3, درجة الكفاءة: 100
2025-10-14 04:44:15,740 - BatteryGuard - INFO - تم حفظ بيانات AI - الأنماط: 3, درجة الكفاءة: 100
2025-10-14 04:44:15,740 - BatteryGuard - INFO - تم إجراء تحليل عميق متقدم للبيانات وحفظها
2025-10-14 04:45:16,000 - BatteryGuard - INFO - تم حفظ بيانات AI - الأنماط: 3, درجة الكفاءة: 100
2025-10-14 04:45:16,000 - BatteryGuard - INFO - تم إجراء تحليل عميق متقدم للبيانات وحفظها
2025-10-14 04:45:16,076 - BatteryGuard - INFO - تم حفظ بيانات AI - الأنماط: 3, درجة الكفاءة: 100
2025-10-14 04:46:16,406 - BatteryGuard - INFO - تم حفظ بيانات AI - الأنماط: 3, درجة الكفاءة: 100
2025-10-14 04:46:16,407 - BatteryGuard - INFO - تم إجراء تحليل عميق متقدم للبيانات وحفظها
2025-10-14 04:46:56,595 - BatteryGuard - INFO - تم حفظ بيانات AI - الأنماط: 3, درجة الكفاءة: 100
2025-10-14 04:47:16,911 - BatteryGuard - INFO - تم حفظ بيانات AI - الأنماط: 3, درجة الكفاءة: 100
2025-10-14 04:47:16,912 - BatteryGuard - INFO - تم إجراء تحليل عميق متقدم للبيانات وحفظها
2025-10-14 04:48:17,203 - BatteryGuard - INFO - تم حفظ بيانات AI - الأنماط: 3, درجة الكفاءة: 100
2025-10-14 04:48:17,203 - BatteryGuard - INFO - تم إجراء تحليل عميق متقدم للبيانات وحفظها
2025-10-14 04:48:30,408 - BatteryGuard - INFO - تم حفظ بيانات AI - الأنماط: 3, درجة الكفاءة: 100
2025-10-14 04:48:37,298 - BatteryGuard - INFO - تم حفظ بيانات AI - الأنماط: 3, درجة الكفاءة: 100
2025-10-14 04:49:17,587 - BatteryGuard - INFO - تم حفظ بيانات AI - الأنماط: 3, درجة الكفاءة: 100
2025-10-14 04:49:17,587 - BatteryGuard - INFO - تم إجراء تحليل عميق متقدم للبيانات وحفظها
2025-10-14 04:50:17,878 - BatteryGuard - INFO - تم حفظ بيانات AI - الأنماط: 3, درجة الكفاءة: 100
2025-10-14 04:50:17,879 - BatteryGuard - INFO - تم إجراء تحليل عميق متقدم للبيانات وحفظها
2025-10-14 04:50:17,937 - BatteryGuard - INFO - تم حفظ بيانات AI - الأنماط: 3, درجة الكفاءة: 100
2025-10-14 04:51:18,214 - BatteryGuard - INFO - تم حفظ بيانات AI - الأنماط: 3, درجة الكفاءة: 100
2025-10-14 04:51:18,215 - BatteryGuard - INFO - تم إجراء تحليل عميق متقدم للبيانات وحفظها
2025-10-14 04:51:58,402 - BatteryGuard - INFO - تم حفظ بيانات AI - الأنماط: 3, درجة الكفاءة: 100
2025-10-14 04:52:18,591 - BatteryGuard - INFO - تم حفظ بيانات AI - الأنماط: 3, درجة الكفاءة: 100
2025-10-14 04:52:18,591 - BatteryGuard - INFO - تم إجراء تحليل عميق متقدم للبيانات وحفظها
2025-10-14 04:53:19,145 - BatteryGuard - INFO - تم حفظ بيانات AI - الأنماط: 3, درجة الكفاءة: 100
2025-10-14 04:53:19,146 - BatteryGuard - INFO - تم إجراء تحليل عميق متقدم للبيانات وحفظها
2025-10-14 04:53:30,373 - BatteryGuard - INFO - تم حفظ بيانات AI - الأنماط: 3, درجة الكفاءة: 100
2025-10-14 04:53:39,360 - BatteryGuard - INFO - تم حفظ بيانات AI - الأنماط: 3, درجة الكفاءة: 100
2025-10-14 04:54:19,606 - BatteryGuard - INFO - تم حفظ بيانات AI - الأنماط: 3, درجة الكفاءة: 100
2025-10-14 04:54:19,606 - BatteryGuard - INFO - تم إجراء تحليل عميق متقدم للبيانات وحفظها
2025-10-14 04:55:19,997 - BatteryGuard - INFO - تم حفظ بيانات AI - الأنماط: 3, درجة الكفاءة: 100
2025-10-14 04:55:19,998 - BatteryGuard - INFO - تم إجراء تحليل عميق متقدم للبيانات وحفظها
2025-10-14 04:55:20,076 - BatteryGuard - INFO - تم حفظ بيانات AI - الأنماط: 3, درجة الكفاءة: 100
2025-10-14 04:56:20,357 - BatteryGuard - INFO - تم حفظ بيانات AI - الأنماط: 3, درجة الكفاءة: 100
2025-10-14 04:56:20,358 - BatteryGuard - INFO - تم إجراء تحليل عميق متقدم للبيانات وحفظها
2025-10-14 04:57:00,672 - BatteryGuard - INFO - تم حفظ بيانات AI - الأنماط: 3, درجة الكفاءة: 100
2025-10-14 04:57:20,844 - BatteryGuard - INFO - تم حفظ بيانات AI - الأنماط: 3, درجة الكفاءة: 100
2025-10-14 04:57:20,845 - BatteryGuard - INFO - تم إجراء تحليل عميق متقدم للبيانات وحفظها
2025-10-14 04:58:21,110 - BatteryGuard - INFO - تم حفظ بيانات AI - الأنماط: 3, درجة الكفاءة: 100
2025-10-14 04:58:21,110 - BatteryGuard - INFO - تم إجراء تحليل عميق متقدم للبيانات وحفظها
2025-10-14 04:58:30,377 - BatteryGuard - INFO - تم حفظ بيانات AI - الأنماط: 3, درجة الكفاءة: 100
2025-10-14 04:58:41,203 - BatteryGuard - INFO - تم حفظ بيانات AI - الأنماط: 3, درجة الكفاءة: 100
2025-10-14 04:59:21,441 - BatteryGuard - INFO - تم حفظ بيانات AI - الأنماط: 3, درجة الكفاءة: 100
2025-10-14 04:59:21,441 - BatteryGuard - INFO - تم إجراء تحليل عميق متقدم للبيانات وحفظها
2025-10-14 05:00:21,709 - BatteryGuard - INFO - تم حفظ بيانات AI - الأنماط: 3, درجة الكفاءة: 100
2025-10-14 05:00:21,710 - BatteryGuard - INFO - تم إجراء تحليل عميق متقدم للبيانات وحفظها
2025-10-14 05:00:21,782 - BatteryGuard - INFO - تم حفظ بيانات AI - الأنماط: 3, درجة الكفاءة: 100
2025-10-14 05:01:22,094 - BatteryGuard - INFO - تم حفظ بيانات AI - الأنماط: 3, درجة الكفاءة: 100
2025-10-14 05:01:22,095 - BatteryGuard - INFO - تم إجراء تحليل عميق متقدم للبيانات وحفظها
2025-10-14 05:02:02,334 - BatteryGuard - INFO - تم حفظ بيانات AI - الأنماط: 3, درجة الكفاءة: 100
2025-10-14 05:11:25,991 - BatteryGuard - INFO - ✅ تم الحصول على القفل - المنفذ: 54856
2025-10-14 05:11:25,992 - BatteryGuard - INFO - 🚀 بدء تشغيل BatteryGuard Pro...
2025-10-14 05:11:26,156 - BatteryGuard - INFO - ✅ تم تحميل أيقونة التطبيق
2025-10-14 05:11:26,249 - BatteryGuard - INFO - ✅ الطرق المتاحة: tlp, upower
2025-10-14 05:11:26,254 - BatteryGuard - INFO - 📱 الجهاز: HP
2025-10-14 05:11:26,255 - BatteryGuard - INFO - ✅ تم تفعيل نظام التحكم المتقدم
2025-10-14 05:11:26,255 - BatteryGuard - INFO - 📱 الطرق المتاحة: tlp, upower
2025-10-14 05:11:26,308 - BatteryGuard - INFO - تم تحميل بيانات AI بنجاح - الأنماط: 3, التوصيات: 7
2025-10-14 05:11:26,310 - BatteryGuard - INFO - ✅ نظام الإشعارات: Notify (Linux)
2025-10-14 05:11:26,310 - BatteryGuard - INFO - ✅ نظام الأصوات: متاح
2025-10-14 05:11:28,206 - BatteryGuard - INFO - تم بدء المراقبة بنجاح
2025-10-14 05:11:28,409 - BatteryGuard - INFO - ✅ تم تشغيل BatteryGuard Pro بنجاح
2025-10-14 05:11:28,573 - BatteryGuard - INFO - 🔋 توصية الشحن: البطارية عند 38%. يُنصح بتوصيل الشاحن للحفاظ على صحة البطارية.
2025-10-14 05:12:06,603 - BatteryGuard - INFO - تم حفظ بيانات AI - الأنماط: 2, درجة الكفاءة: 100
2025-10-14 05:12:06,604 - BatteryGuard - INFO - تم إجراء تحليل عميق متقدم للبيانات وحفظها
2025-10-14 05:13:06,780 - BatteryGuard - INFO - تم حفظ بيانات AI - الأنماط: 2, درجة الكفاءة: 100
2025-10-14 05:13:06,781 - BatteryGuard - INFO - تم إجراء تحليل عميق متقدم للبيانات وحفظها
2025-10-14 05:13:06,875 - BatteryGuard - INFO - تم حفظ بيانات AI - الأنماط: 2, درجة الكفاءة: 100
2025-10-14 05:13:54,194 - BatteryGuard - INFO - ✅ تم الحصول على القفل - المنفذ: 52490
2025-10-14 05:13:54,195 - BatteryGuard - INFO - 🚀 بدء تشغيل BatteryGuard Pro...
2025-10-14 05:13:54,254 - BatteryGuard - INFO - ✅ الطرق المتاحة: tlp, upower
2025-10-14 05:13:54,254 - BatteryGuard - INFO - 📱 الجهاز: HP
2025-10-14 05:13:54,254 - BatteryGuard - INFO - ✅ تم تفعيل نظام التحكم المتقدم
2025-10-14 05:13:54,255 - BatteryGuard - INFO - 📱 الطرق المتاحة: tlp, upower
2025-10-14 05:13:54,267 - BatteryGuard - INFO - تم تحميل بيانات AI بنجاح - الأنماط: 2, التوصيات: 6
2025-10-14 05:13:54,269 - BatteryGuard - INFO - ✅ نظام الإشعارات: Notify (Linux)
2025-10-14 05:13:54,269 - BatteryGuard - INFO - ✅ نظام الأصوات: متاح
2025-10-14 05:13:55,395 - BatteryGuard - ERROR - خطأ في تحديث إعدادات الإشعارات: 'SmartNotificationManager' object has no attribute 'set_sound_settings'
2025-10-14 05:13:55,399 - BatteryGuard - INFO - تم بدء المراقبة بنجاح
2025-10-14 05:13:55,542 - BatteryGuard - INFO - ✅ تم تشغيل BatteryGuard Pro بنجاح
2025-10-14 05:13:55,651 - BatteryGuard - INFO - 🔋 توصية الشحن: البطارية عند 37%. يُنصح بتوصيل الشاحن للحفاظ على صحة البطارية.
2025-10-14 05:13:55,652 - BatteryGuard - ERROR - خطأ في فحص تنبيهات البطارية: 'SmartNotificationManager' object has no attribute 'send_battery_threshold_alert'
2025-10-14 05:13:55,900 - BatteryGuard - ERROR - خطأ في فحص تنبيهات البطارية: 'SmartNotificationManager' object has no attribute 'send_battery_threshold_alert'
2025-10-14 05:13:57,550 - BatteryGuard - ERROR - خطأ في فحص تنبيهات البطارية: 'SmartNotificationManager' object has no attribute 'send_battery_threshold_alert'
2025-10-14 05:13:59,554 - BatteryGuard - ERROR - خطأ في فحص تنبيهات البطارية: 'SmartNotificationManager' object has no attribute 'send_battery_threshold_alert'
2025-10-14 05:14:01,563 - BatteryGuard - ERROR - خطأ في فحص تنبيهات البطارية: 'SmartNotificationManager' object has no attribute 'send_battery_threshold_alert'
2025-10-14 05:14:03,565 - BatteryGuard - ERROR - خطأ في فحص تنبيهات البطارية: 'SmartNotificationManager' object has no attribute 'send_battery_threshold_alert'
2025-10-14 05:14:05,567 - BatteryGuard - ERROR - خطأ في فحص تنبيهات البطارية: 'SmartNotificationManager' object has no attribute 'send_battery_threshold_alert'
2025-10-14 05:14:07,572 - BatteryGuard - ERROR - خطأ في فحص تنبيهات البطارية: 'SmartNotificationManager' object has no attribute 'send_battery_threshold_alert'
2025-10-14 05:14:09,574 - BatteryGuard - ERROR - خطأ في فحص تنبيهات البطارية: 'SmartNotificationManager' object has no attribute 'send_battery_threshold_alert'
2025-10-14 05:14:11,575 - BatteryGuard - ERROR - خطأ في فحص تنبيهات البطارية: 'SmartNotificationManager' object has no attribute 'send_battery_threshold_alert'
2025-10-14 05:14:13,579 - BatteryGuard - ERROR - خطأ في فحص تنبيهات البطارية: 'SmartNotificationManager' object has no attribute 'send_battery_threshold_alert'
2025-10-14 05:14:15,580 - BatteryGuard - ERROR - خطأ في فحص تنبيهات البطارية: 'SmartNotificationManager' object has no attribute 'send_battery_threshold_alert'
2025-10-14 05:14:17,582 - BatteryGuard - ERROR - خطأ في فحص تنبيهات البطارية: 'SmartNotificationManager' object has no attribute 'send_battery_threshold_alert'
2025-10-14 05:14:19,584 - BatteryGuard - ERROR - خطأ في فحص تنبيهات البطارية: 'SmartNotificationManager' object has no attribute 'send_battery_threshold_alert'
2025-10-14 05:14:21,587 - BatteryGuard - ERROR - خطأ في فحص تنبيهات البطارية: 'SmartNotificationManager' object has no attribute 'send_battery_threshold_alert'
2025-10-14 05:14:23,589 - BatteryGuard - ERROR - خطأ في فحص تنبيهات البطارية: 'SmartNotificationManager' object has no attribute 'send_battery_threshold_alert'
2025-10-14 05:14:25,590 - BatteryGuard - ERROR - خطأ في فحص تنبيهات البطارية: 'SmartNotificationManager' object has no attribute 'send_battery_threshold_alert'
2025-10-14 05:14:27,592 - BatteryGuard - ERROR - خطأ في فحص تنبيهات البطارية: 'SmartNotificationManager' object has no attribute 'send_battery_threshold_alert'
2025-10-14 05:14:29,594 - BatteryGuard - ERROR - خطأ في فحص تنبيهات البطارية: 'SmartNotificationManager' object has no attribute 'send_battery_threshold_alert'
2025-10-14 05:14:31,596 - BatteryGuard - ERROR - خطأ في فحص تنبيهات البطارية: 'SmartNotificationManager' object has no attribute 'send_battery_threshold_alert'
2025-10-14 05:14:33,638 - BatteryGuard - INFO - تم حفظ بيانات AI - الأنماط: 2, درجة الكفاءة: 100
2025-10-14 05:14:33,638 - BatteryGuard - INFO - تم إجراء تحليل عميق متقدم للبيانات وحفظها
2025-10-14 05:14:33,639 - BatteryGuard - ERROR - خطأ في فحص تنبيهات البطارية: 'SmartNotificationManager' object has no attribute 'send_battery_threshold_alert'
2025-10-14 05:14:35,641 - BatteryGuard - ERROR - خطأ في فحص تنبيهات البطارية: 'SmartNotificationManager' object has no attribute 'send_battery_threshold_alert'
2025-10-14 05:14:37,643 - BatteryGuard - ERROR - خطأ في فحص تنبيهات البطارية: 'SmartNotificationManager' object has no attribute 'send_battery_threshold_alert'
2025-10-14 05:14:39,644 - BatteryGuard - ERROR - خطأ في فحص تنبيهات البطارية: 'SmartNotificationManager' object has no attribute 'send_battery_threshold_alert'
2025-10-14 05:14:41,647 - BatteryGuard - ERROR - خطأ في فحص تنبيهات البطارية: 'SmartNotificationManager' object has no attribute 'send_battery_threshold_alert'
2025-10-14 05:14:43,648 - BatteryGuard - ERROR - خطأ في فحص تنبيهات البطارية: 'SmartNotificationManager' object has no attribute 'send_battery_threshold_alert'
2025-10-14 05:14:45,651 - BatteryGuard - ERROR - خطأ في فحص تنبيهات البطارية: 'SmartNotificationManager' object has no attribute 'send_battery_threshold_alert'
2025-10-14 05:14:47,653 - BatteryGuard - ERROR - خطأ في فحص تنبيهات البطارية: 'SmartNotificationManager' object has no attribute 'send_battery_threshold_alert'
2025-10-14 05:14:49,655 - BatteryGuard - ERROR - خطأ في فحص تنبيهات البطارية: 'SmartNotificationManager' object has no attribute 'send_battery_threshold_alert'
2025-10-14 05:14:51,656 - BatteryGuard - ERROR - خطأ في فحص تنبيهات البطارية: 'SmartNotificationManager' object has no attribute 'send_battery_threshold_alert'
2025-10-14 05:14:53,662 - BatteryGuard - ERROR - خطأ في فحص تنبيهات البطارية: 'SmartNotificationManager' object has no attribute 'send_battery_threshold_alert'
2025-10-14 05:14:55,663 - BatteryGuard - ERROR - خطأ في فحص تنبيهات البطارية: 'SmartNotificationManager' object has no attribute 'send_battery_threshold_alert'
2025-10-14 05:14:57,665 - BatteryGuard - ERROR - خطأ في فحص تنبيهات البطارية: 'SmartNotificationManager' object has no attribute 'send_battery_threshold_alert'
2025-10-14 05:14:59,667 - BatteryGuard - ERROR - خطأ في فحص تنبيهات البطارية: 'SmartNotificationManager' object has no attribute 'send_battery_threshold_alert'
2025-10-14 05:15:01,668 - BatteryGuard - ERROR - خطأ في فحص تنبيهات البطارية: 'SmartNotificationManager' object has no attribute 'send_battery_threshold_alert'
2025-10-14 05:15:03,670 - BatteryGuard - ERROR - خطأ في فحص تنبيهات البطارية: 'SmartNotificationManager' object has no attribute 'send_battery_threshold_alert'
2025-10-14 05:15:05,673 - BatteryGuard - ERROR - خطأ في فحص تنبيهات البطارية: 'SmartNotificationManager' object has no attribute 'send_battery_threshold_alert'
2025-10-14 05:15:07,674 - BatteryGuard - ERROR - خطأ في فحص تنبيهات البطارية: 'SmartNotificationManager' object has no attribute 'send_battery_threshold_alert'
2025-10-14 05:15:09,676 - BatteryGuard - ERROR - خطأ في فحص تنبيهات البطارية: 'SmartNotificationManager' object has no attribute 'send_battery_threshold_alert'
2025-10-14 05:15:11,678 - BatteryGuard - ERROR - خطأ في فحص تنبيهات البطارية: 'SmartNotificationManager' object has no attribute 'send_battery_threshold_alert'
2025-10-14 05:15:13,682 - BatteryGuard - ERROR - خطأ في فحص تنبيهات البطارية: 'SmartNotificationManager' object has no attribute 'send_battery_threshold_alert'
2025-10-14 05:15:15,684 - BatteryGuard - ERROR - خطأ في فحص تنبيهات البطارية: 'SmartNotificationManager' object has no attribute 'send_battery_threshold_alert'
2025-10-14 05:15:17,685 - BatteryGuard - ERROR - خطأ في فحص تنبيهات البطارية: 'SmartNotificationManager' object has no attribute 'send_battery_threshold_alert'
2025-10-14 05:15:19,689 - BatteryGuard - ERROR - خطأ في فحص تنبيهات البطارية: 'SmartNotificationManager' object has no attribute 'send_battery_threshold_alert'
2025-10-14 05:15:21,691 - BatteryGuard - ERROR - خطأ في فحص تنبيهات البطارية: 'SmartNotificationManager' object has no attribute 'send_battery_threshold_alert'
2025-10-14 05:15:23,693 - BatteryGuard - ERROR - خطأ في فحص تنبيهات البطارية: 'SmartNotificationManager' object has no attribute 'send_battery_threshold_alert'
2025-10-14 05:15:25,695 - BatteryGuard - ERROR - خطأ في فحص تنبيهات البطارية: 'SmartNotificationManager' object has no attribute 'send_battery_threshold_alert'
2025-10-14 05:15:27,697 - BatteryGuard - ERROR - خطأ في فحص تنبيهات البطارية: 'SmartNotificationManager' object has no attribute 'send_battery_threshold_alert'
2025-10-14 05:15:29,698 - BatteryGuard - ERROR - خطأ في فحص تنبيهات البطارية: 'SmartNotificationManager' object has no attribute 'send_battery_threshold_alert'
2025-10-14 05:15:31,700 - BatteryGuard - ERROR - خطأ في فحص تنبيهات البطارية: 'SmartNotificationManager' object has no attribute 'send_battery_threshold_alert'
2025-10-14 05:15:33,791 - BatteryGuard - INFO - تم حفظ بيانات AI - الأنماط: 2, درجة الكفاءة: 100
2025-10-14 05:15:33,791 - BatteryGuard - INFO - تم إجراء تحليل عميق متقدم للبيانات وحفظها
2025-10-14 05:15:33,843 - BatteryGuard - INFO - تم حفظ بيانات AI - الأنماط: 2, درجة الكفاءة: 100
2025-10-14 05:15:33,844 - BatteryGuard - ERROR - خطأ في فحص تنبيهات البطارية: 'SmartNotificationManager' object has no attribute 'send_battery_threshold_alert'
2025-10-14 05:15:35,846 - BatteryGuard - ERROR - خطأ في فحص تنبيهات البطارية: 'SmartNotificationManager' object has no attribute 'send_battery_threshold_alert'
2025-10-14 05:15:37,848 - BatteryGuard - ERROR - خطأ في فحص تنبيهات البطارية: 'SmartNotificationManager' object has no attribute 'send_battery_threshold_alert'
2025-10-14 05:15:39,852 - BatteryGuard - ERROR - خطأ في فحص تنبيهات البطارية: 'SmartNotificationManager' object has no attribute 'send_battery_threshold_alert'
2025-10-14 05:15:41,854 - BatteryGuard - ERROR - خطأ في فحص تنبيهات البطارية: 'SmartNotificationManager' object has no attribute 'send_battery_threshold_alert'
2025-10-14 05:15:43,857 - BatteryGuard - ERROR - خطأ في فحص تنبيهات البطارية: 'SmartNotificationManager' object has no attribute 'send_battery_threshold_alert'
2025-10-14 05:15:45,859 - BatteryGuard - ERROR - خطأ في فحص تنبيهات البطارية: 'SmartNotificationManager' object has no attribute 'send_battery_threshold_alert'
2025-10-14 05:15:47,865 - BatteryGuard - ERROR - خطأ في فحص تنبيهات البطارية: 'SmartNotificationManager' object has no attribute 'send_battery_threshold_alert'
2025-10-14 05:15:49,869 - BatteryGuard - ERROR - خطأ في فحص تنبيهات البطارية: 'SmartNotificationManager' object has no attribute 'send_battery_threshold_alert'
2025-10-14 05:15:51,879 - BatteryGuard - ERROR - خطأ في فحص تنبيهات البطارية: 'SmartNotificationManager' object has no attribute 'send_battery_threshold_alert'
2025-10-14 05:15:53,894 - BatteryGuard - ERROR - خطأ في فحص تنبيهات البطارية: 'SmartNotificationManager' object has no attribute 'send_battery_threshold_alert'
2025-10-14 05:15:55,897 - BatteryGuard - ERROR - خطأ في فحص تنبيهات البطارية: 'SmartNotificationManager' object has no attribute 'send_battery_threshold_alert'
2025-10-14 05:15:57,909 - BatteryGuard - ERROR - خطأ في فحص تنبيهات البطارية: 'SmartNotificationManager' object has no attribute 'send_battery_threshold_alert'
2025-10-14 05:15:59,954 - BatteryGuard - ERROR - خطأ في فحص تنبيهات البطارية: 'SmartNotificationManager' object has no attribute 'send_battery_threshold_alert'
2025-10-14 05:16:02,236 - BatteryGuard - INFO - ✅ إشعار: ⚠️ تحذير البطارية (صوت: نعم)
2025-10-14 05:16:02,244 - BatteryGuard - INFO - ⚠️ تحذير البطارية: البطارية منخفضة (6%)! يرجى توصيل الشاحن.
2025-10-14 05:16:02,248 - BatteryGuard - ERROR - خطأ في فحص تنبيهات البطارية: 'SmartNotificationManager' object has no attribute 'send_battery_threshold_alert'
2025-10-14 05:16:03,966 - BatteryGuard - ERROR - خطأ في فحص تنبيهات البطارية: 'SmartNotificationManager' object has no attribute 'send_battery_threshold_alert'
2025-10-14 05:16:05,969 - BatteryGuard - ERROR - خطأ في فحص تنبيهات البطارية: 'SmartNotificationManager' object has no attribute 'send_battery_threshold_alert'
2025-10-14 05:16:07,988 - BatteryGuard - ERROR - خطأ في فحص تنبيهات البطارية: 'SmartNotificationManager' object has no attribute 'send_battery_threshold_alert'
2025-10-14 05:16:09,991 - BatteryGuard - ERROR - خطأ في فحص تنبيهات البطارية: 'SmartNotificationManager' object has no attribute 'send_battery_threshold_alert'
2025-10-14 05:16:11,992 - BatteryGuard - ERROR - خطأ في فحص تنبيهات البطارية: 'SmartNotificationManager' object has no attribute 'send_battery_threshold_alert'
2025-10-14 05:16:14,013 - BatteryGuard - ERROR - خطأ في فحص تنبيهات البطارية: 'SmartNotificationManager' object has no attribute 'send_battery_threshold_alert'
2025-10-14 05:16:16,014 - BatteryGuard - ERROR - خطأ في فحص تنبيهات البطارية: 'SmartNotificationManager' object has no attribute 'send_battery_threshold_alert'
2025-10-14 05:16:18,015 - BatteryGuard - ERROR - خطأ في فحص تنبيهات البطارية: 'SmartNotificationManager' object has no attribute 'send_battery_threshold_alert'
2025-10-14 05:16:20,016 - BatteryGuard - ERROR - خطأ في فحص تنبيهات البطارية: 'SmartNotificationManager' object has no attribute 'send_battery_threshold_alert'
2025-10-14 05:16:22,020 - BatteryGuard - ERROR - خطأ في فحص تنبيهات البطارية: 'SmartNotificationManager' object has no attribute 'send_battery_threshold_alert'
2025-10-14 05:16:24,021 - BatteryGuard - ERROR - خطأ في فحص تنبيهات البطارية: 'SmartNotificationManager' object has no attribute 'send_battery_threshold_alert'
2025-10-14 05:16:26,024 - BatteryGuard - ERROR - خطأ في فحص تنبيهات البطارية: 'SmartNotificationManager' object has no attribute 'send_battery_threshold_alert'
2025-10-14 05:16:28,025 - BatteryGuard - ERROR - خطأ في فحص تنبيهات البطارية: 'SmartNotificationManager' object has no attribute 'send_battery_threshold_alert'
2025-10-14 05:16:30,027 - BatteryGuard - ERROR - خطأ في فحص تنبيهات البطارية: 'SmartNotificationManager' object has no attribute 'send_battery_threshold_alert'
2025-10-14 05:16:32,028 - BatteryGuard - ERROR - خطأ في فحص تنبيهات البطارية: 'SmartNotificationManager' object has no attribute 'send_battery_threshold_alert'
2025-10-14 05:16:34,061 - BatteryGuard - INFO - تم حفظ بيانات AI - الأنماط: 1, درجة الكفاءة: 100
2025-10-14 05:16:34,062 - BatteryGuard - INFO - تم إجراء تحليل عميق متقدم للبيانات وحفظها
2025-10-14 05:16:34,062 - BatteryGuard - ERROR - خطأ في فحص تنبيهات البطارية: 'SmartNotificationManager' object has no attribute 'send_battery_threshold_alert'
2025-10-14 05:16:36,067 - BatteryGuard - ERROR - خطأ في فحص تنبيهات البطارية: 'SmartNotificationManager' object has no attribute 'send_battery_threshold_alert'
2025-10-14 05:16:38,071 - BatteryGuard - ERROR - خطأ في فحص تنبيهات البطارية: 'SmartNotificationManager' object has no attribute 'send_battery_threshold_alert'
2025-10-14 05:16:40,088 - BatteryGuard - ERROR - خطأ في فحص تنبيهات البطارية: 'SmartNotificationManager' object has no attribute 'send_battery_threshold_alert'
2025-10-14 05:16:42,090 - BatteryGuard - ERROR - خطأ في فحص تنبيهات البطارية: 'SmartNotificationManager' object has no attribute 'send_battery_threshold_alert'
2025-10-14 05:16:44,091 - BatteryGuard - ERROR - خطأ في فحص تنبيهات البطارية: 'SmartNotificationManager' object has no attribute 'send_battery_threshold_alert'
2025-10-14 05:16:46,092 - BatteryGuard - ERROR - خطأ في فحص تنبيهات البطارية: 'SmartNotificationManager' object has no attribute 'send_battery_threshold_alert'
2025-10-14 05:16:48,099 - BatteryGuard - ERROR - خطأ في فحص تنبيهات البطارية: 'SmartNotificationManager' object has no attribute 'send_battery_threshold_alert'
2025-10-14 05:16:50,101 - BatteryGuard - ERROR - خطأ في فحص تنبيهات البطارية: 'SmartNotificationManager' object has no attribute 'send_battery_threshold_alert'
2025-10-14 05:16:52,102 - BatteryGuard - ERROR - خطأ في فحص تنبيهات البطارية: 'SmartNotificationManager' object has no attribute 'send_battery_threshold_alert'
2025-10-14 05:16:54,108 - BatteryGuard - ERROR - خطأ في فحص تنبيهات البطارية: 'SmartNotificationManager' object has no attribute 'send_battery_threshold_alert'
2025-10-14 05:16:56,112 - BatteryGuard - ERROR - خطأ في فحص تنبيهات البطارية: 'SmartNotificationManager' object has no attribute 'send_battery_threshold_alert'
2025-10-14 05:16:58,114 - BatteryGuard - ERROR - خطأ في فحص تنبيهات البطارية: 'SmartNotificationManager' object has no attribute 'send_battery_threshold_alert'
2025-10-14 05:17:00,116 - BatteryGuard - ERROR - خطأ في فحص تنبيهات البطارية: 'SmartNotificationManager' object has no attribute 'send_battery_threshold_alert'
2025-10-14 05:17:02,118 - BatteryGuard - ERROR - خطأ في فحص تنبيهات البطارية: 'SmartNotificationManager' object has no attribute 'send_battery_threshold_alert'
2025-10-14 05:17:04,119 - BatteryGuard - ERROR - خطأ في فحص تنبيهات البطارية: 'SmartNotificationManager' object has no attribute 'send_battery_threshold_alert'
2025-10-14 05:17:06,122 - BatteryGuard - ERROR - خطأ في فحص تنبيهات البطارية: 'SmartNotificationManager' object has no attribute 'send_battery_threshold_alert'
2025-10-14 05:17:08,126 - BatteryGuard - ERROR - خطأ في فحص تنبيهات البطارية: 'SmartNotificationManager' object has no attribute 'send_battery_threshold_alert'
2025-10-14 05:17:10,132 - BatteryGuard - ERROR - خطأ في فحص تنبيهات البطارية: 'SmartNotificationManager' object has no attribute 'send_battery_threshold_alert'
2025-10-14 05:17:12,133 - BatteryGuard - ERROR - خطأ في فحص تنبيهات البطارية: 'SmartNotificationManager' object has no attribute 'send_battery_threshold_alert'
2025-10-14 05:17:14,162 - BatteryGuard - INFO - تم حفظ بيانات AI - الأنماط: 1, درجة الكفاءة: 100
2025-10-14 05:17:14,163 - BatteryGuard - ERROR - خطأ في فحص تنبيهات البطارية: 'SmartNotificationManager' object has no attribute 'send_battery_threshold_alert'
2025-10-14 05:17:16,164 - BatteryGuard - ERROR - خطأ في فحص تنبيهات البطارية: 'SmartNotificationManager' object has no attribute 'send_battery_threshold_alert'
2025-10-14 05:17:18,165 - BatteryGuard - ERROR - خطأ في فحص تنبيهات البطارية: 'SmartNotificationManager' object has no attribute 'send_battery_threshold_alert'
2025-10-14 05:17:20,168 - BatteryGuard - ERROR - خطأ في فحص تنبيهات البطارية: 'SmartNotificationManager' object has no attribute 'send_battery_threshold_alert'
2025-10-14 05:17:22,170 - BatteryGuard - ERROR - خطأ في فحص تنبيهات البطارية: 'SmartNotificationManager' object has no attribute 'send_battery_threshold_alert'
2025-10-14 05:17:24,171 - BatteryGuard - ERROR - خطأ في فحص تنبيهات البطارية: 'SmartNotificationManager' object has no attribute 'send_battery_threshold_alert'
2025-10-14 05:17:26,172 - BatteryGuard - ERROR - خطأ في فحص تنبيهات البطارية: 'SmartNotificationManager' object has no attribute 'send_battery_threshold_alert'
2025-10-14 05:17:28,175 - BatteryGuard - ERROR - خطأ في فحص تنبيهات البطارية: 'SmartNotificationManager' object has no attribute 'send_battery_threshold_alert'
2025-10-14 05:17:30,176 - BatteryGuard - ERROR - خطأ في فحص تنبيهات البطارية: 'SmartNotificationManager' object has no attribute 'send_battery_threshold_alert'
2025-10-14 05:17:32,177 - BatteryGuard - ERROR - خطأ في فحص تنبيهات البطارية: 'SmartNotificationManager' object has no attribute 'send_battery_threshold_alert'
2025-10-14 05:17:34,217 - BatteryGuard - INFO - تم حفظ بيانات AI - الأنماط: 1, درجة الكفاءة: 88
2025-10-14 05:17:34,217 - BatteryGuard - INFO - تم إجراء تحليل عميق متقدم للبيانات وحفظها
2025-10-14 05:17:34,218 - BatteryGuard - ERROR - خطأ في فحص تنبيهات البطارية: 'SmartNotificationManager' object has no attribute 'send_battery_threshold_alert'
2025-10-14 05:17:36,219 - BatteryGuard - ERROR - خطأ في فحص تنبيهات البطارية: 'SmartNotificationManager' object has no attribute 'send_battery_threshold_alert'
2025-10-14 05:17:38,220 - BatteryGuard - ERROR - خطأ في فحص تنبيهات البطارية: 'SmartNotificationManager' object has no attribute 'send_battery_threshold_alert'
2025-10-14 05:17:40,222 - BatteryGuard - ERROR - خطأ في فحص تنبيهات البطارية: 'SmartNotificationManager' object has no attribute 'send_battery_threshold_alert'
2025-10-14 05:17:42,224 - BatteryGuard - ERROR - خطأ في فحص تنبيهات البطارية: 'SmartNotificationManager' object has no attribute 'send_battery_threshold_alert'
2025-10-14 05:17:44,225 - BatteryGuard - ERROR - خطأ في فحص تنبيهات البطارية: 'SmartNotificationManager' object has no attribute 'send_battery_threshold_alert'
2025-10-14 05:17:46,228 - BatteryGuard - ERROR - خطأ في فحص تنبيهات البطارية: 'SmartNotificationManager' object has no attribute 'send_battery_threshold_alert'
2025-10-14 05:17:48,230 - BatteryGuard - ERROR - خطأ في فحص تنبيهات البطارية: 'SmartNotificationManager' object has no attribute 'send_battery_threshold_alert'
2025-10-14 05:17:50,231 - BatteryGuard - ERROR - خطأ في فحص تنبيهات البطارية: 'SmartNotificationManager' object has no attribute 'send_battery_threshold_alert'
2025-10-14 05:17:52,233 - BatteryGuard - ERROR - خطأ في فحص تنبيهات البطارية: 'SmartNotificationManager' object has no attribute 'send_battery_threshold_alert'
2025-10-14 05:17:54,237 - BatteryGuard - ERROR - خطأ في فحص تنبيهات البطارية: 'SmartNotificationManager' object has no attribute 'send_battery_threshold_alert'
2025-10-14 05:17:56,238 - BatteryGuard - ERROR - خطأ في فحص تنبيهات البطارية: 'SmartNotificationManager' object has no attribute 'send_battery_threshold_alert'
2025-10-14 05:17:58,240 - BatteryGuard - ERROR - خطأ في فحص تنبيهات البطارية: 'SmartNotificationManager' object has no attribute 'send_battery_threshold_alert'
2025-10-14 05:18:00,244 - BatteryGuard - ERROR - خطأ في فحص تنبيهات البطارية: 'SmartNotificationManager' object has no attribute 'send_battery_threshold_alert'
2025-10-14 05:18:02,244 - BatteryGuard - ERROR - خطأ في فحص تنبيهات البطارية: 'SmartNotificationManager' object has no attribute 'send_battery_threshold_alert'
2025-10-14 05:18:04,247 - BatteryGuard - ERROR - خطأ في فحص تنبيهات البطارية: 'SmartNotificationManager' object has no attribute 'send_battery_threshold_alert'
2025-10-14 05:18:06,249 - BatteryGuard - ERROR - خطأ في فحص تنبيهات البطارية: 'SmartNotificationManager' object has no attribute 'send_battery_threshold_alert'
2025-10-14 05:18:08,250 - BatteryGuard - ERROR - خطأ في فحص تنبيهات البطارية: 'SmartNotificationManager' object has no attribute 'send_battery_threshold_alert'
2025-10-14 05:18:10,251 - BatteryGuard - ERROR - خطأ في فحص تنبيهات البطارية: 'SmartNotificationManager' object has no attribute 'send_battery_threshold_alert'
2025-10-14 05:18:12,253 - BatteryGuard - ERROR - خطأ في فحص تنبيهات البطارية: 'SmartNotificationManager' object has no attribute 'send_battery_threshold_alert'
2025-10-14 05:18:14,259 - BatteryGuard - ERROR - خطأ في فحص تنبيهات البطارية: 'SmartNotificationManager' object has no attribute 'send_battery_threshold_alert'
2025-10-14 05:18:16,259 - BatteryGuard - ERROR - خطأ في فحص تنبيهات البطارية: 'SmartNotificationManager' object has no attribute 'send_battery_threshold_alert'
2025-10-14 05:18:18,262 - BatteryGuard - ERROR - خطأ في فحص تنبيهات البطارية: 'SmartNotificationManager' object has no attribute 'send_battery_threshold_alert'
2025-10-14 05:18:20,264 - BatteryGuard - ERROR - خطأ في فحص تنبيهات البطارية: 'SmartNotificationManager' object has no attribute 'send_battery_threshold_alert'
2025-10-14 05:18:22,265 - BatteryGuard - ERROR - خطأ في فحص تنبيهات البطارية: 'SmartNotificationManager' object has no attribute 'send_battery_threshold_alert'
2025-10-14 05:18:24,275 - BatteryGuard - ERROR - خطأ في فحص تنبيهات البطارية: 'SmartNotificationManager' object has no attribute 'send_battery_threshold_alert'
2025-10-14 05:18:26,274 - BatteryGuard - ERROR - خطأ في فحص تنبيهات البطارية: 'SmartNotificationManager' object has no attribute 'send_battery_threshold_alert'
2025-10-14 05:18:28,276 - BatteryGuard - ERROR - خطأ في فحص تنبيهات البطارية: 'SmartNotificationManager' object has no attribute 'send_battery_threshold_alert'
2025-10-14 05:18:30,277 - BatteryGuard - ERROR - خطأ في فحص تنبيهات البطارية: 'SmartNotificationManager' object has no attribute 'send_battery_threshold_alert'
2025-10-14 05:18:32,278 - BatteryGuard - ERROR - خطأ في فحص تنبيهات البطارية: 'SmartNotificationManager' object has no attribute 'send_battery_threshold_alert'
2025-10-14 05:18:34,326 - BatteryGuard - INFO - تم حفظ بيانات AI - الأنماط: 1, درجة الكفاءة: 68
2025-10-14 05:18:34,326 - BatteryGuard - INFO - تم إجراء تحليل عميق متقدم للبيانات وحفظها
2025-10-14 05:18:34,327 - BatteryGuard - ERROR - خطأ في فحص تنبيهات البطارية: 'SmartNotificationManager' object has no attribute 'send_battery_threshold_alert'
2025-10-14 05:18:36,329 - BatteryGuard - ERROR - خطأ في فحص تنبيهات البطارية: 'SmartNotificationManager' object has no attribute 'send_battery_threshold_alert'
2025-10-14 05:18:38,332 - BatteryGuard - ERROR - خطأ في فحص تنبيهات البطارية: 'SmartNotificationManager' object has no attribute 'send_battery_threshold_alert'
2025-10-14 05:18:40,335 - BatteryGuard - ERROR - خطأ في فحص تنبيهات البطارية: 'SmartNotificationManager' object has no attribute 'send_battery_threshold_alert'
2025-10-14 05:18:42,337 - BatteryGuard - ERROR - خطأ في فحص تنبيهات البطارية: 'SmartNotificationManager' object has no attribute 'send_battery_threshold_alert'
2025-10-14 05:18:44,338 - BatteryGuard - ERROR - خطأ في فحص تنبيهات البطارية: 'SmartNotificationManager' object has no attribute 'send_battery_threshold_alert'
2025-10-14 05:18:46,339 - BatteryGuard - ERROR - خطأ في فحص تنبيهات البطارية: 'SmartNotificationManager' object has no attribute 'send_battery_threshold_alert'
2025-10-14 05:18:48,340 - BatteryGuard - ERROR - خطأ في فحص تنبيهات البطارية: 'SmartNotificationManager' object has no attribute 'send_battery_threshold_alert'
2025-10-14 05:18:50,341 - BatteryGuard - ERROR - خطأ في فحص تنبيهات البطارية: 'SmartNotificationManager' object has no attribute 'send_battery_threshold_alert'
2025-10-14 05:18:52,345 - BatteryGuard - ERROR - خطأ في فحص تنبيهات البطارية: 'SmartNotificationManager' object has no attribute 'send_battery_threshold_alert'
2025-10-14 05:18:54,345 - BatteryGuard - INFO - تم حفظ بيانات AI - الأنماط: 1, درجة الكفاءة: 68
2025-10-14 05:18:54,383 - BatteryGuard - INFO - تم حفظ بيانات AI - الأنماط: 1, درجة الكفاءة: 68
2025-10-14 05:18:54,384 - BatteryGuard - ERROR - خطأ في فحص تنبيهات البطارية: 'SmartNotificationManager' object has no attribute 'send_battery_threshold_alert'
2025-10-14 05:18:56,384 - BatteryGuard - ERROR - خطأ في فحص تنبيهات البطارية: 'SmartNotificationManager' object has no attribute 'send_battery_threshold_alert'
2025-10-14 05:18:58,386 - BatteryGuard - ERROR - خطأ في فحص تنبيهات البطارية: 'SmartNotificationManager' object has no attribute 'send_battery_threshold_alert'
2025-10-14 05:19:00,386 - BatteryGuard - ERROR - خطأ في فحص تنبيهات البطارية: 'SmartNotificationManager' object has no attribute 'send_battery_threshold_alert'
2025-10-14 05:19:02,388 - BatteryGuard - ERROR - خطأ في فحص تنبيهات البطارية: 'SmartNotificationManager' object has no attribute 'send_battery_threshold_alert'
2025-10-14 05:19:04,391 - BatteryGuard - ERROR - خطأ في فحص تنبيهات البطارية: 'SmartNotificationManager' object has no attribute 'send_battery_threshold_alert'
2025-10-14 05:19:06,393 - BatteryGuard - ERROR - خطأ في فحص تنبيهات البطارية: 'SmartNotificationManager' object has no attribute 'send_battery_threshold_alert'
2025-10-14 05:19:08,395 - BatteryGuard - ERROR - خطأ في فحص تنبيهات البطارية: 'SmartNotificationManager' object has no attribute 'send_battery_threshold_alert'
2025-10-14 05:19:10,398 - BatteryGuard - ERROR - خطأ في فحص تنبيهات البطارية: 'SmartNotificationManager' object has no attribute 'send_battery_threshold_alert'
2025-10-14 05:19:12,400 - BatteryGuard - ERROR - خطأ في فحص تنبيهات البطارية: 'SmartNotificationManager' object has no attribute 'send_battery_threshold_alert'
2025-10-14 05:19:14,402 - BatteryGuard - ERROR - خطأ في فحص تنبيهات البطارية: 'SmartNotificationManager' object has no attribute 'send_battery_threshold_alert'
2025-10-14 05:19:16,406 - BatteryGuard - ERROR - خطأ في فحص تنبيهات البطارية: 'SmartNotificationManager' object has no attribute 'send_battery_threshold_alert'
2025-10-14 05:19:18,407 - BatteryGuard - ERROR - خطأ في فحص تنبيهات البطارية: 'SmartNotificationManager' object has no attribute 'send_battery_threshold_alert'
2025-10-14 05:19:20,408 - BatteryGuard - ERROR - خطأ في فحص تنبيهات البطارية: 'SmartNotificationManager' object has no attribute 'send_battery_threshold_alert'
2025-10-14 05:19:22,411 - BatteryGuard - ERROR - خطأ في فحص تنبيهات البطارية: 'SmartNotificationManager' object has no attribute 'send_battery_threshold_alert'
2025-10-14 05:19:24,412 - BatteryGuard - ERROR - خطأ في فحص تنبيهات البطارية: 'SmartNotificationManager' object has no attribute 'send_battery_threshold_alert'
2025-10-14 05:19:26,413 - BatteryGuard - ERROR - خطأ في فحص تنبيهات البطارية: 'SmartNotificationManager' object has no attribute 'send_battery_threshold_alert'
2025-10-14 05:19:28,414 - BatteryGuard - ERROR - خطأ في فحص تنبيهات البطارية: 'SmartNotificationManager' object has no attribute 'send_battery_threshold_alert'
2025-10-14 05:19:30,418 - BatteryGuard - ERROR - خطأ في فحص تنبيهات البطارية: 'SmartNotificationManager' object has no attribute 'send_battery_threshold_alert'
2025-10-14 05:19:32,420 - BatteryGuard - ERROR - خطأ في فحص تنبيهات البطارية: 'SmartNotificationManager' object has no attribute 'send_battery_threshold_alert'
2025-10-14 05:19:34,490 - BatteryGuard - INFO - تم حفظ بيانات AI - الأنماط: 1, درجة الكفاءة: 51
2025-10-14 05:19:34,490 - BatteryGuard - INFO - تم إجراء تحليل عميق متقدم للبيانات وحفظها
2025-10-14 05:19:34,491 - BatteryGuard - ERROR - خطأ في فحص تنبيهات البطارية: 'SmartNotificationManager' object has no attribute 'send_battery_threshold_alert'
2025-10-14 05:19:36,492 - BatteryGuard - ERROR - خطأ في فحص تنبيهات البطارية: 'SmartNotificationManager' object has no attribute 'send_battery_threshold_alert'
2025-10-14 05:19:38,493 - BatteryGuard - ERROR - خطأ في فحص تنبيهات البطارية: 'SmartNotificationManager' object has no attribute 'send_battery_threshold_alert'
2025-10-14 05:19:40,494 - BatteryGuard - ERROR - خطأ في فحص تنبيهات البطارية: 'SmartNotificationManager' object has no attribute 'send_battery_threshold_alert'
2025-10-14 05:19:42,498 - BatteryGuard - ERROR - خطأ في فحص تنبيهات البطارية: 'SmartNotificationManager' object has no attribute 'send_battery_threshold_alert'
2025-10-14 05:19:44,500 - BatteryGuard - ERROR - خطأ في فحص تنبيهات البطارية: 'SmartNotificationManager' object has no attribute 'send_battery_threshold_alert'
2025-10-14 05:19:46,501 - BatteryGuard - ERROR - خطأ في فحص تنبيهات البطارية: 'SmartNotificationManager' object has no attribute 'send_battery_threshold_alert'
2025-10-14 05:19:48,502 - BatteryGuard - ERROR - خطأ في فحص تنبيهات البطارية: 'SmartNotificationManager' object has no attribute 'send_battery_threshold_alert'
2025-10-14 05:19:50,503 - BatteryGuard - ERROR - خطأ في فحص تنبيهات البطارية: 'SmartNotificationManager' object has no attribute 'send_battery_threshold_alert'
2025-10-14 05:19:52,504 - BatteryGuard - ERROR - خطأ في فحص تنبيهات البطارية: 'SmartNotificationManager' object has no attribute 'send_battery_threshold_alert'
2025-10-14 05:19:54,514 - BatteryGuard - ERROR - خطأ في فحص تنبيهات البطارية: 'SmartNotificationManager' object has no attribute 'send_battery_threshold_alert'
2025-10-14 05:19:56,515 - BatteryGuard - ERROR - خطأ في فحص تنبيهات البطارية: 'SmartNotificationManager' object has no attribute 'send_battery_threshold_alert'
2025-10-14 05:19:58,516 - BatteryGuard - ERROR - خطأ في فحص تنبيهات البطارية: 'SmartNotificationManager' object has no attribute 'send_battery_threshold_alert'
2025-10-14 05:20:00,517 - BatteryGuard - ERROR - خطأ في فحص تنبيهات البطارية: 'SmartNotificationManager' object has no attribute 'send_battery_threshold_alert'
2025-10-14 05:20:02,518 - BatteryGuard - ERROR - خطأ في فحص تنبيهات البطارية: 'SmartNotificationManager' object has no attribute 'send_battery_threshold_alert'
2025-10-14 05:20:04,519 - BatteryGuard - ERROR - خطأ في فحص تنبيهات البطارية: 'SmartNotificationManager' object has no attribute 'send_battery_threshold_alert'
2025-10-14 05:20:06,520 - BatteryGuard - ERROR - خطأ في فحص تنبيهات البطارية: 'SmartNotificationManager' object has no attribute 'send_battery_threshold_alert'
2025-10-14 05:20:08,521 - BatteryGuard - ERROR - خطأ في فحص تنبيهات البطارية: 'SmartNotificationManager' object has no attribute 'send_battery_threshold_alert'
2025-10-14 05:20:10,524 - BatteryGuard - ERROR - خطأ في فحص تنبيهات البطارية: 'SmartNotificationManager' object has no attribute 'send_battery_threshold_alert'
2025-10-14 05:20:11,013 - BatteryGuard - INFO - ✅ تم الحصول على القفل - المنفذ: 53652
2025-10-14 05:20:11,013 - BatteryGuard - INFO - 🚀 بدء تشغيل BatteryGuard Pro...
2025-10-14 05:20:11,044 - BatteryGuard - INFO - ✅ الطرق المتاحة: tlp, upower
2025-10-14 05:20:11,044 - BatteryGuard - INFO - 📱 الجهاز: HP
2025-10-14 05:20:11,044 - BatteryGuard - INFO - ✅ تم تفعيل نظام التحكم المتقدم
2025-10-14 05:20:11,045 - BatteryGuard - INFO - 📱 الطرق المتاحة: tlp, upower
2025-10-14 05:20:11,050 - BatteryGuard - INFO - تم تحميل بيانات AI بنجاح - الأنماط: 1, التوصيات: 3
2025-10-14 05:20:11,050 - BatteryGuard - INFO - ✅ نظام الإشعارات: Notify (Linux)
2025-10-14 05:20:11,050 - BatteryGuard - INFO - ✅ نظام الأصوات: متاح
2025-10-14 05:20:11,584 - BatteryGuard - INFO - الأصوات: مفعّلة - مستوى الصوت: 0.7
2025-10-14 05:20:11,584 - BatteryGuard - INFO - تم تحديث حدود البطارية: {'critical_low': 10, 'low': 30, 'optimal_min': 40, 'optimal_max': 80, 'high': 90, 'full': 95}
2025-10-14 05:20:11,585 - BatteryGuard - INFO - تنبيه charger_disconnect_reminder: مفعّل
2025-10-14 05:20:11,585 - BatteryGuard - INFO - تنبيه optimal_charge_reminder: مفعّل
2025-10-14 05:20:11,585 - BatteryGuard - INFO - تنبيه health_warnings: مفعّل
2025-10-14 05:20:11,585 - BatteryGuard - INFO - تنبيه usage_pattern_alerts: مفعّل
2025-10-14 05:20:11,585 - BatteryGuard - INFO - تنبيه temperature_warnings: مفعّل
2025-10-14 05:20:11,585 - BatteryGuard - INFO - تم تحديث فترات التذكير: {'battery_critical': 60, 'battery_low': 300, 'charge_complete': 600, 'unplug_charger': 300}
2025-10-14 05:20:11,585 - BatteryGuard - INFO - تم تحديث إعدادات الإشعارات الذكية
2025-10-14 05:20:11,588 - BatteryGuard - INFO - تم بدء المراقبة بنجاح
2025-10-14 05:20:11,657 - BatteryGuard - INFO - ✅ تم تشغيل BatteryGuard Pro بنجاح
2025-10-14 05:20:11,729 - BatteryGuard - ERROR - خطأ في الحصول على تنبيهات AI: 'BatteryAI' object has no attribute 'get_optimization_recommendations'
2025-10-14 05:20:12,088 - BatteryGuard - ERROR - خطأ في الحصول على تنبيهات AI: 'BatteryAI' object has no attribute 'get_optimization_recommendations'
2025-10-14 05:20:12,525 - BatteryGuard - ERROR - خطأ في فحص تنبيهات البطارية: 'SmartNotificationManager' object has no attribute 'send_battery_threshold_alert'
2025-10-14 05:20:13,660 - BatteryGuard - ERROR - خطأ في الحصول على تنبيهات AI: 'BatteryAI' object has no attribute 'get_optimization_recommendations'
2025-10-14 05:20:14,543 - BatteryGuard - ERROR - خطأ في فحص تنبيهات البطارية: 'SmartNotificationManager' object has no attribute 'send_battery_threshold_alert'
2025-10-14 05:20:15,673 - BatteryGuard - ERROR - خطأ في الحصول على تنبيهات AI: 'BatteryAI' object has no attribute 'get_optimization_recommendations'
2025-10-14 05:20:16,544 - BatteryGuard - ERROR - خطأ في فحص تنبيهات البطارية: 'SmartNotificationManager' object has no attribute 'send_battery_threshold_alert'
2025-10-14 05:20:17,662 - BatteryGuard - ERROR - خطأ في الحصول على تنبيهات AI: 'BatteryAI' object has no attribute 'get_optimization_recommendations'
2025-10-14 05:20:18,545 - BatteryGuard - ERROR - خطأ في فحص تنبيهات البطارية: 'SmartNotificationManager' object has no attribute 'send_battery_threshold_alert'
2025-10-14 05:20:19,663 - BatteryGuard - ERROR - خطأ في الحصول على تنبيهات AI: 'BatteryAI' object has no attribute 'get_optimization_recommendations'
2025-10-14 05:20:20,546 - BatteryGuard - ERROR - خطأ في فحص تنبيهات البطارية: 'SmartNotificationManager' object has no attribute 'send_battery_threshold_alert'
2025-10-14 05:20:21,664 - BatteryGuard - ERROR - خطأ في الحصول على تنبيهات AI: 'BatteryAI' object has no attribute 'get_optimization_recommendations'
2025-10-14 05:20:22,547 - BatteryGuard - ERROR - خطأ في فحص تنبيهات البطارية: 'SmartNotificationManager' object has no attribute 'send_battery_threshold_alert'
2025-10-14 05:20:23,665 - BatteryGuard - ERROR - خطأ في الحصول على تنبيهات AI: 'BatteryAI' object has no attribute 'get_optimization_recommendations'
2025-10-14 05:20:24,066 - BatteryGuard - INFO - تم تغيير عتبة cpu_percent إلى: 70
2025-10-14 05:20:24,067 - BatteryGuard - INFO - تم تغيير عتبة memory_percent إلى: 75
2025-10-14 05:20:24,067 - BatteryGuard - INFO - تم تغيير عتبة disk_percent إلى: 85
2025-10-14 05:20:24,076 - BatteryGuard - INFO - تم تغيير عتبة power_draw إلى: 15
2025-10-14 05:20:24,076 - BatteryGuard - INFO - تم تغيير وضع التحسين إلى: on_demand
2025-10-14 05:20:24,076 - BatteryGuard - INFO - تم تغيير فترة التحسين إلى: 300 ثانية
2025-10-14 05:20:24,077 - BatteryGuard - INFO - بدء حلقة التحسين - الوضع: on_demand
2025-10-14 05:20:24,077 - BatteryGuard - INFO - تم بدء التحسين التلقائي الذكي
2025-10-14 05:20:24,078 - BatteryGuard - INFO - ✅ تم تفعيل التحسين التلقائي - الوضع: on_demand
2025-10-14 05:20:24,079 - BatteryGuard - INFO - ✅ تم تفعيل التحسين التلقائي - الوضع: on_demand, الفترة: 300ث
2025-10-14 05:20:24,548 - BatteryGuard - ERROR - خطأ في فحص تنبيهات البطارية: 'SmartNotificationManager' object has no attribute 'send_battery_threshold_alert'
2025-10-14 05:20:25,119 - BatteryGuard - ERROR - خطأ في الحصول على أولوية الذكاء الاصطناعي: 'BatteryAI' object has no attribute 'get_optimization_recommendations'
2025-10-14 05:20:25,119 - BatteryGuard - INFO - يحتاج النظام للتحسين - الأولوية: 2/10
2025-10-14 05:20:25,119 - BatteryGuard - INFO - الأسباب: عمليات كثيرة (348)
2025-10-14 05:20:25,120 - BatteryGuard - INFO - بدء التحسين التلقائي - الوضع: on_demand, الأولوية: 2
2025-10-14 05:20:25,669 - BatteryGuard - ERROR - خطأ في الحصول على تنبيهات AI: 'BatteryAI' object has no attribute 'get_optimization_recommendations'
2025-10-14 05:20:26,552 - BatteryGuard - ERROR - خطأ في فحص تنبيهات البطارية: 'SmartNotificationManager' object has no attribute 'send_battery_threshold_alert'
2025-10-14 05:20:27,670 - BatteryGuard - ERROR - خطأ في الحصول على تنبيهات AI: 'BatteryAI' object has no attribute 'get_optimization_recommendations'
2025-10-14 05:20:28,554 - BatteryGuard - ERROR - خطأ في فحص تنبيهات البطارية: 'SmartNotificationManager' object has no attribute 'send_battery_threshold_alert'
2025-10-14 05:20:29,671 - BatteryGuard - ERROR - خطأ في الحصول على تنبيهات AI: 'BatteryAI' object has no attribute 'get_optimization_recommendations'
2025-10-14 05:20:30,555 - BatteryGuard - ERROR - خطأ في فحص تنبيهات البطارية: 'SmartNotificationManager' object has no attribute 'send_battery_threshold_alert'
2025-10-14 05:20:31,672 - BatteryGuard - ERROR - خطأ في الحصول على تنبيهات AI: 'BatteryAI' object has no attribute 'get_optimization_recommendations'
2025-10-14 05:20:32,556 - BatteryGuard - ERROR - خطأ في فحص تنبيهات البطارية: 'SmartNotificationManager' object has no attribute 'send_battery_threshold_alert'
2025-10-14 05:20:34,586 - BatteryGuard - INFO - تم حفظ بيانات AI - الأنماط: 1, درجة الكفاءة: 34
2025-10-14 05:20:34,586 - BatteryGuard - INFO - تم إجراء تحليل عميق متقدم للبيانات وحفظها
2025-10-14 05:20:34,611 - BatteryGuard - INFO - تم حفظ بيانات AI - الأنماط: 1, درجة الكفاءة: 34
2025-10-14 05:20:34,612 - BatteryGuard - ERROR - خطأ في فحص تنبيهات البطارية: 'SmartNotificationManager' object has no attribute 'send_battery_threshold_alert'
2025-10-14 05:20:36,613 - BatteryGuard - ERROR - خطأ في فحص تنبيهات البطارية: 'SmartNotificationManager' object has no attribute 'send_battery_threshold_alert'
2025-10-14 05:20:37,865 - BatteryGuard - ERROR - خطأ في اختبار sudo: Command '['sudo', '-S', 'echo', 'test']' timed out after 5 seconds
2025-10-14 05:20:37,885 - BatteryGuard - ERROR - خطأ في الحصول على تنبيهات AI: 'BatteryAI' object has no attribute 'get_optimization_recommendations'
2025-10-14 05:20:37,892 - BatteryGuard - ERROR - خطأ في الحصول على تنبيهات AI: 'BatteryAI' object has no attribute 'get_optimization_recommendations'
2025-10-14 05:20:37,902 - BatteryGuard - ERROR - خطأ في الحصول على تنبيهات AI: 'BatteryAI' object has no attribute 'get_optimization_recommendations'
2025-10-14 05:20:38,616 - BatteryGuard - ERROR - خطأ في فحص تنبيهات البطارية: 'SmartNotificationManager' object has no attribute 'send_battery_threshold_alert'
2025-10-14 05:20:39,676 - BatteryGuard - ERROR - خطأ في الحصول على تنبيهات AI: 'BatteryAI' object has no attribute 'get_optimization_recommendations'
2025-10-14 05:20:40,619 - BatteryGuard - ERROR - خطأ في فحص تنبيهات البطارية: 'SmartNotificationManager' object has no attribute 'send_battery_threshold_alert'
2025-10-14 05:20:41,677 - BatteryGuard - ERROR - خطأ في الحصول على تنبيهات AI: 'BatteryAI' object has no attribute 'get_optimization_recommendations'
2025-10-14 05:20:42,620 - BatteryGuard - ERROR - خطأ في فحص تنبيهات البطارية: 'SmartNotificationManager' object has no attribute 'send_battery_threshold_alert'
2025-10-14 05:20:43,679 - BatteryGuard - ERROR - خطأ في الحصول على تنبيهات AI: 'BatteryAI' object has no attribute 'get_optimization_recommendations'
2025-10-14 05:20:44,621 - BatteryGuard - ERROR - خطأ في فحص تنبيهات البطارية: 'SmartNotificationManager' object has no attribute 'send_battery_threshold_alert'
2025-10-14 05:20:45,679 - BatteryGuard - ERROR - خطأ في الحصول على تنبيهات AI: 'BatteryAI' object has no attribute 'get_optimization_recommendations'
2025-10-14 05:20:46,622 - BatteryGuard - ERROR - خطأ في فحص تنبيهات البطارية: 'SmartNotificationManager' object has no attribute 'send_battery_threshold_alert'
2025-10-14 05:20:47,680 - BatteryGuard - ERROR - خطأ في الحصول على تنبيهات AI: 'BatteryAI' object has no attribute 'get_optimization_recommendations'
2025-10-14 05:20:48,623 - BatteryGuard - ERROR - خطأ في فحص تنبيهات البطارية: 'SmartNotificationManager' object has no attribute 'send_battery_threshold_alert'
2025-10-14 05:20:49,711 - BatteryGuard - INFO - تم حفظ بيانات AI - الأنماط: 1, درجة الكفاءة: 40
2025-10-14 05:20:49,712 - BatteryGuard - INFO - تم إجراء تحليل عميق متقدم للبيانات وحفظها
2025-10-14 05:20:49,712 - BatteryGuard - ERROR - خطأ في الحصول على تنبيهات AI: 'BatteryAI' object has no attribute 'get_optimization_recommendations'
2025-10-14 05:20:50,623 - BatteryGuard - ERROR - خطأ في فحص تنبيهات البطارية: 'SmartNotificationManager' object has no attribute 'send_battery_threshold_alert'
2025-10-14 05:20:51,713 - BatteryGuard - ERROR - خطأ في الحصول على تنبيهات AI: 'BatteryAI' object has no attribute 'get_optimization_recommendations'
2025-10-14 05:20:52,627 - BatteryGuard - ERROR - خطأ في فحص تنبيهات البطارية: 'SmartNotificationManager' object has no attribute 'send_battery_threshold_alert'
2025-10-14 05:20:54,627 - BatteryGuard - ERROR - خطأ في فحص تنبيهات البطارية: 'SmartNotificationManager' object has no attribute 'send_battery_threshold_alert'
2025-10-14 05:20:56,302 - BatteryGuard - INFO - ✅ تم الحصول على صلاحيات sudo بنجاح
2025-10-14 05:20:56,304 - BatteryGuard - INFO - ✅ تم مزامنة الصلاحيات مع جميع المكونات
2025-10-14 05:20:56,304 - BatteryGuard - INFO - تم حفظ بيانات AI - الأنماط: 1, درجة الكفاءة: 40
2025-10-14 05:20:56,304 - BatteryGuard - INFO - ✅ التحسين ناجح - توفير: 13.7% طاقة
2025-10-14 05:20:56,405 - BatteryGuard - INFO - تفعيل التحكم: سيتم استخدام الإشعارات فقط
2025-10-14 05:20:56,407 - BatteryGuard - INFO - ⚠️ تم حفظ الإعدادات - سيتم استخدام الإشعارات فقط
2025-10-14 05:20:56,409 - BatteryGuard - INFO - الأصوات: مفعّلة - مستوى الصوت: 0.7
2025-10-14 05:20:56,410 - BatteryGuard - INFO - تم تحديث حدود البطارية: {'critical_low': 10, 'low': 30, 'optimal_min': 40, 'optimal_max': 80, 'high': 90, 'full': 95}
2025-10-14 05:20:56,410 - BatteryGuard - INFO - تنبيه charger_disconnect_reminder: مفعّل
2025-10-14 05:20:56,410 - BatteryGuard - INFO - تنبيه optimal_charge_reminder: مفعّل
2025-10-14 05:20:56,410 - BatteryGuard - INFO - تنبيه health_warnings: مفعّل
2025-10-14 05:20:56,410 - BatteryGuard - INFO - تنبيه usage_pattern_alerts: مفعّل
2025-10-14 05:20:56,410 - BatteryGuard - INFO - تنبيه temperature_warnings: مفعّل
2025-10-14 05:20:56,410 - BatteryGuard - INFO - تم تحديث فترات التذكير: {'battery_critical': 60, 'battery_low': 300, 'charge_complete': 600, 'unplug_charger': 300}
2025-10-14 05:20:56,411 - BatteryGuard - INFO - تم تحديث إعدادات الإشعارات الذكية
2025-10-14 05:20:56,412 - BatteryGuard - INFO - تم حفظ جميع الإعدادات
2025-10-14 05:20:56,414 - BatteryGuard - ERROR - خطأ في الحصول على تنبيهات AI: 'BatteryAI' object has no attribute 'get_optimization_recommendations'
2025-10-14 05:20:56,423 - BatteryGuard - ERROR - خطأ في الحصول على تنبيهات AI: 'BatteryAI' object has no attribute 'get_optimization_recommendations'
2025-10-14 05:20:56,629 - BatteryGuard - ERROR - خطأ في فحص تنبيهات البطارية: 'SmartNotificationManager' object has no attribute 'send_battery_threshold_alert'
2025-10-14 05:20:57,716 - BatteryGuard - ERROR - خطأ في الحصول على تنبيهات AI: 'BatteryAI' object has no attribute 'get_optimization_recommendations'
2025-10-14 05:20:58,630 - BatteryGuard - ERROR - خطأ في فحص تنبيهات البطارية: 'SmartNotificationManager' object has no attribute 'send_battery_threshold_alert'
2025-10-14 05:20:59,775 - BatteryGuard - INFO - تفعيل التحكم: سيتم استخدام الإشعارات فقط
2025-10-14 05:20:59,776 - BatteryGuard - INFO - ⚠️ تم حفظ الإعدادات - سيتم استخدام الإشعارات فقط
2025-10-14 05:20:59,777 - BatteryGuard - INFO - الأصوات: مفعّلة - مستوى الصوت: 0.7
2025-10-14 05:20:59,777 - BatteryGuard - INFO - تم تحديث حدود البطارية: {'critical_low': 10, 'low': 30, 'optimal_min': 40, 'optimal_max': 80, 'high': 90, 'full': 95}
2025-10-14 05:20:59,777 - BatteryGuard - INFO - تنبيه charger_disconnect_reminder: مفعّل
2025-10-14 05:20:59,777 - BatteryGuard - INFO - تنبيه optimal_charge_reminder: مفعّل
2025-10-14 05:20:59,777 - BatteryGuard - INFO - تنبيه health_warnings: مفعّل
2025-10-14 05:20:59,777 - BatteryGuard - INFO - تنبيه usage_pattern_alerts: مفعّل
2025-10-14 05:20:59,777 - BatteryGuard - INFO - تنبيه temperature_warnings: مفعّل
2025-10-14 05:20:59,777 - BatteryGuard - INFO - تم تحديث فترات التذكير: {'battery_critical': 60, 'battery_low': 300, 'charge_complete': 600, 'unplug_charger': 300}
2025-10-14 05:20:59,777 - BatteryGuard - INFO - تم تحديث إعدادات الإشعارات الذكية
2025-10-14 05:20:59,785 - BatteryGuard - INFO - تم حفظ جميع الإعدادات
2025-10-14 05:20:59,793 - BatteryGuard - ERROR - خطأ في الحصول على تنبيهات AI: 'BatteryAI' object has no attribute 'get_optimization_recommendations'
2025-10-14 05:21:00,631 - BatteryGuard - ERROR - خطأ في فحص تنبيهات البطارية: 'SmartNotificationManager' object has no attribute 'send_battery_threshold_alert'
2025-10-14 05:21:01,718 - BatteryGuard - ERROR - خطأ في الحصول على تنبيهات AI: 'BatteryAI' object has no attribute 'get_optimization_recommendations'
2025-10-14 05:21:02,632 - BatteryGuard - ERROR - خطأ في فحص تنبيهات البطارية: 'SmartNotificationManager' object has no attribute 'send_battery_threshold_alert'
2025-10-14 05:21:03,720 - BatteryGuard - ERROR - خطأ في الحصول على تنبيهات AI: 'BatteryAI' object has no attribute 'get_optimization_recommendations'
2025-10-14 05:21:04,633 - BatteryGuard - ERROR - خطأ في فحص تنبيهات البطارية: 'SmartNotificationManager' object has no attribute 'send_battery_threshold_alert'
2025-10-14 05:21:05,721 - BatteryGuard - ERROR - خطأ في الحصول على تنبيهات AI: 'BatteryAI' object has no attribute 'get_optimization_recommendations'
2025-10-14 05:21:06,634 - BatteryGuard - ERROR - خطأ في فحص تنبيهات البطارية: 'SmartNotificationManager' object has no attribute 'send_battery_threshold_alert'
2025-10-14 05:21:07,722 - BatteryGuard - ERROR - خطأ في الحصول على تنبيهات AI: 'BatteryAI' object has no attribute 'get_optimization_recommendations'
2025-10-14 05:21:08,635 - BatteryGuard - ERROR - خطأ في فحص تنبيهات البطارية: 'SmartNotificationManager' object has no attribute 'send_battery_threshold_alert'
2025-10-14 05:21:09,726 - BatteryGuard - ERROR - خطأ في الحصول على تنبيهات AI: 'BatteryAI' object has no attribute 'get_optimization_recommendations'
2025-10-14 05:21:10,637 - BatteryGuard - ERROR - خطأ في فحص تنبيهات البطارية: 'SmartNotificationManager' object has no attribute 'send_battery_threshold_alert'
2025-10-14 05:21:11,727 - BatteryGuard - ERROR - خطأ في الحصول على تنبيهات AI: 'BatteryAI' object has no attribute 'get_optimization_recommendations'
2025-10-14 05:21:12,641 - BatteryGuard - ERROR - خطأ في فحص تنبيهات البطارية: 'SmartNotificationManager' object has no attribute 'send_battery_threshold_alert'
2025-10-14 05:21:13,728 - BatteryGuard - ERROR - خطأ في الحصول على تنبيهات AI: 'BatteryAI' object has no attribute 'get_optimization_recommendations'
2025-10-14 05:21:14,644 - BatteryGuard - ERROR - خطأ في فحص تنبيهات البطارية: 'SmartNotificationManager' object has no attribute 'send_battery_threshold_alert'
2025-10-14 05:21:15,729 - BatteryGuard - ERROR - خطأ في الحصول على تنبيهات AI: 'BatteryAI' object has no attribute 'get_optimization_recommendations'
2025-10-14 05:21:16,644 - BatteryGuard - ERROR - خطأ في فحص تنبيهات البطارية: 'SmartNotificationManager' object has no attribute 'send_battery_threshold_alert'
2025-10-14 05:21:17,730 - BatteryGuard - ERROR - خطأ في الحصول على تنبيهات AI: 'BatteryAI' object has no attribute 'get_optimization_recommendations'
2025-10-14 05:21:18,645 - BatteryGuard - ERROR - خطأ في فحص تنبيهات البطارية: 'SmartNotificationManager' object has no attribute 'send_battery_threshold_alert'
2025-10-14 05:21:19,730 - BatteryGuard - ERROR - خطأ في الحصول على تنبيهات AI: 'BatteryAI' object has no attribute 'get_optimization_recommendations'
2025-10-14 05:21:20,646 - BatteryGuard - ERROR - خطأ في فحص تنبيهات البطارية: 'SmartNotificationManager' object has no attribute 'send_battery_threshold_alert'
2025-10-14 05:21:21,732 - BatteryGuard - ERROR - خطأ في الحصول على تنبيهات AI: 'BatteryAI' object has no attribute 'get_optimization_recommendations'
2025-10-14 05:21:22,647 - BatteryGuard - ERROR - خطأ في فحص تنبيهات البطارية: 'SmartNotificationManager' object has no attribute 'send_battery_threshold_alert'
2025-10-14 05:21:23,733 - BatteryGuard - ERROR - خطأ في الحصول على تنبيهات AI: 'BatteryAI' object has no attribute 'get_optimization_recommendations'
2025-10-14 05:21:24,648 - BatteryGuard - ERROR - خطأ في فحص تنبيهات البطارية: 'SmartNotificationManager' object has no attribute 'send_battery_threshold_alert'
2025-10-14 05:21:25,734 - BatteryGuard - ERROR - خطأ في الحصول على تنبيهات AI: 'BatteryAI' object has no attribute 'get_optimization_recommendations'
2025-10-14 05:21:26,652 - BatteryGuard - ERROR - خطأ في فحص تنبيهات البطارية: 'SmartNotificationManager' object has no attribute 'send_battery_threshold_alert'
2025-10-14 05:21:27,735 - BatteryGuard - ERROR - خطأ في الحصول على تنبيهات AI: 'BatteryAI' object has no attribute 'get_optimization_recommendations'
2025-10-14 05:21:28,653 - BatteryGuard - ERROR - خطأ في فحص تنبيهات البطارية: 'SmartNotificationManager' object has no attribute 'send_battery_threshold_alert'
2025-10-14 05:21:29,737 - BatteryGuard - ERROR - خطأ في الحصول على تنبيهات AI: 'BatteryAI' object has no attribute 'get_optimization_recommendations'
2025-10-14 05:21:30,383 - BatteryGuard - ERROR - خطأ في الحصول على أولوية الذكاء الاصطناعي: 'BatteryAI' object has no attribute 'get_optimization_recommendations'
2025-10-14 05:21:30,383 - BatteryGuard - INFO - يحتاج النظام للتحسين - الأولوية: 2/10
2025-10-14 05:21:30,383 - BatteryGuard - INFO - الأسباب: عمليات كثيرة (345)
2025-10-14 05:21:30,384 - BatteryGuard - INFO - بدء التحسين التلقائي - الوضع: on_demand, الأولوية: 2
2025-10-14 05:21:30,654 - BatteryGuard - ERROR - خطأ في فحص تنبيهات البطارية: 'SmartNotificationManager' object has no attribute 'send_battery_threshold_alert'
2025-10-14 05:21:31,738 - BatteryGuard - ERROR - خطأ في الحصول على تنبيهات AI: 'BatteryAI' object has no attribute 'get_optimization_recommendations'
2025-10-14 05:21:32,655 - BatteryGuard - ERROR - خطأ في فحص تنبيهات البطارية: 'SmartNotificationManager' object has no attribute 'send_battery_threshold_alert'
2025-10-14 05:21:33,198 - BatteryGuard - INFO - تم حفظ بيانات AI - الأنماط: 1, درجة الكفاءة: 40
2025-10-14 05:21:33,199 - BatteryGuard - INFO - ✅ التحسين ناجح - توفير: 22.6% طاقة
2025-10-14 05:21:33,741 - BatteryGuard - ERROR - خطأ في الحصول على تنبيهات AI: 'BatteryAI' object has no attribute 'get_optimization_recommendations'
2025-10-14 05:21:34,749 - BatteryGuard - INFO - تم حفظ بيانات AI - الأنماط: 1, درجة الكفاءة: 24
2025-10-14 05:21:34,750 - BatteryGuard - INFO - تم إجراء تحليل عميق متقدم للبيانات وحفظها
2025-10-14 05:21:34,751 - BatteryGuard - ERROR - خطأ في فحص تنبيهات البطارية: 'SmartNotificationManager' object has no attribute 'send_battery_threshold_alert'
2025-10-14 05:21:35,743 - BatteryGuard - ERROR - خطأ في الحصول على تنبيهات AI: 'BatteryAI' object has no attribute 'get_optimization_recommendations'
2025-10-14 05:21:36,754 - BatteryGuard - ERROR - خطأ في فحص تنبيهات البطارية: 'SmartNotificationManager' object has no attribute 'send_battery_threshold_alert'
2025-10-14 05:21:37,745 - BatteryGuard - ERROR - خطأ في الحصول على تنبيهات AI: 'BatteryAI' object has no attribute 'get_optimization_recommendations'
2025-10-14 05:21:38,757 - BatteryGuard - ERROR - خطأ في فحص تنبيهات البطارية: 'SmartNotificationManager' object has no attribute 'send_battery_threshold_alert'
2025-10-14 05:21:39,746 - BatteryGuard - ERROR - خطأ في الحصول على تنبيهات AI: 'BatteryAI' object has no attribute 'get_optimization_recommendations'
2025-10-14 05:21:40,759 - BatteryGuard - ERROR - خطأ في فحص تنبيهات البطارية: 'SmartNotificationManager' object has no attribute 'send_battery_threshold_alert'
2025-10-14 05:21:41,748 - BatteryGuard - ERROR - خطأ في الحصول على تنبيهات AI: 'BatteryAI' object has no attribute 'get_optimization_recommendations'
2025-10-14 05:21:42,762 - BatteryGuard - ERROR - خطأ في فحص تنبيهات البطارية: 'SmartNotificationManager' object has no attribute 'send_battery_threshold_alert'
2025-10-14 05:21:43,750 - BatteryGuard - ERROR - خطأ في الحصول على تنبيهات AI: 'BatteryAI' object has no attribute 'get_optimization_recommendations'
2025-10-14 05:21:44,765 - BatteryGuard - ERROR - خطأ في فحص تنبيهات البطارية: 'SmartNotificationManager' object has no attribute 'send_battery_threshold_alert'
2025-10-14 05:21:45,751 - BatteryGuard - ERROR - خطأ في الحصول على تنبيهات AI: 'BatteryAI' object has no attribute 'get_optimization_recommendations'
2025-10-14 05:21:46,768 - BatteryGuard - ERROR - خطأ في فحص تنبيهات البطارية: 'SmartNotificationManager' object has no attribute 'send_battery_threshold_alert'
2025-10-14 05:21:47,753 - BatteryGuard - ERROR - خطأ في الحصول على تنبيهات AI: 'BatteryAI' object has no attribute 'get_optimization_recommendations'
2025-10-14 05:21:48,773 - BatteryGuard - ERROR - خطأ في فحص تنبيهات البطارية: 'SmartNotificationManager' object has no attribute 'send_battery_threshold_alert'
2025-10-14 05:21:49,886 - BatteryGuard - INFO - تم حفظ بيانات AI - الأنماط: 1, درجة الكفاءة: 32
2025-10-14 05:21:49,887 - BatteryGuard - INFO - تم إجراء تحليل عميق متقدم للبيانات وحفظها
2025-10-14 05:21:50,020 - BatteryGuard - INFO - تم حفظ بيانات AI - الأنماط: 1, درجة الكفاءة: 32
2025-10-14 05:21:50,023 - BatteryGuard - ERROR - خطأ في الحصول على تنبيهات AI: 'BatteryAI' object has no attribute 'get_optimization_recommendations'
2025-10-14 05:21:50,778 - BatteryGuard - ERROR - خطأ في فحص تنبيهات البطارية: 'SmartNotificationManager' object has no attribute 'send_battery_threshold_alert'
2025-10-14 05:21:52,022 - BatteryGuard - ERROR - خطأ في الحصول على تنبيهات AI: 'BatteryAI' object has no attribute 'get_optimization_recommendations'
2025-10-14 05:21:52,782 - BatteryGuard - ERROR - خطأ في فحص تنبيهات البطارية: 'SmartNotificationManager' object has no attribute 'send_battery_threshold_alert'
2025-10-14 05:21:54,024 - BatteryGuard - ERROR - خطأ في الحصول على تنبيهات AI: 'BatteryAI' object has no attribute 'get_optimization_recommendations'
2025-10-14 05:21:54,788 - BatteryGuard - ERROR - خطأ في فحص تنبيهات البطارية: 'SmartNotificationManager' object has no attribute 'send_battery_threshold_alert'
2025-10-14 05:21:56,028 - BatteryGuard - ERROR - خطأ في الحصول على تنبيهات AI: 'BatteryAI' object has no attribute 'get_optimization_recommendations'
2025-10-14 05:21:56,790 - BatteryGuard - ERROR - خطأ في فحص تنبيهات البطارية: 'SmartNotificationManager' object has no attribute 'send_battery_threshold_alert'
2025-10-14 05:21:58,037 - BatteryGuard - ERROR - خطأ في الحصول على تنبيهات AI: 'BatteryAI' object has no attribute 'get_optimization_recommendations'
2025-10-14 05:21:58,791 - BatteryGuard - ERROR - خطأ في فحص تنبيهات البطارية: 'SmartNotificationManager' object has no attribute 'send_battery_threshold_alert'
2025-10-14 05:22:00,039 - BatteryGuard - ERROR - خطأ في الحصول على تنبيهات AI: 'BatteryAI' object has no attribute 'get_optimization_recommendations'
2025-10-14 05:22:00,792 - BatteryGuard - ERROR - خطأ في فحص تنبيهات البطارية: 'SmartNotificationManager' object has no attribute 'send_battery_threshold_alert'
2025-10-14 05:22:02,040 - BatteryGuard - ERROR - خطأ في الحصول على تنبيهات AI: 'BatteryAI' object has no attribute 'get_optimization_recommendations'
2025-10-14 05:22:02,795 - BatteryGuard - ERROR - خطأ في فحص تنبيهات البطارية: 'SmartNotificationManager' object has no attribute 'send_battery_threshold_alert'
2025-10-14 05:22:04,043 - BatteryGuard - ERROR - خطأ في الحصول على تنبيهات AI: 'BatteryAI' object has no attribute 'get_optimization_recommendations'
2025-10-14 05:22:04,797 - BatteryGuard - ERROR - خطأ في فحص تنبيهات البطارية: 'SmartNotificationManager' object has no attribute 'send_battery_threshold_alert'
2025-10-14 05:22:06,044 - BatteryGuard - ERROR - خطأ في الحصول على تنبيهات AI: 'BatteryAI' object has no attribute 'get_optimization_recommendations'
2025-10-14 05:22:06,799 - BatteryGuard - ERROR - خطأ في فحص تنبيهات البطارية: 'SmartNotificationManager' object has no attribute 'send_battery_threshold_alert'
2025-10-14 05:22:07,367 - BatteryGuard - ERROR - خطأ في الحصول على أولوية الذكاء الاصطناعي: 'BatteryAI' object has no attribute 'get_optimization_recommendations'
2025-10-14 05:22:07,367 - BatteryGuard - INFO - يحتاج النظام للتحسين - الأولوية: 2/10
2025-10-14 05:22:07,367 - BatteryGuard - INFO - الأسباب: عمليات كثيرة (343)
2025-10-14 05:22:07,368 - BatteryGuard - INFO - بدء التحسين التلقائي - الوضع: on_demand, الأولوية: 2
2025-10-14 05:22:08,048 - BatteryGuard - ERROR - خطأ في الحصول على تنبيهات AI: 'BatteryAI' object has no attribute 'get_optimization_recommendations'
2025-10-14 05:22:08,802 - BatteryGuard - ERROR - خطأ في فحص تنبيهات البطارية: 'SmartNotificationManager' object has no attribute 'send_battery_threshold_alert'
2025-10-14 05:22:09,285 - BatteryGuard - INFO - تم حفظ بيانات AI - الأنماط: 1, درجة الكفاءة: 32
2025-10-14 05:22:09,286 - BatteryGuard - INFO - ✅ التحسين ناجح - توفير: 26.6% طاقة
2025-10-14 05:22:10,059 - BatteryGuard - ERROR - خطأ في الحصول على تنبيهات AI: 'BatteryAI' object has no attribute 'get_optimization_recommendations'
2025-10-14 05:22:10,803 - BatteryGuard - ERROR - خطأ في فحص تنبيهات البطارية: 'SmartNotificationManager' object has no attribute 'send_battery_threshold_alert'
2025-10-14 05:22:12,063 - BatteryGuard - ERROR - خطأ في الحصول على تنبيهات AI: 'BatteryAI' object has no attribute 'get_optimization_recommendations'
2025-10-14 05:22:12,842 - BatteryGuard - ERROR - خطأ في فحص تنبيهات البطارية: 'SmartNotificationManager' object has no attribute 'send_battery_threshold_alert'
2025-10-14 05:22:14,067 - BatteryGuard - ERROR - خطأ في الحصول على تنبيهات AI: 'BatteryAI' object has no attribute 'get_optimization_recommendations'
2025-10-14 05:22:14,912 - BatteryGuard - INFO - تم حفظ بيانات AI - الأنماط: 1, درجة الكفاءة: 24
2025-10-14 05:22:14,913 - BatteryGuard - ERROR - خطأ في فحص تنبيهات البطارية: 'SmartNotificationManager' object has no attribute 'send_battery_threshold_alert'
2025-10-14 05:22:16,071 - BatteryGuard - ERROR - خطأ في الحصول على تنبيهات AI: 'BatteryAI' object has no attribute 'get_optimization_recommendations'
2025-10-14 05:22:16,916 - BatteryGuard - ERROR - خطأ في فحص تنبيهات البطارية: 'SmartNotificationManager' object has no attribute 'send_battery_threshold_alert'
2025-10-14 05:22:18,075 - BatteryGuard - ERROR - خطأ في الحصول على تنبيهات AI: 'BatteryAI' object has no attribute 'get_optimization_recommendations'
2025-10-14 05:22:18,919 - BatteryGuard - ERROR - خطأ في فحص تنبيهات البطارية: 'SmartNotificationManager' object has no attribute 'send_battery_threshold_alert'
2025-10-14 05:22:20,078 - BatteryGuard - ERROR - خطأ في الحصول على تنبيهات AI: 'BatteryAI' object has no attribute 'get_optimization_recommendations'
2025-10-14 05:22:20,926 - BatteryGuard - ERROR - خطأ في فحص تنبيهات البطارية: 'SmartNotificationManager' object has no attribute 'send_battery_threshold_alert'
2025-10-14 05:22:22,080 - BatteryGuard - ERROR - خطأ في الحصول على تنبيهات AI: 'BatteryAI' object has no attribute 'get_optimization_recommendations'
2025-10-14 05:22:22,929 - BatteryGuard - ERROR - خطأ في فحص تنبيهات البطارية: 'SmartNotificationManager' object has no attribute 'send_battery_threshold_alert'
2025-10-14 05:22:24,087 - BatteryGuard - ERROR - خطأ في الحصول على تنبيهات AI: 'BatteryAI' object has no attribute 'get_optimization_recommendations'
2025-10-14 05:22:24,935 - BatteryGuard - ERROR - خطأ في فحص تنبيهات البطارية: 'SmartNotificationManager' object has no attribute 'send_battery_threshold_alert'
2025-10-14 05:22:25,925 - BatteryGuard - INFO - إيقاف البرنامج...
2025-10-14 05:22:26,326 - BatteryGuard - INFO - تم حفظ بيانات AI - الأنماط: 1, درجة الكفاءة: 32
2025-10-14 05:22:26,459 - BatteryGuard - INFO - تم حفظ بيانات AI - الأنماط: 1, درجة الكفاءة: 32
2025-10-14 05:22:26,479 - BatteryGuard - INFO - ✅ تم تحرير القفل
2025-10-14 05:22:26,939 - BatteryGuard - ERROR - خطأ في فحص تنبيهات البطارية: 'SmartNotificationManager' object has no attribute 'send_battery_threshold_alert'
2025-10-14 05:22:28,942 - BatteryGuard - ERROR - خطأ في فحص تنبيهات البطارية: 'SmartNotificationManager' object has no attribute 'send_battery_threshold_alert'
2025-10-14 05:22:30,950 - BatteryGuard - ERROR - خطأ في فحص تنبيهات البطارية: 'SmartNotificationManager' object has no attribute 'send_battery_threshold_alert'
2025-10-14 05:22:32,960 - BatteryGuard - ERROR - خطأ في فحص تنبيهات البطارية: 'SmartNotificationManager' object has no attribute 'send_battery_threshold_alert'
2025-10-14 05:22:35,139 - BatteryGuard - INFO - تم حفظ بيانات AI - الأنماط: 2, درجة الكفاءة: 17
2025-10-14 05:22:35,140 - BatteryGuard - INFO - تم إجراء تحليل عميق متقدم للبيانات وحفظها
2025-10-14 05:22:35,141 - BatteryGuard - ERROR - خطأ في فحص تنبيهات البطارية: 'SmartNotificationManager' object has no attribute 'send_battery_threshold_alert'
2025-10-14 05:22:37,145 - BatteryGuard - ERROR - خطأ في فحص تنبيهات البطارية: 'SmartNotificationManager' object has no attribute 'send_battery_threshold_alert'
2025-10-14 05:22:39,151 - BatteryGuard - ERROR - خطأ في فحص تنبيهات البطارية: 'SmartNotificationManager' object has no attribute 'send_battery_threshold_alert'
2025-10-14 05:22:41,154 - BatteryGuard - ERROR - خطأ في فحص تنبيهات البطارية: 'SmartNotificationManager' object has no attribute 'send_battery_threshold_alert'
2025-10-14 05:22:43,157 - BatteryGuard - ERROR - خطأ في فحص تنبيهات البطارية: 'SmartNotificationManager' object has no attribute 'send_battery_threshold_alert'
2025-10-14 05:22:45,161 - BatteryGuard - ERROR - خطأ في فحص تنبيهات البطارية: 'SmartNotificationManager' object has no attribute 'send_battery_threshold_alert'
2025-10-14 05:22:47,167 - BatteryGuard - ERROR - خطأ في فحص تنبيهات البطارية: 'SmartNotificationManager' object has no attribute 'send_battery_threshold_alert'
2025-10-14 05:22:49,170 - BatteryGuard - ERROR - خطأ في فحص تنبيهات البطارية: 'SmartNotificationManager' object has no attribute 'send_battery_threshold_alert'
2025-10-14 05:22:51,172 - BatteryGuard - ERROR - خطأ في فحص تنبيهات البطارية: 'SmartNotificationManager' object has no attribute 'send_battery_threshold_alert'
2025-10-14 05:22:53,179 - BatteryGuard - ERROR - خطأ في فحص تنبيهات البطارية: 'SmartNotificationManager' object has no attribute 'send_battery_threshold_alert'
2025-10-14 05:22:55,186 - BatteryGuard - ERROR - خطأ في فحص تنبيهات البطارية: 'SmartNotificationManager' object has no attribute 'send_battery_threshold_alert'
2025-10-14 05:22:57,188 - BatteryGuard - ERROR - خطأ في فحص تنبيهات البطارية: 'SmartNotificationManager' object has no attribute 'send_battery_threshold_alert'
2025-10-14 05:22:59,193 - BatteryGuard - ERROR - خطأ في فحص تنبيهات البطارية: 'SmartNotificationManager' object has no attribute 'send_battery_threshold_alert'
2025-10-14 05:23:01,197 - BatteryGuard - ERROR - خطأ في فحص تنبيهات البطارية: 'SmartNotificationManager' object has no attribute 'send_battery_threshold_alert'
2025-10-14 05:23:03,200 - BatteryGuard - ERROR - خطأ في فحص تنبيهات البطارية: 'SmartNotificationManager' object has no attribute 'send_battery_threshold_alert'
2025-10-14 05:23:05,213 - BatteryGuard - ERROR - خطأ في فحص تنبيهات البطارية: 'SmartNotificationManager' object has no attribute 'send_battery_threshold_alert'
2025-10-14 05:23:07,216 - BatteryGuard - ERROR - خطأ في فحص تنبيهات البطارية: 'SmartNotificationManager' object has no attribute 'send_battery_threshold_alert'
2025-10-14 05:23:09,220 - BatteryGuard - ERROR - خطأ في فحص تنبيهات البطارية: 'SmartNotificationManager' object has no attribute 'send_battery_threshold_alert'
2025-10-14 05:23:11,224 - BatteryGuard - ERROR - خطأ في فحص تنبيهات البطارية: 'SmartNotificationManager' object has no attribute 'send_battery_threshold_alert'
2025-10-14 05:23:13,227 - BatteryGuard - ERROR - خطأ في فحص تنبيهات البطارية: 'SmartNotificationManager' object has no attribute 'send_battery_threshold_alert'
2025-10-14 05:23:15,233 - BatteryGuard - ERROR - خطأ في فحص تنبيهات البطارية: 'SmartNotificationManager' object has no attribute 'send_battery_threshold_alert'
2025-10-14 05:23:17,237 - BatteryGuard - ERROR - خطأ في فحص تنبيهات البطارية: 'SmartNotificationManager' object has no attribute 'send_battery_threshold_alert'
2025-10-14 05:23:19,242 - BatteryGuard - ERROR - خطأ في فحص تنبيهات البطارية: 'SmartNotificationManager' object has no attribute 'send_battery_threshold_alert'
2025-10-14 05:23:21,247 - BatteryGuard - ERROR - خطأ في فحص تنبيهات البطارية: 'SmartNotificationManager' object has no attribute 'send_battery_threshold_alert'
2025-10-14 05:23:23,251 - BatteryGuard - ERROR - خطأ في فحص تنبيهات البطارية: 'SmartNotificationManager' object has no attribute 'send_battery_threshold_alert'
2025-10-14 05:23:25,256 - BatteryGuard - ERROR - خطأ في فحص تنبيهات البطارية: 'SmartNotificationManager' object has no attribute 'send_battery_threshold_alert'
2025-10-14 05:23:27,260 - BatteryGuard - ERROR - خطأ في فحص تنبيهات البطارية: 'SmartNotificationManager' object has no attribute 'send_battery_threshold_alert'
2025-10-14 05:23:29,265 - BatteryGuard - ERROR - خطأ في فحص تنبيهات البطارية: 'SmartNotificationManager' object has no attribute 'send_battery_threshold_alert'
2025-10-14 05:23:31,270 - BatteryGuard - ERROR - خطأ في فحص تنبيهات البطارية: 'SmartNotificationManager' object has no attribute 'send_battery_threshold_alert'
2025-10-14 05:23:33,273 - BatteryGuard - ERROR - خطأ في فحص تنبيهات البطارية: 'SmartNotificationManager' object has no attribute 'send_battery_threshold_alert'
2025-10-14 05:23:35,545 - BatteryGuard - INFO - تم حفظ بيانات AI - الأنماط: 2, درجة الكفاءة: 24
2025-10-14 05:23:35,546 - BatteryGuard - INFO - تم إجراء تحليل عميق متقدم للبيانات وحفظها
2025-10-14 05:23:35,549 - BatteryGuard - ERROR - خطأ في فحص تنبيهات البطارية: 'SmartNotificationManager' object has no attribute 'send_battery_threshold_alert'
2025-10-14 05:23:37,554 - BatteryGuard - ERROR - خطأ في فحص تنبيهات البطارية: 'SmartNotificationManager' object has no attribute 'send_battery_threshold_alert'
2025-10-14 05:23:39,559 - BatteryGuard - ERROR - خطأ في فحص تنبيهات البطارية: 'SmartNotificationManager' object has no attribute 'send_battery_threshold_alert'
2025-10-14 05:23:41,575 - BatteryGuard - ERROR - خطأ في فحص تنبيهات البطارية: 'SmartNotificationManager' object has no attribute 'send_battery_threshold_alert'
2025-10-14 05:23:43,582 - BatteryGuard - ERROR - خطأ في فحص تنبيهات البطارية: 'SmartNotificationManager' object has no attribute 'send_battery_threshold_alert'
2025-10-14 05:23:45,585 - BatteryGuard - ERROR - خطأ في فحص تنبيهات البطارية: 'SmartNotificationManager' object has no attribute 'send_battery_threshold_alert'
2025-10-14 05:23:47,588 - BatteryGuard - ERROR - خطأ في فحص تنبيهات البطارية: 'SmartNotificationManager' object has no attribute 'send_battery_threshold_alert'
2025-10-14 05:23:49,591 - BatteryGuard - ERROR - خطأ في فحص تنبيهات البطارية: 'SmartNotificationManager' object has no attribute 'send_battery_threshold_alert'
2025-10-14 05:23:51,611 - BatteryGuard - ERROR - خطأ في فحص تنبيهات البطارية: 'SmartNotificationManager' object has no attribute 'send_battery_threshold_alert'
2025-10-14 05:23:53,616 - BatteryGuard - ERROR - خطأ في فحص تنبيهات البطارية: 'SmartNotificationManager' object has no attribute 'send_battery_threshold_alert'
2025-10-14 05:23:54,477 - BatteryGuard - INFO - تم حفظ بيانات AI - الأنماط: 2, درجة الكفاءة: 24
2025-10-14 05:23:55,650 - BatteryGuard - INFO - تم حفظ بيانات AI - الأنماط: 2, درجة الكفاءة: 24
2025-10-14 05:23:55,651 - BatteryGuard - ERROR - خطأ في فحص تنبيهات البطارية: 'SmartNotificationManager' object has no attribute 'send_battery_threshold_alert'
2025-10-14 05:23:57,654 - BatteryGuard - ERROR - خطأ في فحص تنبيهات البطارية: 'SmartNotificationManager' object has no attribute 'send_battery_threshold_alert'
2025-10-14 05:23:59,658 - BatteryGuard - ERROR - خطأ في فحص تنبيهات البطارية: 'SmartNotificationManager' object has no attribute 'send_battery_threshold_alert'
2025-10-14 05:24:01,662 - BatteryGuard - ERROR - خطأ في فحص تنبيهات البطارية: 'SmartNotificationManager' object has no attribute 'send_battery_threshold_alert'
2025-10-14 05:24:03,666 - BatteryGuard - ERROR - خطأ في فحص تنبيهات البطارية: 'SmartNotificationManager' object has no attribute 'send_battery_threshold_alert'
2025-10-14 05:24:05,669 - BatteryGuard - ERROR - خطأ في فحص تنبيهات البطارية: 'SmartNotificationManager' object has no attribute 'send_battery_threshold_alert'
2025-10-14 05:24:07,673 - BatteryGuard - ERROR - خطأ في فحص تنبيهات البطارية: 'SmartNotificationManager' object has no attribute 'send_battery_threshold_alert'
2025-10-14 05:24:09,676 - BatteryGuard - ERROR - خطأ في فحص تنبيهات البطارية: 'SmartNotificationManager' object has no attribute 'send_battery_threshold_alert'
2025-10-14 05:24:11,680 - BatteryGuard - ERROR - خطأ في فحص تنبيهات البطارية: 'SmartNotificationManager' object has no attribute 'send_battery_threshold_alert'
2025-10-14 05:24:13,685 - BatteryGuard - ERROR - خطأ في فحص تنبيهات البطارية: 'SmartNotificationManager' object has no attribute 'send_battery_threshold_alert'
2025-10-14 05:24:15,693 - BatteryGuard - ERROR - خطأ في فحص تنبيهات البطارية: 'SmartNotificationManager' object has no attribute 'send_battery_threshold_alert'
2025-10-14 05:24:17,698 - BatteryGuard - ERROR - خطأ في فحص تنبيهات البطارية: 'SmartNotificationManager' object has no attribute 'send_battery_threshold_alert'
2025-10-14 05:24:19,704 - BatteryGuard - ERROR - خطأ في فحص تنبيهات البطارية: 'SmartNotificationManager' object has no attribute 'send_battery_threshold_alert'
2025-10-14 05:24:21,716 - BatteryGuard - ERROR - خطأ في فحص تنبيهات البطارية: 'SmartNotificationManager' object has no attribute 'send_battery_threshold_alert'
2025-10-14 05:24:23,719 - BatteryGuard - ERROR - خطأ في فحص تنبيهات البطارية: 'SmartNotificationManager' object has no attribute 'send_battery_threshold_alert'
2025-10-14 05:24:25,721 - BatteryGuard - ERROR - خطأ في فحص تنبيهات البطارية: 'SmartNotificationManager' object has no attribute 'send_battery_threshold_alert'
2025-10-14 05:24:27,726 - BatteryGuard - ERROR - خطأ في فحص تنبيهات البطارية: 'SmartNotificationManager' object has no attribute 'send_battery_threshold_alert'
2025-10-14 05:24:29,729 - BatteryGuard - ERROR - خطأ في فحص تنبيهات البطارية: 'SmartNotificationManager' object has no attribute 'send_battery_threshold_alert'
2025-10-14 05:24:31,734 - BatteryGuard - ERROR - خطأ في فحص تنبيهات البطارية: 'SmartNotificationManager' object has no attribute 'send_battery_threshold_alert'
2025-10-14 05:24:33,738 - BatteryGuard - ERROR - خطأ في فحص تنبيهات البطارية: 'SmartNotificationManager' object has no attribute 'send_battery_threshold_alert'
2025-10-14 05:24:35,924 - BatteryGuard - INFO - تم حفظ بيانات AI - الأنماط: 2, درجة الكفاءة: 33
2025-10-14 05:24:35,924 - BatteryGuard - INFO - تم إجراء تحليل عميق متقدم للبيانات وحفظها
2025-10-14 05:24:35,926 - BatteryGuard - ERROR - خطأ في فحص تنبيهات البطارية: 'SmartNotificationManager' object has no attribute 'send_battery_threshold_alert'
2025-10-14 05:24:37,930 - BatteryGuard - ERROR - خطأ في فحص تنبيهات البطارية: 'SmartNotificationManager' object has no attribute 'send_battery_threshold_alert'
2025-10-14 05:24:39,935 - BatteryGuard - ERROR - خطأ في فحص تنبيهات البطارية: 'SmartNotificationManager' object has no attribute 'send_battery_threshold_alert'
2025-10-14 05:24:41,942 - BatteryGuard - ERROR - خطأ في فحص تنبيهات البطارية: 'SmartNotificationManager' object has no attribute 'send_battery_threshold_alert'
2025-10-14 05:24:43,942 - BatteryGuard - ERROR - خطأ في فحص تنبيهات البطارية: 'SmartNotificationManager' object has no attribute 'send_battery_threshold_alert'
2025-10-14 05:24:45,945 - BatteryGuard - ERROR - خطأ في فحص تنبيهات البطارية: 'SmartNotificationManager' object has no attribute 'send_battery_threshold_alert'
2025-10-14 05:24:47,950 - BatteryGuard - ERROR - خطأ في فحص تنبيهات البطارية: 'SmartNotificationManager' object has no attribute 'send_battery_threshold_alert'
2025-10-14 05:24:49,954 - BatteryGuard - ERROR - خطأ في فحص تنبيهات البطارية: 'SmartNotificationManager' object has no attribute 'send_battery_threshold_alert'
2025-10-14 05:24:51,956 - BatteryGuard - ERROR - خطأ في فحص تنبيهات البطارية: 'SmartNotificationManager' object has no attribute 'send_battery_threshold_alert'
2025-10-14 05:24:53,962 - BatteryGuard - ERROR - خطأ في فحص تنبيهات البطارية: 'SmartNotificationManager' object has no attribute 'send_battery_threshold_alert'
2025-10-14 05:24:55,968 - BatteryGuard - ERROR - خطأ في فحص تنبيهات البطارية: 'SmartNotificationManager' object has no attribute 'send_battery_threshold_alert'
2025-10-14 05:24:57,971 - BatteryGuard - ERROR - خطأ في فحص تنبيهات البطارية: 'SmartNotificationManager' object has no attribute 'send_battery_threshold_alert'
2025-10-14 05:24:59,977 - BatteryGuard - ERROR - خطأ في فحص تنبيهات البطارية: 'SmartNotificationManager' object has no attribute 'send_battery_threshold_alert'
2025-10-14 05:25:01,979 - BatteryGuard - ERROR - خطأ في فحص تنبيهات البطارية: 'SmartNotificationManager' object has no attribute 'send_battery_threshold_alert'
2025-10-14 05:25:03,983 - BatteryGuard - ERROR - خطأ في فحص تنبيهات البطارية: 'SmartNotificationManager' object has no attribute 'send_battery_threshold_alert'
2025-10-14 05:25:05,985 - BatteryGuard - ERROR - خطأ في فحص تنبيهات البطارية: 'SmartNotificationManager' object has no attribute 'send_battery_threshold_alert'
2025-10-14 05:25:07,991 - BatteryGuard - ERROR - خطأ في فحص تنبيهات البطارية: 'SmartNotificationManager' object has no attribute 'send_battery_threshold_alert'
2025-10-14 05:25:09,996 - BatteryGuard - ERROR - خطأ في فحص تنبيهات البطارية: 'SmartNotificationManager' object has no attribute 'send_battery_threshold_alert'
2025-10-14 05:25:11,998 - BatteryGuard - ERROR - خطأ في فحص تنبيهات البطارية: 'SmartNotificationManager' object has no attribute 'send_battery_threshold_alert'
2025-10-14 05:25:14,001 - BatteryGuard - ERROR - خطأ في فحص تنبيهات البطارية: 'SmartNotificationManager' object has no attribute 'send_battery_threshold_alert'
2025-10-14 05:25:16,012 - BatteryGuard - ERROR - خطأ في فحص تنبيهات البطارية: 'SmartNotificationManager' object has no attribute 'send_battery_threshold_alert'
2025-10-14 05:25:18,025 - BatteryGuard - ERROR - خطأ في فحص تنبيهات البطارية: 'SmartNotificationManager' object has no attribute 'send_battery_threshold_alert'
2025-10-14 05:25:20,029 - BatteryGuard - ERROR - خطأ في فحص تنبيهات البطارية: 'SmartNotificationManager' object has no attribute 'send_battery_threshold_alert'
2025-10-14 05:25:22,031 - BatteryGuard - ERROR - خطأ في فحص تنبيهات البطارية: 'SmartNotificationManager' object has no attribute 'send_battery_threshold_alert'
2025-10-14 05:25:24,036 - BatteryGuard - ERROR - خطأ في فحص تنبيهات البطارية: 'SmartNotificationManager' object has no attribute 'send_battery_threshold_alert'
2025-10-14 05:25:26,040 - BatteryGuard - ERROR - خطأ في فحص تنبيهات البطارية: 'SmartNotificationManager' object has no attribute 'send_battery_threshold_alert'
2025-10-14 05:25:28,045 - BatteryGuard - ERROR - خطأ في فحص تنبيهات البطارية: 'SmartNotificationManager' object has no attribute 'send_battery_threshold_alert'
2025-10-14 05:25:30,047 - BatteryGuard - ERROR - خطأ في فحص تنبيهات البطارية: 'SmartNotificationManager' object has no attribute 'send_battery_threshold_alert'
2025-10-14 05:25:32,052 - BatteryGuard - ERROR - خطأ في فحص تنبيهات البطارية: 'SmartNotificationManager' object has no attribute 'send_battery_threshold_alert'
2025-10-14 05:25:34,056 - BatteryGuard - ERROR - خطأ في فحص تنبيهات البطارية: 'SmartNotificationManager' object has no attribute 'send_battery_threshold_alert'
2025-10-14 05:25:36,194 - BatteryGuard - INFO - تم حفظ بيانات AI - الأنماط: 2, درجة الكفاءة: 42
2025-10-14 05:25:36,195 - BatteryGuard - INFO - تم إجراء تحليل عميق متقدم للبيانات وحفظها
2025-10-14 05:25:36,261 - BatteryGuard - INFO - تم حفظ بيانات AI - الأنماط: 2, درجة الكفاءة: 42
2025-10-14 05:25:36,263 - BatteryGuard - ERROR - خطأ في فحص تنبيهات البطارية: 'SmartNotificationManager' object has no attribute 'send_battery_threshold_alert'
2025-10-14 05:25:38,269 - BatteryGuard - ERROR - خطأ في فحص تنبيهات البطارية: 'SmartNotificationManager' object has no attribute 'send_battery_threshold_alert'
2025-10-14 05:25:40,271 - BatteryGuard - ERROR - خطأ في فحص تنبيهات البطارية: 'SmartNotificationManager' object has no attribute 'send_battery_threshold_alert'
2025-10-14 05:25:42,275 - BatteryGuard - ERROR - خطأ في فحص تنبيهات البطارية: 'SmartNotificationManager' object has no attribute 'send_battery_threshold_alert'
2025-10-14 05:25:44,278 - BatteryGuard - ERROR - خطأ في فحص تنبيهات البطارية: 'SmartNotificationManager' object has no attribute 'send_battery_threshold_alert'
2025-10-14 05:25:46,282 - BatteryGuard - ERROR - خطأ في فحص تنبيهات البطارية: 'SmartNotificationManager' object has no attribute 'send_battery_threshold_alert'
2025-10-14 05:25:48,287 - BatteryGuard - ERROR - خطأ في فحص تنبيهات البطارية: 'SmartNotificationManager' object has no attribute 'send_battery_threshold_alert'
2025-10-14 05:25:50,291 - BatteryGuard - ERROR - خطأ في فحص تنبيهات البطارية: 'SmartNotificationManager' object has no attribute 'send_battery_threshold_alert'
2025-10-14 05:25:52,294 - BatteryGuard - ERROR - خطأ في فحص تنبيهات البطارية: 'SmartNotificationManager' object has no attribute 'send_battery_threshold_alert'
2025-10-14 05:25:54,295 - BatteryGuard - ERROR - خطأ في فحص تنبيهات البطارية: 'SmartNotificationManager' object has no attribute 'send_battery_threshold_alert'
2025-10-14 05:25:56,299 - BatteryGuard - ERROR - خطأ في فحص تنبيهات البطارية: 'SmartNotificationManager' object has no attribute 'send_battery_threshold_alert'
2025-10-14 05:25:58,302 - BatteryGuard - ERROR - خطأ في فحص تنبيهات البطارية: 'SmartNotificationManager' object has no attribute 'send_battery_threshold_alert'
2025-10-14 05:26:00,305 - BatteryGuard - ERROR - خطأ في فحص تنبيهات البطارية: 'SmartNotificationManager' object has no attribute 'send_battery_threshold_alert'
2025-10-14 05:26:02,307 - BatteryGuard - ERROR - خطأ في فحص تنبيهات البطارية: 'SmartNotificationManager' object has no attribute 'send_battery_threshold_alert'
2025-10-14 05:26:04,310 - BatteryGuard - ERROR - خطأ في فحص تنبيهات البطارية: 'SmartNotificationManager' object has no attribute 'send_battery_threshold_alert'
2025-10-14 05:26:06,311 - BatteryGuard - ERROR - خطأ في فحص تنبيهات البطارية: 'SmartNotificationManager' object has no attribute 'send_battery_threshold_alert'
2025-10-14 05:26:08,314 - BatteryGuard - ERROR - خطأ في فحص تنبيهات البطارية: 'SmartNotificationManager' object has no attribute 'send_battery_threshold_alert'
2025-10-14 05:26:10,315 - BatteryGuard - ERROR - خطأ في فحص تنبيهات البطارية: 'SmartNotificationManager' object has no attribute 'send_battery_threshold_alert'
2025-10-14 05:26:12,318 - BatteryGuard - ERROR - خطأ في فحص تنبيهات البطارية: 'SmartNotificationManager' object has no attribute 'send_battery_threshold_alert'
2025-10-14 05:26:14,320 - BatteryGuard - ERROR - خطأ في فحص تنبيهات البطارية: 'SmartNotificationManager' object has no attribute 'send_battery_threshold_alert'
2025-10-14 05:26:16,323 - BatteryGuard - ERROR - خطأ في فحص تنبيهات البطارية: 'SmartNotificationManager' object has no attribute 'send_battery_threshold_alert'
2025-10-14 05:26:18,325 - BatteryGuard - ERROR - خطأ في فحص تنبيهات البطارية: 'SmartNotificationManager' object has no attribute 'send_battery_threshold_alert'
2025-10-14 05:26:20,328 - BatteryGuard - ERROR - خطأ في فحص تنبيهات البطارية: 'SmartNotificationManager' object has no attribute 'send_battery_threshold_alert'
2025-10-14 05:26:22,330 - BatteryGuard - ERROR - خطأ في فحص تنبيهات البطارية: 'SmartNotificationManager' object has no attribute 'send_battery_threshold_alert'
2025-10-14 05:26:24,331 - BatteryGuard - ERROR - خطأ في فحص تنبيهات البطارية: 'SmartNotificationManager' object has no attribute 'send_battery_threshold_alert'
2025-10-14 05:26:26,333 - BatteryGuard - ERROR - خطأ في فحص تنبيهات البطارية: 'SmartNotificationManager' object has no attribute 'send_battery_threshold_alert'
2025-10-14 05:26:28,336 - BatteryGuard - ERROR - خطأ في فحص تنبيهات البطارية: 'SmartNotificationManager' object has no attribute 'send_battery_threshold_alert'
2025-10-14 05:26:30,337 - BatteryGuard - ERROR - خطأ في فحص تنبيهات البطارية: 'SmartNotificationManager' object has no attribute 'send_battery_threshold_alert'
2025-10-14 05:26:32,339 - BatteryGuard - ERROR - خطأ في فحص تنبيهات البطارية: 'SmartNotificationManager' object has no attribute 'send_battery_threshold_alert'
2025-10-14 05:26:34,343 - BatteryGuard - ERROR - خطأ في فحص تنبيهات البطارية: 'SmartNotificationManager' object has no attribute 'send_battery_threshold_alert'
2025-10-14 05:26:36,427 - BatteryGuard - INFO - تم حفظ بيانات AI - الأنماط: 2, درجة الكفاءة: 51
2025-10-14 05:26:36,427 - BatteryGuard - INFO - تم إجراء تحليل عميق متقدم للبيانات وحفظها
2025-10-14 05:26:36,428 - BatteryGuard - ERROR - خطأ في فحص تنبيهات البطارية: 'SmartNotificationManager' object has no attribute 'send_battery_threshold_alert'
2025-10-14 05:26:37,930 - BatteryGuard - INFO - ✅ تم الحصول على القفل - المنفذ: 54004
2025-10-14 05:26:37,930 - BatteryGuard - INFO - 🚀 بدء تشغيل BatteryGuard Pro...
2025-10-14 05:26:37,990 - BatteryGuard - INFO - ✅ الطرق المتاحة: tlp, upower
2025-10-14 05:26:37,991 - BatteryGuard - INFO - 📱 الجهاز: HP
2025-10-14 05:26:37,991 - BatteryGuard - INFO - ✅ تم تفعيل نظام التحكم المتقدم
2025-10-14 05:26:37,991 - BatteryGuard - INFO - 📱 الطرق المتاحة: tlp, upower
2025-10-14 05:26:38,004 - BatteryGuard - INFO - تم تحميل بيانات AI بنجاح - الأنماط: 2, التوصيات: 5
2025-10-14 05:26:38,005 - BatteryGuard - INFO - ✅ نظام الإشعارات: Notify (Linux)
2025-10-14 05:26:38,005 - BatteryGuard - INFO - ✅ نظام الأصوات: متاح
2025-10-14 05:26:38,007 - BatteryGuard - INFO - تم تحميل إعدادات التحسين التلقائي
2025-10-14 05:26:38,431 - BatteryGuard - ERROR - خطأ في فحص تنبيهات البطارية: 'SmartNotificationManager' object has no attribute 'send_battery_threshold_alert'
2025-10-14 05:26:39,031 - BatteryGuard - INFO - الأصوات: مفعّلة - مستوى الصوت: 0.7
2025-10-14 05:26:39,031 - BatteryGuard - INFO - تم تحديث حدود البطارية: {'critical_low': 10, 'low': 30, 'optimal_min': 40, 'optimal_max': 80, 'high': 90, 'full': 95}
2025-10-14 05:26:39,031 - BatteryGuard - INFO - تنبيه charger_disconnect_reminder: مفعّل
2025-10-14 05:26:39,031 - BatteryGuard - INFO - تنبيه optimal_charge_reminder: مفعّل
2025-10-14 05:26:39,031 - BatteryGuard - INFO - تنبيه health_warnings: مفعّل
2025-10-14 05:26:39,031 - BatteryGuard - INFO - تنبيه usage_pattern_alerts: مفعّل
2025-10-14 05:26:39,031 - BatteryGuard - INFO - تنبيه temperature_warnings: مفعّل
2025-10-14 05:26:39,032 - BatteryGuard - INFO - تم تحديث فترات التذكير: {'battery_critical': 60, 'battery_low': 300, 'charge_complete': 600, 'unplug_charger': 300}
2025-10-14 05:26:39,032 - BatteryGuard - INFO - تم تحديث إعدادات الإشعارات الذكية
2025-10-14 05:26:39,036 - BatteryGuard - INFO - تم بدء المراقبة بنجاح
2025-10-14 05:26:39,167 - BatteryGuard - INFO - ✅ تم تشغيل BatteryGuard Pro بنجاح
2025-10-14 05:26:40,432 - BatteryGuard - ERROR - خطأ في فحص تنبيهات البطارية: 'SmartNotificationManager' object has no attribute 'send_battery_threshold_alert'
2025-10-14 05:26:40,931 - BatteryGuard - INFO - تم تغيير عتبة cpu_percent إلى: 70
2025-10-14 05:26:40,932 - BatteryGuard - INFO - تم تغيير عتبة memory_percent إلى: 75
2025-10-14 05:26:40,940 - BatteryGuard - INFO - تم تغيير عتبة disk_percent إلى: 85
2025-10-14 05:26:40,941 - BatteryGuard - INFO - تم تغيير عتبة power_draw إلى: 15
2025-10-14 05:26:40,942 - BatteryGuard - INFO - تم تغيير وضع التحسين إلى: on_demand
2025-10-14 05:26:40,942 - BatteryGuard - INFO - تم تغيير فترة التحسين إلى: 300 ثانية
2025-10-14 05:26:40,943 - BatteryGuard - INFO - بدء حلقة التحسين - الوضع: on_demand
2025-10-14 05:26:40,944 - BatteryGuard - INFO - تم بدء التحسين التلقائي الذكي
2025-10-14 05:26:40,947 - BatteryGuard - INFO - ✅ تم تفعيل التحسين التلقائي - الوضع: on_demand
2025-10-14 05:26:40,947 - BatteryGuard - INFO - ✅ تم تفعيل التحسين التلقائي - الوضع: on_demand, الفترة: 300ث
2025-10-14 05:26:42,031 - BatteryGuard - INFO - يحتاج النظام للتحسين - الأولوية: 2/10
2025-10-14 05:26:42,032 - BatteryGuard - INFO - الأسباب: عمليات كثيرة (349)
2025-10-14 05:26:42,032 - BatteryGuard - INFO - بدء التحسين التلقائي - الوضع: on_demand, الأولوية: 2
2025-10-14 05:26:42,434 - BatteryGuard - ERROR - خطأ في فحص تنبيهات البطارية: 'SmartNotificationManager' object has no attribute 'send_battery_threshold_alert'
2025-10-14 05:26:44,436 - BatteryGuard - ERROR - خطأ في فحص تنبيهات البطارية: 'SmartNotificationManager' object has no attribute 'send_battery_threshold_alert'
2025-10-14 05:26:46,437 - BatteryGuard - ERROR - خطأ في فحص تنبيهات البطارية: 'SmartNotificationManager' object has no attribute 'send_battery_threshold_alert'
2025-10-14 05:26:48,439 - BatteryGuard - ERROR - خطأ في فحص تنبيهات البطارية: 'SmartNotificationManager' object has no attribute 'send_battery_threshold_alert'
2025-10-14 05:26:50,441 - BatteryGuard - ERROR - خطأ في فحص تنبيهات البطارية: 'SmartNotificationManager' object has no attribute 'send_battery_threshold_alert'
2025-10-14 05:26:52,444 - BatteryGuard - ERROR - خطأ في فحص تنبيهات البطارية: 'SmartNotificationManager' object has no attribute 'send_battery_threshold_alert'
2025-10-14 05:26:54,445 - BatteryGuard - ERROR - خطأ في فحص تنبيهات البطارية: 'SmartNotificationManager' object has no attribute 'send_battery_threshold_alert'
2025-10-14 05:26:56,449 - BatteryGuard - ERROR - خطأ في فحص تنبيهات البطارية: 'SmartNotificationManager' object has no attribute 'send_battery_threshold_alert'
2025-10-14 05:26:58,451 - BatteryGuard - ERROR - خطأ في فحص تنبيهات البطارية: 'SmartNotificationManager' object has no attribute 'send_battery_threshold_alert'
2025-10-14 05:27:00,452 - BatteryGuard - ERROR - خطأ في فحص تنبيهات البطارية: 'SmartNotificationManager' object has no attribute 'send_battery_threshold_alert'
2025-10-14 05:27:02,454 - BatteryGuard - ERROR - خطأ في فحص تنبيهات البطارية: 'SmartNotificationManager' object has no attribute 'send_battery_threshold_alert'
2025-10-14 05:27:04,456 - BatteryGuard - ERROR - خطأ في فحص تنبيهات البطارية: 'SmartNotificationManager' object has no attribute 'send_battery_threshold_alert'
2025-10-14 05:27:06,459 - BatteryGuard - ERROR - خطأ في فحص تنبيهات البطارية: 'SmartNotificationManager' object has no attribute 'send_battery_threshold_alert'
2025-10-14 05:27:08,461 - BatteryGuard - ERROR - خطأ في فحص تنبيهات البطارية: 'SmartNotificationManager' object has no attribute 'send_battery_threshold_alert'
2025-10-14 05:27:10,463 - BatteryGuard - ERROR - خطأ في فحص تنبيهات البطارية: 'SmartNotificationManager' object has no attribute 'send_battery_threshold_alert'
2025-10-14 05:27:12,465 - BatteryGuard - ERROR - خطأ في فحص تنبيهات البطارية: 'SmartNotificationManager' object has no attribute 'send_battery_threshold_alert'
2025-10-14 05:27:13,476 - BatteryGuard - INFO - تم حفظ بيانات AI - الأنماط: 2, درجة الكفاءة: 51
2025-10-14 05:27:13,476 - BatteryGuard - INFO - ✅ التحسين ناجح - توفير: 13.6% طاقة
2025-10-14 05:27:14,467 - BatteryGuard - ERROR - خطأ في فحص تنبيهات البطارية: 'SmartNotificationManager' object has no attribute 'send_battery_threshold_alert'
2025-10-14 05:27:15,559 - BatteryGuard - INFO - ✅ تم الحصول على صلاحيات sudo بنجاح
2025-10-14 05:27:15,560 - BatteryGuard - INFO - ✅ تم مزامنة الصلاحيات مع جميع المكونات
2025-10-14 05:27:15,784 - BatteryGuard - INFO - تفعيل التحكم: سيتم استخدام الإشعارات فقط
2025-10-14 05:27:15,787 - BatteryGuard - INFO - ⚠️ تم حفظ الإعدادات - سيتم استخدام الإشعارات فقط
2025-10-14 05:27:15,788 - BatteryGuard - INFO - الأصوات: مفعّلة - مستوى الصوت: 0.7
2025-10-14 05:27:15,789 - BatteryGuard - INFO - تم تحديث حدود البطارية: {'critical_low': 15, 'low': 30, 'optimal_min': 40, 'optimal_max': 80, 'high': 90, 'full': 95}
2025-10-14 05:27:15,789 - BatteryGuard - INFO - تنبيه charger_disconnect_reminder: مفعّل
2025-10-14 05:27:15,789 - BatteryGuard - INFO - تنبيه optimal_charge_reminder: مفعّل
2025-10-14 05:27:15,789 - BatteryGuard - INFO - تنبيه health_warnings: مفعّل
2025-10-14 05:27:15,790 - BatteryGuard - INFO - تنبيه usage_pattern_alerts: مفعّل
2025-10-14 05:27:15,790 - BatteryGuard - INFO - تنبيه temperature_warnings: مفعّل
2025-10-14 05:27:15,790 - BatteryGuard - INFO - تم تحديث فترات التذكير: {'battery_critical': 60, 'battery_low': 300, 'charge_complete': 600, 'unplug_charger': 300}
2025-10-14 05:27:15,790 - BatteryGuard - INFO - تم تحديث إعدادات الإشعارات الذكية
2025-10-14 05:27:15,793 - BatteryGuard - INFO - تم حفظ جميع الإعدادات
2025-10-14 05:27:16,526 - BatteryGuard - INFO - تم حفظ بيانات AI - الأنماط: 2, درجة الكفاءة: 51
2025-10-14 05:27:16,527 - BatteryGuard - ERROR - خطأ في فحص تنبيهات البطارية: 'SmartNotificationManager' object has no attribute 'send_battery_threshold_alert'
2025-10-14 05:27:17,266 - BatteryGuard - INFO - تم حفظ بيانات AI - الأنماط: 3, درجة الكفاءة: 57
2025-10-14 05:27:17,267 - BatteryGuard - INFO - تم إجراء تحليل عميق متقدم للبيانات وحفظها
2025-10-14 05:27:18,529 - BatteryGuard - ERROR - خطأ في فحص تنبيهات البطارية: 'SmartNotificationManager' object has no attribute 'send_battery_threshold_alert'
2025-10-14 05:27:20,531 - BatteryGuard - ERROR - خطأ في فحص تنبيهات البطارية: 'SmartNotificationManager' object has no attribute 'send_battery_threshold_alert'
2025-10-14 05:27:22,533 - BatteryGuard - ERROR - خطأ في فحص تنبيهات البطارية: 'SmartNotificationManager' object has no attribute 'send_battery_threshold_alert'
2025-10-14 05:27:24,535 - BatteryGuard - ERROR - خطأ في فحص تنبيهات البطارية: 'SmartNotificationManager' object has no attribute 'send_battery_threshold_alert'
2025-10-14 05:27:26,537 - BatteryGuard - ERROR - خطأ في فحص تنبيهات البطارية: 'SmartNotificationManager' object has no attribute 'send_battery_threshold_alert'
2025-10-14 05:27:28,539 - BatteryGuard - ERROR - خطأ في فحص تنبيهات البطارية: 'SmartNotificationManager' object has no attribute 'send_battery_threshold_alert'
2025-10-14 05:27:30,541 - BatteryGuard - ERROR - خطأ في فحص تنبيهات البطارية: 'SmartNotificationManager' object has no attribute 'send_battery_threshold_alert'
2025-10-14 05:27:32,542 - BatteryGuard - ERROR - خطأ في فحص تنبيهات البطارية: 'SmartNotificationManager' object has no attribute 'send_battery_threshold_alert'
2025-10-14 05:27:34,544 - BatteryGuard - ERROR - خطأ في فحص تنبيهات البطارية: 'SmartNotificationManager' object has no attribute 'send_battery_threshold_alert'
2025-10-14 05:27:35,559 - BatteryGuard - INFO - تم حفظ بيانات AI - الأنماط: 3, درجة الكفاءة: 57
2025-10-14 05:27:35,624 - BatteryGuard - INFO - 🤖 تحسين ذكي مكتمل - درجة الذكاء: 40% - توفير: 57.1%
2025-10-14 05:27:35,705 - BatteryGuard - INFO - تحسين ذكي مكتمل! 🤖: تم توفير 57.1% من الطاقة بفضل الذكاء الاصطناعي
2025-10-14 05:27:36,704 - BatteryGuard - INFO - تم حفظ بيانات AI - الأنماط: 2, درجة الكفاءة: 60
2025-10-14 05:27:36,704 - BatteryGuard - INFO - تم إجراء تحليل عميق متقدم للبيانات وحفظها
2025-10-14 05:27:36,705 - BatteryGuard - ERROR - خطأ في فحص تنبيهات البطارية: 'SmartNotificationManager' object has no attribute 'send_battery_threshold_alert'
2025-10-14 05:27:38,707 - BatteryGuard - ERROR - خطأ في فحص تنبيهات البطارية: 'SmartNotificationManager' object has no attribute 'send_battery_threshold_alert'
2025-10-14 05:27:40,709 - BatteryGuard - ERROR - خطأ في فحص تنبيهات البطارية: 'SmartNotificationManager' object has no attribute 'send_battery_threshold_alert'
2025-10-14 05:27:42,711 - BatteryGuard - ERROR - خطأ في فحص تنبيهات البطارية: 'SmartNotificationManager' object has no attribute 'send_battery_threshold_alert'
2025-10-14 05:27:44,712 - BatteryGuard - ERROR - خطأ في فحص تنبيهات البطارية: 'SmartNotificationManager' object has no attribute 'send_battery_threshold_alert'
2025-10-14 05:27:46,714 - BatteryGuard - ERROR - خطأ في فحص تنبيهات البطارية: 'SmartNotificationManager' object has no attribute 'send_battery_threshold_alert'
2025-10-14 05:27:47,623 - BatteryGuard - INFO - يحتاج النظام للتحسين - الأولوية: 2/10
2025-10-14 05:27:47,623 - BatteryGuard - INFO - الأسباب: عمليات كثيرة (347)
2025-10-14 05:27:47,623 - BatteryGuard - INFO - بدء التحسين التلقائي - الوضع: on_demand, الأولوية: 2
2025-10-14 05:27:48,718 - BatteryGuard - ERROR - خطأ في فحص تنبيهات البطارية: 'SmartNotificationManager' object has no attribute 'send_battery_threshold_alert'
2025-10-14 05:27:49,258 - BatteryGuard - INFO - تم حفظ بيانات AI - الأنماط: 3, درجة الكفاءة: 57
2025-10-14 05:27:49,259 - BatteryGuard - INFO - ✅ التحسين ناجح - توفير: 21.7% طاقة
2025-10-14 05:27:50,719 - BatteryGuard - ERROR - خطأ في فحص تنبيهات البطارية: 'SmartNotificationManager' object has no attribute 'send_battery_threshold_alert'
2025-10-14 05:27:52,721 - BatteryGuard - ERROR - خطأ في فحص تنبيهات البطارية: 'SmartNotificationManager' object has no attribute 'send_battery_threshold_alert'
2025-10-14 05:27:54,722 - BatteryGuard - ERROR - خطأ في فحص تنبيهات البطارية: 'SmartNotificationManager' object has no attribute 'send_battery_threshold_alert'
2025-10-14 05:27:56,730 - BatteryGuard - ERROR - خطأ في فحص تنبيهات البطارية: 'SmartNotificationManager' object has no attribute 'send_battery_threshold_alert'
2025-10-14 05:27:58,731 - BatteryGuard - ERROR - خطأ في فحص تنبيهات البطارية: 'SmartNotificationManager' object has no attribute 'send_battery_threshold_alert'
2025-10-14 05:28:00,733 - BatteryGuard - ERROR - خطأ في فحص تنبيهات البطارية: 'SmartNotificationManager' object has no attribute 'send_battery_threshold_alert'
2025-10-14 05:28:02,735 - BatteryGuard - ERROR - خطأ في فحص تنبيهات البطارية: 'SmartNotificationManager' object has no attribute 'send_battery_threshold_alert'
2025-10-14 05:28:04,737 - BatteryGuard - ERROR - خطأ في فحص تنبيهات البطارية: 'SmartNotificationManager' object has no attribute 'send_battery_threshold_alert'
2025-10-14 05:28:06,739 - BatteryGuard - ERROR - خطأ في فحص تنبيهات البطارية: 'SmartNotificationManager' object has no attribute 'send_battery_threshold_alert'
2025-10-14 05:28:08,741 - BatteryGuard - ERROR - خطأ في فحص تنبيهات البطارية: 'SmartNotificationManager' object has no attribute 'send_battery_threshold_alert'
2025-10-14 05:28:10,743 - BatteryGuard - ERROR - خطأ في فحص تنبيهات البطارية: 'SmartNotificationManager' object has no attribute 'send_battery_threshold_alert'
2025-10-14 05:28:12,745 - BatteryGuard - ERROR - خطأ في فحص تنبيهات البطارية: 'SmartNotificationManager' object has no attribute 'send_battery_threshold_alert'
2025-10-14 05:28:14,747 - BatteryGuard - ERROR - خطأ في فحص تنبيهات البطارية: 'SmartNotificationManager' object has no attribute 'send_battery_threshold_alert'
2025-10-14 05:28:16,750 - BatteryGuard - ERROR - خطأ في فحص تنبيهات البطارية: 'SmartNotificationManager' object has no attribute 'send_battery_threshold_alert'
2025-10-14 05:28:17,397 - BatteryGuard - INFO - تم حفظ بيانات AI - الأنماط: 3, درجة الكفاءة: 60
2025-10-14 05:28:17,397 - BatteryGuard - INFO - تم إجراء تحليل عميق متقدم للبيانات وحفظها
2025-10-14 05:28:17,445 - BatteryGuard - INFO - تم حفظ بيانات AI - الأنماط: 3, درجة الكفاءة: 60
2025-10-14 05:28:18,755 - BatteryGuard - ERROR - خطأ في فحص تنبيهات البطارية: 'SmartNotificationManager' object has no attribute 'send_battery_threshold_alert'
2025-10-14 05:28:20,756 - BatteryGuard - ERROR - خطأ في فحص تنبيهات البطارية: 'SmartNotificationManager' object has no attribute 'send_battery_threshold_alert'
2025-10-14 05:28:22,759 - BatteryGuard - ERROR - خطأ في فحص تنبيهات البطارية: 'SmartNotificationManager' object has no attribute 'send_battery_threshold_alert'
2025-10-14 05:28:23,378 - BatteryGuard - INFO - يحتاج النظام للتحسين - الأولوية: 2/10
2025-10-14 05:28:23,378 - BatteryGuard - INFO - الأسباب: عمليات كثيرة (349)
2025-10-14 05:28:23,378 - BatteryGuard - INFO - بدء التحسين التلقائي - الوضع: on_demand, الأولوية: 2
2025-10-14 05:28:24,761 - BatteryGuard - ERROR - خطأ في فحص تنبيهات البطارية: 'SmartNotificationManager' object has no attribute 'send_battery_threshold_alert'
2025-10-14 05:28:25,070 - BatteryGuard - INFO - تم حفظ بيانات AI - الأنماط: 3, درجة الكفاءة: 60
2025-10-14 05:28:25,070 - BatteryGuard - INFO - ✅ التحسين ناجح - توفير: 21.8% طاقة
2025-10-14 05:28:26,763 - BatteryGuard - ERROR - خطأ في فحص تنبيهات البطارية: 'SmartNotificationManager' object has no attribute 'send_battery_threshold_alert'
2025-10-14 05:28:28,765 - BatteryGuard - ERROR - خطأ في فحص تنبيهات البطارية: 'SmartNotificationManager' object has no attribute 'send_battery_threshold_alert'
2025-10-14 05:28:30,766 - BatteryGuard - ERROR - خطأ في فحص تنبيهات البطارية: 'SmartNotificationManager' object has no attribute 'send_battery_threshold_alert'
2025-10-14 05:28:32,768 - BatteryGuard - ERROR - خطأ في فحص تنبيهات البطارية: 'SmartNotificationManager' object has no attribute 'send_battery_threshold_alert'
2025-10-14 05:28:34,770 - BatteryGuard - ERROR - خطأ في فحص تنبيهات البطارية: 'SmartNotificationManager' object has no attribute 'send_battery_threshold_alert'
2025-10-14 05:28:36,864 - BatteryGuard - INFO - تم حفظ بيانات AI - الأنماط: 3, درجة الكفاءة: 60
2025-10-14 05:28:36,864 - BatteryGuard - INFO - تم إجراء تحليل عميق متقدم للبيانات وحفظها
2025-10-14 05:28:36,865 - BatteryGuard - ERROR - خطأ في فحص تنبيهات البطارية: 'SmartNotificationManager' object has no attribute 'send_battery_threshold_alert'
2025-10-14 05:28:38,867 - BatteryGuard - ERROR - خطأ في فحص تنبيهات البطارية: 'SmartNotificationManager' object has no attribute 'send_battery_threshold_alert'
2025-10-14 05:28:40,869 - BatteryGuard - ERROR - خطأ في فحص تنبيهات البطارية: 'SmartNotificationManager' object has no attribute 'send_battery_threshold_alert'
2025-10-14 05:28:42,871 - BatteryGuard - ERROR - خطأ في فحص تنبيهات البطارية: 'SmartNotificationManager' object has no attribute 'send_battery_threshold_alert'
2025-10-14 05:28:44,873 - BatteryGuard - ERROR - خطأ في فحص تنبيهات البطارية: 'SmartNotificationManager' object has no attribute 'send_battery_threshold_alert'
2025-10-14 05:28:46,875 - BatteryGuard - ERROR - خطأ في فحص تنبيهات البطارية: 'SmartNotificationManager' object has no attribute 'send_battery_threshold_alert'
2025-10-14 05:28:48,876 - BatteryGuard - ERROR - خطأ في فحص تنبيهات البطارية: 'SmartNotificationManager' object has no attribute 'send_battery_threshold_alert'
2025-10-14 05:28:50,878 - BatteryGuard - ERROR - خطأ في فحص تنبيهات البطارية: 'SmartNotificationManager' object has no attribute 'send_battery_threshold_alert'
2025-10-14 05:28:52,880 - BatteryGuard - ERROR - خطأ في فحص تنبيهات البطارية: 'SmartNotificationManager' object has no attribute 'send_battery_threshold_alert'
2025-10-14 05:28:54,364 - BatteryGuard - INFO - تم حفظ بيانات AI - الأنماط: 3, درجة الكفاءة: 60
2025-10-14 05:28:54,882 - BatteryGuard - ERROR - خطأ في فحص تنبيهات البطارية: 'SmartNotificationManager' object has no attribute 'send_battery_threshold_alert'
2025-10-14 05:28:56,920 - BatteryGuard - INFO - تم حفظ بيانات AI - الأنماط: 3, درجة الكفاءة: 60
2025-10-14 05:28:56,921 - BatteryGuard - ERROR - خطأ في فحص تنبيهات البطارية: 'SmartNotificationManager' object has no attribute 'send_battery_threshold_alert'
2025-10-14 05:28:58,923 - BatteryGuard - ERROR - خطأ في فحص تنبيهات البطارية: 'SmartNotificationManager' object has no attribute 'send_battery_threshold_alert'
2025-10-14 05:28:59,196 - BatteryGuard - INFO - يحتاج النظام للتحسين - الأولوية: 2/10
2025-10-14 05:28:59,197 - BatteryGuard - INFO - الأسباب: عمليات كثيرة (350)
2025-10-14 05:28:59,197 - BatteryGuard - INFO - بدء التحسين التلقائي - الوضع: on_demand, الأولوية: 2
2025-10-14 05:29:00,848 - BatteryGuard - INFO - تم حفظ بيانات AI - الأنماط: 3, درجة الكفاءة: 60
2025-10-14 05:29:00,848 - BatteryGuard - INFO - ✅ التحسين ناجح - توفير: 26.6% طاقة
2025-10-14 05:29:00,926 - BatteryGuard - ERROR - خطأ في فحص تنبيهات البطارية: 'SmartNotificationManager' object has no attribute 'send_battery_threshold_alert'
2025-10-14 05:29:02,928 - BatteryGuard - ERROR - خطأ في فحص تنبيهات البطارية: 'SmartNotificationManager' object has no attribute 'send_battery_threshold_alert'
2025-10-14 05:29:04,932 - BatteryGuard - ERROR - خطأ في فحص تنبيهات البطارية: 'SmartNotificationManager' object has no attribute 'send_battery_threshold_alert'
2025-10-14 05:29:06,933 - BatteryGuard - ERROR - خطأ في فحص تنبيهات البطارية: 'SmartNotificationManager' object has no attribute 'send_battery_threshold_alert'
2025-10-14 05:29:08,936 - BatteryGuard - ERROR - خطأ في فحص تنبيهات البطارية: 'SmartNotificationManager' object has no attribute 'send_battery_threshold_alert'
2025-10-14 05:29:10,937 - BatteryGuard - ERROR - خطأ في فحص تنبيهات البطارية: 'SmartNotificationManager' object has no attribute 'send_battery_threshold_alert'
2025-10-14 05:29:12,939 - BatteryGuard - ERROR - خطأ في فحص تنبيهات البطارية: 'SmartNotificationManager' object has no attribute 'send_battery_threshold_alert'
2025-10-14 05:29:14,941 - BatteryGuard - ERROR - خطأ في فحص تنبيهات البطارية: 'SmartNotificationManager' object has no attribute 'send_battery_threshold_alert'
2025-10-14 05:29:16,945 - BatteryGuard - ERROR - خطأ في فحص تنبيهات البطارية: 'SmartNotificationManager' object has no attribute 'send_battery_threshold_alert'
2025-10-14 05:29:17,579 - BatteryGuard - INFO - تم حفظ بيانات AI - الأنماط: 3, درجة الكفاءة: 60
2025-10-14 05:29:17,579 - BatteryGuard - INFO - تم إجراء تحليل عميق متقدم للبيانات وحفظها
2025-10-14 05:29:18,947 - BatteryGuard - ERROR - خطأ في فحص تنبيهات البطارية: 'SmartNotificationManager' object has no attribute 'send_battery_threshold_alert'
2025-10-14 05:29:20,948 - BatteryGuard - ERROR - خطأ في فحص تنبيهات البطارية: 'SmartNotificationManager' object has no attribute 'send_battery_threshold_alert'
2025-10-14 05:29:22,950 - BatteryGuard - ERROR - خطأ في فحص تنبيهات البطارية: 'SmartNotificationManager' object has no attribute 'send_battery_threshold_alert'
2025-10-14 05:29:24,953 - BatteryGuard - ERROR - خطأ في فحص تنبيهات البطارية: 'SmartNotificationManager' object has no attribute 'send_battery_threshold_alert'
2025-10-14 05:29:26,954 - BatteryGuard - ERROR - خطأ في فحص تنبيهات البطارية: 'SmartNotificationManager' object has no attribute 'send_battery_threshold_alert'
2025-10-14 05:29:28,958 - BatteryGuard - ERROR - خطأ في فحص تنبيهات البطارية: 'SmartNotificationManager' object has no attribute 'send_battery_threshold_alert'
2025-10-14 05:29:30,959 - BatteryGuard - ERROR - خطأ في فحص تنبيهات البطارية: 'SmartNotificationManager' object has no attribute 'send_battery_threshold_alert'
2025-10-14 05:29:32,961 - BatteryGuard - ERROR - خطأ في فحص تنبيهات البطارية: 'SmartNotificationManager' object has no attribute 'send_battery_threshold_alert'
2025-10-14 05:29:34,963 - BatteryGuard - ERROR - خطأ في فحص تنبيهات البطارية: 'SmartNotificationManager' object has no attribute 'send_battery_threshold_alert'
2025-10-14 05:29:34,964 - BatteryGuard - INFO - يحتاج النظام للتحسين - الأولوية: 2/10
2025-10-14 05:29:34,964 - BatteryGuard - INFO - الأسباب: عمليات كثيرة (347)
2025-10-14 05:29:34,964 - BatteryGuard - INFO - بدء التحسين التلقائي - الوضع: on_demand, الأولوية: 2
2025-10-14 05:29:36,615 - BatteryGuard - INFO - تم حفظ بيانات AI - الأنماط: 3, درجة الكفاءة: 60
2025-10-14 05:29:36,616 - BatteryGuard - INFO - ✅ التحسين ناجح - توفير: 26.6% طاقة
2025-10-14 05:29:37,071 - BatteryGuard - INFO - تم حفظ بيانات AI - الأنماط: 3, درجة الكفاءة: 60
2025-10-14 05:29:37,071 - BatteryGuard - INFO - تم إجراء تحليل عميق متقدم للبيانات وحفظها
2025-10-14 05:29:37,072 - BatteryGuard - ERROR - خطأ في فحص تنبيهات البطارية: 'SmartNotificationManager' object has no attribute 'send_battery_threshold_alert'
2025-10-14 05:29:39,074 - BatteryGuard - ERROR - خطأ في فحص تنبيهات البطارية: 'SmartNotificationManager' object has no attribute 'send_battery_threshold_alert'
2025-10-14 05:29:41,077 - BatteryGuard - ERROR - خطأ في فحص تنبيهات البطارية: 'SmartNotificationManager' object has no attribute 'send_battery_threshold_alert'
2025-10-14 05:29:43,078 - BatteryGuard - ERROR - خطأ في فحص تنبيهات البطارية: 'SmartNotificationManager' object has no attribute 'send_battery_threshold_alert'
2025-10-14 05:29:45,081 - BatteryGuard - ERROR - خطأ في فحص تنبيهات البطارية: 'SmartNotificationManager' object has no attribute 'send_battery_threshold_alert'
2025-10-14 05:29:47,083 - BatteryGuard - ERROR - خطأ في فحص تنبيهات البطارية: 'SmartNotificationManager' object has no attribute 'send_battery_threshold_alert'
2025-10-14 05:29:49,090 - BatteryGuard - ERROR - خطأ في فحص تنبيهات البطارية: 'SmartNotificationManager' object has no attribute 'send_battery_threshold_alert'
2025-10-14 05:29:51,091 - BatteryGuard - ERROR - خطأ في فحص تنبيهات البطارية: 'SmartNotificationManager' object has no attribute 'send_battery_threshold_alert'
2025-10-14 05:29:53,093 - BatteryGuard - ERROR - خطأ في فحص تنبيهات البطارية: 'SmartNotificationManager' object has no attribute 'send_battery_threshold_alert'
2025-10-14 05:29:55,095 - BatteryGuard - ERROR - خطأ في فحص تنبيهات البطارية: 'SmartNotificationManager' object has no attribute 'send_battery_threshold_alert'
2025-10-14 05:29:57,104 - BatteryGuard - ERROR - خطأ في فحص تنبيهات البطارية: 'SmartNotificationManager' object has no attribute 'send_battery_threshold_alert'
2025-10-14 05:29:57,655 - BatteryGuard - INFO - تم حفظ بيانات AI - الأنماط: 3, درجة الكفاءة: 60
2025-10-14 05:29:59,106 - BatteryGuard - ERROR - خطأ في فحص تنبيهات البطارية: 'SmartNotificationManager' object has no attribute 'send_battery_threshold_alert'
2025-10-14 05:30:01,111 - BatteryGuard - ERROR - خطأ في فحص تنبيهات البطارية: 'SmartNotificationManager' object has no attribute 'send_battery_threshold_alert'
2025-10-14 05:30:03,112 - BatteryGuard - ERROR - خطأ في فحص تنبيهات البطارية: 'SmartNotificationManager' object has no attribute 'send_battery_threshold_alert'
2025-10-14 05:30:05,114 - BatteryGuard - ERROR - خطأ في فحص تنبيهات البطارية: 'SmartNotificationManager' object has no attribute 'send_battery_threshold_alert'
2025-10-14 05:30:07,120 - BatteryGuard - ERROR - خطأ في فحص تنبيهات البطارية: 'SmartNotificationManager' object has no attribute 'send_battery_threshold_alert'
2025-10-14 05:30:09,123 - BatteryGuard - ERROR - خطأ في فحص تنبيهات البطارية: 'SmartNotificationManager' object has no attribute 'send_battery_threshold_alert'
2025-10-14 05:30:10,733 - BatteryGuard - INFO - يحتاج النظام للتحسين - الأولوية: 2/10
2025-10-14 05:30:10,733 - BatteryGuard - INFO - الأسباب: عمليات كثيرة (346)
2025-10-14 05:30:10,733 - BatteryGuard - INFO - بدء التحسين التلقائي - الوضع: on_demand, الأولوية: 2
2025-10-14 05:30:11,123 - BatteryGuard - ERROR - خطأ في فحص تنبيهات البطارية: 'SmartNotificationManager' object has no attribute 'send_battery_threshold_alert'
2025-10-14 05:30:12,588 - BatteryGuard - INFO - تم حفظ بيانات AI - الأنماط: 3, درجة الكفاءة: 60
2025-10-14 05:30:12,588 - BatteryGuard - INFO - ✅ التحسين ناجح - توفير: 26.6% طاقة
2025-10-14 05:30:13,125 - BatteryGuard - ERROR - خطأ في فحص تنبيهات البطارية: 'SmartNotificationManager' object has no attribute 'send_battery_threshold_alert'
2025-10-14 05:30:15,128 - BatteryGuard - ERROR - خطأ في فحص تنبيهات البطارية: 'SmartNotificationManager' object has no attribute 'send_battery_threshold_alert'
2025-10-14 05:30:17,135 - BatteryGuard - ERROR - خطأ في فحص تنبيهات البطارية: 'SmartNotificationManager' object has no attribute 'send_battery_threshold_alert'
2025-10-14 05:30:17,844 - BatteryGuard - INFO - تم حفظ بيانات AI - الأنماط: 3, درجة الكفاءة: 60
2025-10-14 05:30:17,845 - BatteryGuard - INFO - تم إجراء تحليل عميق متقدم للبيانات وحفظها
2025-10-14 05:30:19,140 - BatteryGuard - ERROR - خطأ في فحص تنبيهات البطارية: 'SmartNotificationManager' object has no attribute 'send_battery_threshold_alert'
2025-10-14 05:30:21,144 - BatteryGuard - ERROR - خطأ في فحص تنبيهات البطارية: 'SmartNotificationManager' object has no attribute 'send_battery_threshold_alert'
2025-10-14 05:30:23,147 - BatteryGuard - ERROR - خطأ في فحص تنبيهات البطارية: 'SmartNotificationManager' object has no attribute 'send_battery_threshold_alert'
2025-10-14 05:30:25,151 - BatteryGuard - ERROR - خطأ في فحص تنبيهات البطارية: 'SmartNotificationManager' object has no attribute 'send_battery_threshold_alert'
2025-10-14 05:30:27,163 - BatteryGuard - ERROR - خطأ في فحص تنبيهات البطارية: 'SmartNotificationManager' object has no attribute 'send_battery_threshold_alert'
2025-10-14 05:30:29,169 - BatteryGuard - ERROR - خطأ في فحص تنبيهات البطارية: 'SmartNotificationManager' object has no attribute 'send_battery_threshold_alert'
2025-10-14 05:30:31,172 - BatteryGuard - ERROR - خطأ في فحص تنبيهات البطارية: 'SmartNotificationManager' object has no attribute 'send_battery_threshold_alert'
2025-10-14 05:30:33,178 - BatteryGuard - ERROR - خطأ في فحص تنبيهات البطارية: 'SmartNotificationManager' object has no attribute 'send_battery_threshold_alert'
2025-10-14 05:30:35,180 - BatteryGuard - ERROR - خطأ في فحص تنبيهات البطارية: 'SmartNotificationManager' object has no attribute 'send_battery_threshold_alert'
2025-10-14 05:30:37,444 - BatteryGuard - INFO - تم حفظ بيانات AI - الأنماط: 3, درجة الكفاءة: 60
2025-10-14 05:30:37,444 - BatteryGuard - INFO - تم إجراء تحليل عميق متقدم للبيانات وحفظها
2025-10-14 05:30:37,534 - BatteryGuard - INFO - تم حفظ بيانات AI - الأنماط: 3, درجة الكفاءة: 60
2025-10-14 05:30:37,536 - BatteryGuard - ERROR - خطأ في فحص تنبيهات البطارية: 'SmartNotificationManager' object has no attribute 'send_battery_threshold_alert'
2025-10-14 05:30:39,541 - BatteryGuard - ERROR - خطأ في فحص تنبيهات البطارية: 'SmartNotificationManager' object has no attribute 'send_battery_threshold_alert'
2025-10-14 05:30:41,543 - BatteryGuard - ERROR - خطأ في فحص تنبيهات البطارية: 'SmartNotificationManager' object has no attribute 'send_battery_threshold_alert'
2025-10-14 05:30:43,549 - BatteryGuard - ERROR - خطأ في فحص تنبيهات البطارية: 'SmartNotificationManager' object has no attribute 'send_battery_threshold_alert'
2025-10-14 05:30:45,552 - BatteryGuard - ERROR - خطأ في فحص تنبيهات البطارية: 'SmartNotificationManager' object has no attribute 'send_battery_threshold_alert'
2025-10-14 05:30:46,836 - BatteryGuard - INFO - يحتاج النظام للتحسين - الأولوية: 2/10
2025-10-14 05:30:46,836 - BatteryGuard - INFO - الأسباب: عمليات كثيرة (346)
2025-10-14 05:30:46,837 - BatteryGuard - INFO - بدء التحسين التلقائي - الوضع: on_demand, الأولوية: 2
2025-10-14 05:30:47,556 - BatteryGuard - ERROR - خطأ في فحص تنبيهات البطارية: 'SmartNotificationManager' object has no attribute 'send_battery_threshold_alert'
2025-10-14 05:30:49,271 - BatteryGuard - INFO - تم حفظ بيانات AI - الأنماط: 3, درجة الكفاءة: 60
2025-10-14 05:30:49,272 - BatteryGuard - INFO - ✅ التحسين ناجح - توفير: 79.6% طاقة
2025-10-14 05:30:49,559 - BatteryGuard - ERROR - خطأ في فحص تنبيهات البطارية: 'SmartNotificationManager' object has no attribute 'send_battery_threshold_alert'
2025-10-14 05:30:51,566 - BatteryGuard - ERROR - خطأ في فحص تنبيهات البطارية: 'SmartNotificationManager' object has no attribute 'send_battery_threshold_alert'
2025-10-14 05:30:53,569 - BatteryGuard - ERROR - خطأ في فحص تنبيهات البطارية: 'SmartNotificationManager' object has no attribute 'send_battery_threshold_alert'
2025-10-14 05:30:55,571 - BatteryGuard - ERROR - خطأ في فحص تنبيهات البطارية: 'SmartNotificationManager' object has no attribute 'send_battery_threshold_alert'
2025-10-14 05:30:57,584 - BatteryGuard - ERROR - خطأ في فحص تنبيهات البطارية: 'SmartNotificationManager' object has no attribute 'send_battery_threshold_alert'
2025-10-14 05:30:59,587 - BatteryGuard - ERROR - خطأ في فحص تنبيهات البطارية: 'SmartNotificationManager' object has no attribute 'send_battery_threshold_alert'
2025-10-14 05:31:01,590 - BatteryGuard - ERROR - خطأ في فحص تنبيهات البطارية: 'SmartNotificationManager' object has no attribute 'send_battery_threshold_alert'
2025-10-14 05:31:03,596 - BatteryGuard - ERROR - خطأ في فحص تنبيهات البطارية: 'SmartNotificationManager' object has no attribute 'send_battery_threshold_alert'
2025-10-14 05:31:05,600 - BatteryGuard - ERROR - خطأ في فحص تنبيهات البطارية: 'SmartNotificationManager' object has no attribute 'send_battery_threshold_alert'
2025-10-14 05:31:07,602 - BatteryGuard - ERROR - خطأ في فحص تنبيهات البطارية: 'SmartNotificationManager' object has no attribute 'send_battery_threshold_alert'
2025-10-14 05:31:09,604 - BatteryGuard - ERROR - خطأ في فحص تنبيهات البطارية: 'SmartNotificationManager' object has no attribute 'send_battery_threshold_alert'
2025-10-14 05:31:11,606 - BatteryGuard - ERROR - خطأ في فحص تنبيهات البطارية: 'SmartNotificationManager' object has no attribute 'send_battery_threshold_alert'
2025-10-14 05:31:13,608 - BatteryGuard - ERROR - خطأ في فحص تنبيهات البطارية: 'SmartNotificationManager' object has no attribute 'send_battery_threshold_alert'
2025-10-14 05:31:15,610 - BatteryGuard - ERROR - خطأ في فحص تنبيهات البطارية: 'SmartNotificationManager' object has no attribute 'send_battery_threshold_alert'
2025-10-14 05:31:17,613 - BatteryGuard - ERROR - خطأ في فحص تنبيهات البطارية: 'SmartNotificationManager' object has no attribute 'send_battery_threshold_alert'
2025-10-14 05:31:18,097 - BatteryGuard - INFO - تم حفظ بيانات AI - الأنماط: 3, درجة الكفاءة: 60
2025-10-14 05:31:18,097 - BatteryGuard - INFO - تم إجراء تحليل عميق متقدم للبيانات وحفظها
2025-10-14 05:31:19,615 - BatteryGuard - ERROR - خطأ في فحص تنبيهات البطارية: 'SmartNotificationManager' object has no attribute 'send_battery_threshold_alert'
2025-10-14 05:31:21,617 - BatteryGuard - ERROR - خطأ في فحص تنبيهات البطارية: 'SmartNotificationManager' object has no attribute 'send_battery_threshold_alert'
2025-10-14 05:31:23,457 - BatteryGuard - INFO - يحتاج النظام للتحسين - الأولوية: 2/10
2025-10-14 05:31:23,458 - BatteryGuard - INFO - الأسباب: عمليات كثيرة (349)
2025-10-14 05:31:23,458 - BatteryGuard - INFO - بدء التحسين التلقائي - الوضع: on_demand, الأولوية: 2
2025-10-14 05:31:23,619 - BatteryGuard - ERROR - خطأ في فحص تنبيهات البطارية: 'SmartNotificationManager' object has no attribute 'send_battery_threshold_alert'
2025-10-14 05:31:25,148 - BatteryGuard - INFO - تم حفظ بيانات AI - الأنماط: 3, درجة الكفاءة: 60
2025-10-14 05:31:25,149 - BatteryGuard - INFO - ✅ التحسين ناجح - توفير: 42.9% طاقة
2025-10-14 05:31:25,621 - BatteryGuard - ERROR - خطأ في فحص تنبيهات البطارية: 'SmartNotificationManager' object has no attribute 'send_battery_threshold_alert'
2025-10-14 05:31:27,622 - BatteryGuard - ERROR - خطأ في فحص تنبيهات البطارية: 'SmartNotificationManager' object has no attribute 'send_battery_threshold_alert'
2025-10-14 05:31:29,624 - BatteryGuard - ERROR - خطأ في فحص تنبيهات البطارية: 'SmartNotificationManager' object has no attribute 'send_battery_threshold_alert'
2025-10-14 05:31:31,626 - BatteryGuard - ERROR - خطأ في فحص تنبيهات البطارية: 'SmartNotificationManager' object has no attribute 'send_battery_threshold_alert'
2025-10-14 05:31:33,628 - BatteryGuard - ERROR - خطأ في فحص تنبيهات البطارية: 'SmartNotificationManager' object has no attribute 'send_battery_threshold_alert'
2025-10-14 05:31:35,629 - BatteryGuard - ERROR - خطأ في فحص تنبيهات البطارية: 'SmartNotificationManager' object has no attribute 'send_battery_threshold_alert'
2025-10-14 05:31:37,730 - BatteryGuard - INFO - تم حفظ بيانات AI - الأنماط: 3, درجة الكفاءة: 60
2025-10-14 05:31:37,731 - BatteryGuard - INFO - تم إجراء تحليل عميق متقدم للبيانات وحفظها
2025-10-14 05:31:37,731 - BatteryGuard - ERROR - خطأ في فحص تنبيهات البطارية: 'SmartNotificationManager' object has no attribute 'send_battery_threshold_alert'
2025-10-14 05:31:38,148 - BatteryGuard - INFO - تم حفظ بيانات AI - الأنماط: 3, درجة الكفاءة: 60
2025-10-14 05:31:38,376 - BatteryGuard - INFO - تم حفظ بيانات AI - الأنماط: 3, درجة الكفاءة: 60
2025-10-14 05:31:39,734 - BatteryGuard - ERROR - خطأ في فحص تنبيهات البطارية: 'SmartNotificationManager' object has no attribute 'send_battery_threshold_alert'
2025-10-14 05:31:41,736 - BatteryGuard - ERROR - خطأ في فحص تنبيهات البطارية: 'SmartNotificationManager' object has no attribute 'send_battery_threshold_alert'
2025-10-14 05:31:43,738 - BatteryGuard - ERROR - خطأ في فحص تنبيهات البطارية: 'SmartNotificationManager' object has no attribute 'send_battery_threshold_alert'
2025-10-14 05:31:45,739 - BatteryGuard - ERROR - خطأ في فحص تنبيهات البطارية: 'SmartNotificationManager' object has no attribute 'send_battery_threshold_alert'
2025-10-14 05:31:47,741 - BatteryGuard - ERROR - خطأ في فحص تنبيهات البطارية: 'SmartNotificationManager' object has no attribute 'send_battery_threshold_alert'
2025-10-14 05:31:49,743 - BatteryGuard - ERROR - خطأ في فحص تنبيهات البطارية: 'SmartNotificationManager' object has no attribute 'send_battery_threshold_alert'
2025-10-14 05:31:51,745 - BatteryGuard - ERROR - خطأ في فحص تنبيهات البطارية: 'SmartNotificationManager' object has no attribute 'send_battery_threshold_alert'
2025-10-14 05:31:53,747 - BatteryGuard - ERROR - خطأ في فحص تنبيهات البطارية: 'SmartNotificationManager' object has no attribute 'send_battery_threshold_alert'
2025-10-14 05:31:55,749 - BatteryGuard - ERROR - خطأ في فحص تنبيهات البطارية: 'SmartNotificationManager' object has no attribute 'send_battery_threshold_alert'
2025-10-14 05:31:57,753 - BatteryGuard - ERROR - خطأ في فحص تنبيهات البطارية: 'SmartNotificationManager' object has no attribute 'send_battery_threshold_alert'
2025-10-14 05:31:59,278 - BatteryGuard - INFO - يحتاج النظام للتحسين - الأولوية: 2/10
2025-10-14 05:31:59,278 - BatteryGuard - INFO - الأسباب: عمليات كثيرة (348)
2025-10-14 05:31:59,279 - BatteryGuard - INFO - بدء التحسين التلقائي - الوضع: on_demand, الأولوية: 2
2025-10-14 05:31:59,755 - BatteryGuard - ERROR - خطأ في فحص تنبيهات البطارية: 'SmartNotificationManager' object has no attribute 'send_battery_threshold_alert'
2025-10-14 05:32:00,985 - BatteryGuard - INFO - تم حفظ بيانات AI - الأنماط: 3, درجة الكفاءة: 60
2025-10-14 05:32:00,985 - BatteryGuard - INFO - ✅ التحسين ناجح - توفير: 43.4% طاقة
2025-10-14 05:32:01,758 - BatteryGuard - ERROR - خطأ في فحص تنبيهات البطارية: 'SmartNotificationManager' object has no attribute 'send_battery_threshold_alert'
2025-10-14 05:32:03,760 - BatteryGuard - ERROR - خطأ في فحص تنبيهات البطارية: 'SmartNotificationManager' object has no attribute 'send_battery_threshold_alert'
2025-10-14 05:32:05,763 - BatteryGuard - ERROR - خطأ في فحص تنبيهات البطارية: 'SmartNotificationManager' object has no attribute 'send_battery_threshold_alert'
2025-10-14 05:32:07,765 - BatteryGuard - ERROR - خطأ في فحص تنبيهات البطارية: 'SmartNotificationManager' object has no attribute 'send_battery_threshold_alert'
2025-10-14 05:32:09,767 - BatteryGuard - ERROR - خطأ في فحص تنبيهات البطارية: 'SmartNotificationManager' object has no attribute 'send_battery_threshold_alert'
2025-10-14 05:32:11,769 - BatteryGuard - ERROR - خطأ في فحص تنبيهات البطارية: 'SmartNotificationManager' object has no attribute 'send_battery_threshold_alert'
2025-10-14 05:32:13,771 - BatteryGuard - ERROR - خطأ في فحص تنبيهات البطارية: 'SmartNotificationManager' object has no attribute 'send_battery_threshold_alert'
2025-10-14 05:32:15,772 - BatteryGuard - ERROR - خطأ في فحص تنبيهات البطارية: 'SmartNotificationManager' object has no attribute 'send_battery_threshold_alert'
2025-10-14 05:32:17,810 - BatteryGuard - INFO - تم حفظ بيانات AI - الأنماط: 3, درجة الكفاءة: 60
2025-10-14 05:32:17,810 - BatteryGuard - ERROR - خطأ في فحص تنبيهات البطارية: 'SmartNotificationManager' object has no attribute 'send_battery_threshold_alert'
2025-10-14 05:32:18,271 - BatteryGuard - INFO - تم حفظ بيانات AI - الأنماط: 3, درجة الكفاءة: 62
2025-10-14 05:32:18,272 - BatteryGuard - INFO - تم إجراء تحليل عميق متقدم للبيانات وحفظها
2025-10-14 05:32:19,812 - BatteryGuard - ERROR - خطأ في فحص تنبيهات البطارية: 'SmartNotificationManager' object has no attribute 'send_battery_threshold_alert'
2025-10-14 05:32:21,814 - BatteryGuard - ERROR - خطأ في فحص تنبيهات البطارية: 'SmartNotificationManager' object has no attribute 'send_battery_threshold_alert'
2025-10-14 05:32:23,816 - BatteryGuard - ERROR - خطأ في فحص تنبيهات البطارية: 'SmartNotificationManager' object has no attribute 'send_battery_threshold_alert'
2025-10-14 05:32:25,817 - BatteryGuard - ERROR - خطأ في فحص تنبيهات البطارية: 'SmartNotificationManager' object has no attribute 'send_battery_threshold_alert'
2025-10-14 05:32:27,819 - BatteryGuard - ERROR - خطأ في فحص تنبيهات البطارية: 'SmartNotificationManager' object has no attribute 'send_battery_threshold_alert'
2025-10-14 05:32:29,821 - BatteryGuard - ERROR - خطأ في فحص تنبيهات البطارية: 'SmartNotificationManager' object has no attribute 'send_battery_threshold_alert'
2025-10-14 05:32:31,823 - BatteryGuard - ERROR - خطأ في فحص تنبيهات البطارية: 'SmartNotificationManager' object has no attribute 'send_battery_threshold_alert'
2025-10-14 05:32:33,825 - BatteryGuard - ERROR - خطأ في فحص تنبيهات البطارية: 'SmartNotificationManager' object has no attribute 'send_battery_threshold_alert'
2025-10-14 05:32:35,107 - BatteryGuard - INFO - يحتاج النظام للتحسين - الأولوية: 2/10
2025-10-14 05:32:35,107 - BatteryGuard - INFO - الأسباب: عمليات كثيرة (345)
2025-10-14 05:32:35,107 - BatteryGuard - INFO - بدء التحسين التلقائي - الوضع: on_demand, الأولوية: 2
2025-10-14 05:32:35,829 - BatteryGuard - ERROR - خطأ في فحص تنبيهات البطارية: 'SmartNotificationManager' object has no attribute 'send_battery_threshold_alert'
2025-10-14 05:32:36,947 - BatteryGuard - INFO - تم حفظ بيانات AI - الأنماط: 3, درجة الكفاءة: 62
2025-10-14 05:32:36,947 - BatteryGuard - INFO - ✅ التحسين ناجح - توفير: 26.6% طاقة
2025-10-14 05:32:38,127 - BatteryGuard - INFO - تم حفظ بيانات AI - الأنماط: 3, درجة الكفاءة: 64
2025-10-14 05:32:38,128 - BatteryGuard - INFO - تم إجراء تحليل عميق متقدم للبيانات وحفظها
2025-10-14 05:32:38,129 - BatteryGuard - ERROR - خطأ في فحص تنبيهات البطارية: 'SmartNotificationManager' object has no attribute 'send_battery_threshold_alert'
2025-10-14 05:32:40,132 - BatteryGuard - ERROR - خطأ في فحص تنبيهات البطارية: 'SmartNotificationManager' object has no attribute 'send_battery_threshold_alert'
2025-10-14 05:32:42,135 - BatteryGuard - ERROR - خطأ في فحص تنبيهات البطارية: 'SmartNotificationManager' object has no attribute 'send_battery_threshold_alert'
2025-10-14 05:32:44,141 - BatteryGuard - ERROR - خطأ في فحص تنبيهات البطارية: 'SmartNotificationManager' object has no attribute 'send_battery_threshold_alert'
2025-10-14 05:32:46,143 - BatteryGuard - ERROR - خطأ في فحص تنبيهات البطارية: 'SmartNotificationManager' object has no attribute 'send_battery_threshold_alert'
2025-10-14 05:32:48,149 - BatteryGuard - ERROR - خطأ في فحص تنبيهات البطارية: 'SmartNotificationManager' object has no attribute 'send_battery_threshold_alert'
2025-10-14 05:32:50,154 - BatteryGuard - ERROR - خطأ في فحص تنبيهات البطارية: 'SmartNotificationManager' object has no attribute 'send_battery_threshold_alert'
2025-10-14 05:32:52,158 - BatteryGuard - ERROR - خطأ في فحص تنبيهات البطارية: 'SmartNotificationManager' object has no attribute 'send_battery_threshold_alert'
2025-10-14 05:32:54,161 - BatteryGuard - ERROR - خطأ في فحص تنبيهات البطارية: 'SmartNotificationManager' object has no attribute 'send_battery_threshold_alert'
2025-10-14 05:32:56,165 - BatteryGuard - ERROR - خطأ في فحص تنبيهات البطارية: 'SmartNotificationManager' object has no attribute 'send_battery_threshold_alert'
2025-10-14 05:32:58,175 - BatteryGuard - ERROR - خطأ في فحص تنبيهات البطارية: 'SmartNotificationManager' object has no attribute 'send_battery_threshold_alert'
2025-10-14 05:33:00,180 - BatteryGuard - ERROR - خطأ في فحص تنبيهات البطارية: 'SmartNotificationManager' object has no attribute 'send_battery_threshold_alert'
2025-10-14 05:33:02,183 - BatteryGuard - ERROR - خطأ في فحص تنبيهات البطارية: 'SmartNotificationManager' object has no attribute 'send_battery_threshold_alert'
2025-10-14 05:33:04,186 - BatteryGuard - ERROR - خطأ في فحص تنبيهات البطارية: 'SmartNotificationManager' object has no attribute 'send_battery_threshold_alert'
2025-10-14 05:33:06,189 - BatteryGuard - ERROR - خطأ في فحص تنبيهات البطارية: 'SmartNotificationManager' object has no attribute 'send_battery_threshold_alert'
2025-10-14 05:33:08,193 - BatteryGuard - ERROR - خطأ في فحص تنبيهات البطارية: 'SmartNotificationManager' object has no attribute 'send_battery_threshold_alert'
2025-10-14 05:33:10,197 - BatteryGuard - ERROR - خطأ في فحص تنبيهات البطارية: 'SmartNotificationManager' object has no attribute 'send_battery_threshold_alert'
2025-10-14 05:33:11,109 - BatteryGuard - INFO - يحتاج النظام للتحسين - الأولوية: 2/10
2025-10-14 05:33:11,110 - BatteryGuard - INFO - الأسباب: عمليات كثيرة (346)
2025-10-14 05:33:11,110 - BatteryGuard - INFO - بدء التحسين التلقائي - الوضع: on_demand, الأولوية: 2
2025-10-14 05:33:12,199 - BatteryGuard - ERROR - خطأ في فحص تنبيهات البطارية: 'SmartNotificationManager' object has no attribute 'send_battery_threshold_alert'
2025-10-14 05:33:13,314 - BatteryGuard - INFO - تم حفظ بيانات AI - الأنماط: 3, درجة الكفاءة: 62
2025-10-14 05:33:13,314 - BatteryGuard - INFO - ✅ التحسين ناجح - توفير: 67.7% طاقة
2025-10-14 05:33:14,201 - BatteryGuard - ERROR - خطأ في فحص تنبيهات البطارية: 'SmartNotificationManager' object has no attribute 'send_battery_threshold_alert'
2025-10-14 05:33:16,204 - BatteryGuard - ERROR - خطأ في فحص تنبيهات البطارية: 'SmartNotificationManager' object has no attribute 'send_battery_threshold_alert'
2025-10-14 05:33:18,218 - BatteryGuard - ERROR - خطأ في فحص تنبيهات البطارية: 'SmartNotificationManager' object has no attribute 'send_battery_threshold_alert'
2025-10-14 05:33:18,631 - BatteryGuard - INFO - تم حفظ بيانات AI - الأنماط: 3, درجة الكفاءة: 68
2025-10-14 05:33:18,631 - BatteryGuard - INFO - تم إجراء تحليل عميق متقدم للبيانات وحفظها
2025-10-14 05:33:18,727 - BatteryGuard - INFO - تم حفظ بيانات AI - الأنماط: 3, درجة الكفاءة: 68
2025-10-14 05:33:20,220 - BatteryGuard - ERROR - خطأ في فحص تنبيهات البطارية: 'SmartNotificationManager' object has no attribute 'send_battery_threshold_alert'
2025-10-14 05:33:22,226 - BatteryGuard - ERROR - خطأ في فحص تنبيهات البطارية: 'SmartNotificationManager' object has no attribute 'send_battery_threshold_alert'
2025-10-14 05:33:24,229 - BatteryGuard - ERROR - خطأ في فحص تنبيهات البطارية: 'SmartNotificationManager' object has no attribute 'send_battery_threshold_alert'
2025-10-14 05:33:26,232 - BatteryGuard - ERROR - خطأ في فحص تنبيهات البطارية: 'SmartNotificationManager' object has no attribute 'send_battery_threshold_alert'
2025-10-14 05:33:28,236 - BatteryGuard - ERROR - خطأ في فحص تنبيهات البطارية: 'SmartNotificationManager' object has no attribute 'send_battery_threshold_alert'
2025-10-14 05:33:30,239 - BatteryGuard - ERROR - خطأ في فحص تنبيهات البطارية: 'SmartNotificationManager' object has no attribute 'send_battery_threshold_alert'
2025-10-14 05:33:32,242 - BatteryGuard - ERROR - خطأ في فحص تنبيهات البطارية: 'SmartNotificationManager' object has no attribute 'send_battery_threshold_alert'
2025-10-14 05:33:34,245 - BatteryGuard - ERROR - خطأ في فحص تنبيهات البطارية: 'SmartNotificationManager' object has no attribute 'send_battery_threshold_alert'
2025-10-14 05:33:36,249 - BatteryGuard - ERROR - خطأ في فحص تنبيهات البطارية: 'SmartNotificationManager' object has no attribute 'send_battery_threshold_alert'
2025-10-14 05:33:38,516 - BatteryGuard - INFO - تم حفظ بيانات AI - الأنماط: 3, درجة الكفاءة: 70
2025-10-14 05:33:38,516 - BatteryGuard - INFO - تم إجراء تحليل عميق متقدم للبيانات وحفظها
2025-10-14 05:33:38,519 - BatteryGuard - ERROR - خطأ في فحص تنبيهات البطارية: 'SmartNotificationManager' object has no attribute 'send_battery_threshold_alert'
2025-10-14 05:33:40,521 - BatteryGuard - ERROR - خطأ في فحص تنبيهات البطارية: 'SmartNotificationManager' object has no attribute 'send_battery_threshold_alert'
2025-10-14 05:33:42,524 - BatteryGuard - ERROR - خطأ في فحص تنبيهات البطارية: 'SmartNotificationManager' object has no attribute 'send_battery_threshold_alert'
2025-10-14 05:33:44,526 - BatteryGuard - ERROR - خطأ في فحص تنبيهات البطارية: 'SmartNotificationManager' object has no attribute 'send_battery_threshold_alert'
2025-10-14 05:33:46,532 - BatteryGuard - ERROR - خطأ في فحص تنبيهات البطارية: 'SmartNotificationManager' object has no attribute 'send_battery_threshold_alert'
2025-10-14 05:33:47,568 - BatteryGuard - INFO - يحتاج النظام للتحسين - الأولوية: 2/10
2025-10-14 05:33:47,568 - BatteryGuard - INFO - الأسباب: عمليات كثيرة (347)
2025-10-14 05:33:47,568 - BatteryGuard - INFO - بدء التحسين التلقائي - الوضع: on_demand, الأولوية: 2
2025-10-14 05:33:48,535 - BatteryGuard - ERROR - خطأ في فحص تنبيهات البطارية: 'SmartNotificationManager' object has no attribute 'send_battery_threshold_alert'
2025-10-14 05:33:49,722 - BatteryGuard - INFO - تم حفظ بيانات AI - الأنماط: 3, درجة الكفاءة: 68
2025-10-14 05:33:49,722 - BatteryGuard - INFO - ✅ التحسين ناجح - توفير: 52.5% طاقة
2025-10-14 05:33:50,538 - BatteryGuard - ERROR - خطأ في فحص تنبيهات البطارية: 'SmartNotificationManager' object has no attribute 'send_battery_threshold_alert'
2025-10-14 05:33:52,543 - BatteryGuard - ERROR - خطأ في فحص تنبيهات البطارية: 'SmartNotificationManager' object has no attribute 'send_battery_threshold_alert'
2025-10-14 05:33:54,404 - BatteryGuard - INFO - تم حفظ بيانات AI - الأنماط: 3, درجة الكفاءة: 70
2025-10-14 05:33:54,546 - BatteryGuard - ERROR - خطأ في فحص تنبيهات البطارية: 'SmartNotificationManager' object has no attribute 'send_battery_threshold_alert'
2025-10-14 05:33:56,550 - BatteryGuard - ERROR - خطأ في فحص تنبيهات البطارية: 'SmartNotificationManager' object has no attribute 'send_battery_threshold_alert'
2025-10-14 05:33:58,615 - BatteryGuard - INFO - تم حفظ بيانات AI - الأنماط: 3, درجة الكفاءة: 70
2025-10-14 05:33:58,617 - BatteryGuard - ERROR - خطأ في فحص تنبيهات البطارية: 'SmartNotificationManager' object has no attribute 'send_battery_threshold_alert'
2025-10-14 05:34:00,619 - BatteryGuard - ERROR - خطأ في فحص تنبيهات البطارية: 'SmartNotificationManager' object has no attribute 'send_battery_threshold_alert'
2025-10-14 05:34:02,623 - BatteryGuard - ERROR - خطأ في فحص تنبيهات البطارية: 'SmartNotificationManager' object has no attribute 'send_battery_threshold_alert'
2025-10-14 05:34:04,626 - BatteryGuard - ERROR - خطأ في فحص تنبيهات البطارية: 'SmartNotificationManager' object has no attribute 'send_battery_threshold_alert'
2025-10-14 05:34:06,629 - BatteryGuard - ERROR - خطأ في فحص تنبيهات البطارية: 'SmartNotificationManager' object has no attribute 'send_battery_threshold_alert'
2025-10-14 05:34:08,642 - BatteryGuard - ERROR - خطأ في فحص تنبيهات البطارية: 'SmartNotificationManager' object has no attribute 'send_battery_threshold_alert'
2025-10-14 05:34:10,645 - BatteryGuard - ERROR - خطأ في فحص تنبيهات البطارية: 'SmartNotificationManager' object has no attribute 'send_battery_threshold_alert'
2025-10-14 05:34:12,647 - BatteryGuard - ERROR - خطأ في فحص تنبيهات البطارية: 'SmartNotificationManager' object has no attribute 'send_battery_threshold_alert'
2025-10-14 05:34:14,652 - BatteryGuard - ERROR - خطأ في فحص تنبيهات البطارية: 'SmartNotificationManager' object has no attribute 'send_battery_threshold_alert'
2025-10-14 05:34:16,655 - BatteryGuard - ERROR - خطأ في فحص تنبيهات البطارية: 'SmartNotificationManager' object has no attribute 'send_battery_threshold_alert'
2025-10-14 05:34:18,660 - BatteryGuard - ERROR - خطأ في فحص تنبيهات البطارية: 'SmartNotificationManager' object has no attribute 'send_battery_threshold_alert'
2025-10-14 05:34:19,028 - BatteryGuard - INFO - تم حفظ بيانات AI - الأنماط: 3, درجة الكفاءة: 74
2025-10-14 05:34:19,029 - BatteryGuard - INFO - تم إجراء تحليل عميق متقدم للبيانات وحفظها
2025-10-14 05:34:20,665 - BatteryGuard - ERROR - خطأ في فحص تنبيهات البطارية: 'SmartNotificationManager' object has no attribute 'send_battery_threshold_alert'
2025-10-14 05:34:22,669 - BatteryGuard - ERROR - خطأ في فحص تنبيهات البطارية: 'SmartNotificationManager' object has no attribute 'send_battery_threshold_alert'
2025-10-14 05:34:24,026 - BatteryGuard - INFO - يحتاج النظام للتحسين - الأولوية: 2/10
2025-10-14 05:34:24,026 - BatteryGuard - INFO - الأسباب: عمليات كثيرة (350)
2025-10-14 05:34:24,026 - BatteryGuard - INFO - بدء التحسين التلقائي - الوضع: on_demand, الأولوية: 2
2025-10-14 05:34:24,674 - BatteryGuard - ERROR - خطأ في فحص تنبيهات البطارية: 'SmartNotificationManager' object has no attribute 'send_battery_threshold_alert'
2025-10-14 05:34:26,341 - BatteryGuard - INFO - تم حفظ بيانات AI - الأنماط: 3, درجة الكفاءة: 74
2025-10-14 05:34:26,341 - BatteryGuard - INFO - ✅ التحسين ناجح - توفير: 52.7% طاقة
2025-10-14 05:34:26,676 - BatteryGuard - ERROR - خطأ في فحص تنبيهات البطارية: 'SmartNotificationManager' object has no attribute 'send_battery_threshold_alert'
2025-10-14 05:34:28,681 - BatteryGuard - ERROR - خطأ في فحص تنبيهات البطارية: 'SmartNotificationManager' object has no attribute 'send_battery_threshold_alert'
2025-10-14 05:34:30,684 - BatteryGuard - ERROR - خطأ في فحص تنبيهات البطارية: 'SmartNotificationManager' object has no attribute 'send_battery_threshold_alert'
2025-10-14 05:34:32,688 - BatteryGuard - ERROR - خطأ في فحص تنبيهات البطارية: 'SmartNotificationManager' object has no attribute 'send_battery_threshold_alert'
2025-10-14 05:34:34,693 - BatteryGuard - ERROR - خطأ في فحص تنبيهات البطارية: 'SmartNotificationManager' object has no attribute 'send_battery_threshold_alert'
2025-10-14 05:34:36,697 - BatteryGuard - ERROR - خطأ في فحص تنبيهات البطارية: 'SmartNotificationManager' object has no attribute 'send_battery_threshold_alert'
2025-10-14 05:34:39,169 - BatteryGuard - INFO - تم حفظ بيانات AI - الأنماط: 3, درجة الكفاءة: 76
2025-10-14 05:34:39,170 - BatteryGuard - INFO - تم إجراء تحليل عميق متقدم للبيانات وحفظها
2025-10-14 05:34:39,172 - BatteryGuard - ERROR - خطأ في فحص تنبيهات البطارية: 'SmartNotificationManager' object has no attribute 'send_battery_threshold_alert'
2025-10-14 05:34:41,179 - BatteryGuard - ERROR - خطأ في فحص تنبيهات البطارية: 'SmartNotificationManager' object has no attribute 'send_battery_threshold_alert'
2025-10-14 05:34:43,183 - BatteryGuard - ERROR - خطأ في فحص تنبيهات البطارية: 'SmartNotificationManager' object has no attribute 'send_battery_threshold_alert'
2025-10-14 05:34:45,189 - BatteryGuard - ERROR - خطأ في فحص تنبيهات البطارية: 'SmartNotificationManager' object has no attribute 'send_battery_threshold_alert'
2025-10-14 05:34:47,191 - BatteryGuard - ERROR - خطأ في فحص تنبيهات البطارية: 'SmartNotificationManager' object has no attribute 'send_battery_threshold_alert'
2025-10-14 05:34:49,195 - BatteryGuard - ERROR - خطأ في فحص تنبيهات البطارية: 'SmartNotificationManager' object has no attribute 'send_battery_threshold_alert'
2025-10-14 05:34:51,197 - BatteryGuard - ERROR - خطأ في فحص تنبيهات البطارية: 'SmartNotificationManager' object has no attribute 'send_battery_threshold_alert'
2025-10-14 05:34:53,201 - BatteryGuard - ERROR - خطأ في فحص تنبيهات البطارية: 'SmartNotificationManager' object has no attribute 'send_battery_threshold_alert'
2025-10-14 05:34:55,205 - BatteryGuard - ERROR - خطأ في فحص تنبيهات البطارية: 'SmartNotificationManager' object has no attribute 'send_battery_threshold_alert'
2025-10-14 05:34:57,209 - BatteryGuard - ERROR - خطأ في فحص تنبيهات البطارية: 'SmartNotificationManager' object has no attribute 'send_battery_threshold_alert'
2025-10-14 05:34:59,209 - BatteryGuard - INFO - تم حفظ بيانات AI - الأنماط: 3, درجة الكفاءة: 74
2025-10-14 05:34:59,216 - BatteryGuard - ERROR - خطأ في فحص تنبيهات البطارية: 'SmartNotificationManager' object has no attribute 'send_battery_threshold_alert'
2025-10-14 05:35:00,599 - BatteryGuard - INFO - يحتاج النظام للتحسين - الأولوية: 2/10
2025-10-14 05:35:00,600 - BatteryGuard - INFO - الأسباب: عمليات كثيرة (349)
2025-10-14 05:35:00,600 - BatteryGuard - INFO - بدء التحسين التلقائي - الوضع: on_demand, الأولوية: 2
2025-10-14 05:35:01,220 - BatteryGuard - ERROR - خطأ في فحص تنبيهات البطارية: 'SmartNotificationManager' object has no attribute 'send_battery_threshold_alert'
2025-10-14 05:35:03,039 - BatteryGuard - INFO - تم حفظ بيانات AI - الأنماط: 3, درجة الكفاءة: 74
2025-10-14 05:35:03,040 - BatteryGuard - INFO - ✅ التحسين ناجح - توفير: 101.2% طاقة
2025-10-14 05:35:03,223 - BatteryGuard - ERROR - خطأ في فحص تنبيهات البطارية: 'SmartNotificationManager' object has no attribute 'send_battery_threshold_alert'
2025-10-14 05:35:05,226 - BatteryGuard - ERROR - خطأ في فحص تنبيهات البطارية: 'SmartNotificationManager' object has no attribute 'send_battery_threshold_alert'
2025-10-14 05:35:07,232 - BatteryGuard - ERROR - خطأ في فحص تنبيهات البطارية: 'SmartNotificationManager' object has no attribute 'send_battery_threshold_alert'
2025-10-14 05:35:09,234 - BatteryGuard - ERROR - خطأ في فحص تنبيهات البطارية: 'SmartNotificationManager' object has no attribute 'send_battery_threshold_alert'
2025-10-14 05:35:11,237 - BatteryGuard - ERROR - خطأ في فحص تنبيهات البطارية: 'SmartNotificationManager' object has no attribute 'send_battery_threshold_alert'
2025-10-14 05:35:13,240 - BatteryGuard - ERROR - خطأ في فحص تنبيهات البطارية: 'SmartNotificationManager' object has no attribute 'send_battery_threshold_alert'
2025-10-14 05:35:15,243 - BatteryGuard - ERROR - خطأ في فحص تنبيهات البطارية: 'SmartNotificationManager' object has no attribute 'send_battery_threshold_alert'
2025-10-14 05:35:17,246 - BatteryGuard - ERROR - خطأ في فحص تنبيهات البطارية: 'SmartNotificationManager' object has no attribute 'send_battery_threshold_alert'
2025-10-14 05:35:19,253 - BatteryGuard - ERROR - خطأ في فحص تنبيهات البطارية: 'SmartNotificationManager' object has no attribute 'send_battery_threshold_alert'
2025-10-14 05:35:19,481 - BatteryGuard - INFO - تم حفظ بيانات AI - الأنماط: 3, درجة الكفاءة: 80
2025-10-14 05:35:19,482 - BatteryGuard - INFO - تم إجراء تحليل عميق متقدم للبيانات وحفظها
2025-10-14 05:35:21,256 - BatteryGuard - ERROR - خطأ في فحص تنبيهات البطارية: 'SmartNotificationManager' object has no attribute 'send_battery_threshold_alert'
2025-10-14 05:35:23,262 - BatteryGuard - ERROR - خطأ في فحص تنبيهات البطارية: 'SmartNotificationManager' object has no attribute 'send_battery_threshold_alert'
2025-10-14 05:35:25,264 - BatteryGuard - ERROR - خطأ في فحص تنبيهات البطارية: 'SmartNotificationManager' object has no attribute 'send_battery_threshold_alert'
2025-10-14 05:35:27,268 - BatteryGuard - ERROR - خطأ في فحص تنبيهات البطارية: 'SmartNotificationManager' object has no attribute 'send_battery_threshold_alert'
2025-10-14 05:35:29,278 - BatteryGuard - ERROR - خطأ في فحص تنبيهات البطارية: 'SmartNotificationManager' object has no attribute 'send_battery_threshold_alert'
2025-10-14 05:35:31,284 - BatteryGuard - ERROR - خطأ في فحص تنبيهات البطارية: 'SmartNotificationManager' object has no attribute 'send_battery_threshold_alert'
2025-10-14 05:35:33,294 - BatteryGuard - ERROR - خطأ في فحص تنبيهات البطارية: 'SmartNotificationManager' object has no attribute 'send_battery_threshold_alert'
2025-10-14 05:35:35,297 - BatteryGuard - ERROR - خطأ في فحص تنبيهات البطارية: 'SmartNotificationManager' object has no attribute 'send_battery_threshold_alert'
2025-10-14 05:35:37,267 - BatteryGuard - INFO - يحتاج النظام للتحسين - الأولوية: 2/10
2025-10-14 05:35:37,268 - BatteryGuard - INFO - الأسباب: عمليات كثيرة (346)
2025-10-14 05:35:37,269 - BatteryGuard - INFO - بدء التحسين التلقائي - الوضع: on_demand, الأولوية: 2
2025-10-14 05:35:37,301 - BatteryGuard - ERROR - خطأ في فحص تنبيهات البطارية: 'SmartNotificationManager' object has no attribute 'send_battery_threshold_alert'
2025-10-14 05:35:39,574 - BatteryGuard - INFO - تم حفظ بيانات AI - الأنماط: 3, درجة الكفاءة: 82
2025-10-14 05:35:39,575 - BatteryGuard - INFO - تم إجراء تحليل عميق متقدم للبيانات وحفظها
2025-10-14 05:35:39,584 - BatteryGuard - INFO - تم حفظ بيانات AI - الأنماط: 3, درجة الكفاءة: 80
2025-10-14 05:35:39,585 - BatteryGuard - INFO - ✅ التحسين ناجح - توفير: 83.3% طاقة
2025-10-14 05:35:39,659 - BatteryGuard - INFO - تم حفظ بيانات AI - الأنماط: 3, درجة الكفاءة: 82
2025-10-14 05:35:39,660 - BatteryGuard - ERROR - خطأ في فحص تنبيهات البطارية: 'SmartNotificationManager' object has no attribute 'send_battery_threshold_alert'
2025-10-14 05:35:41,663 - BatteryGuard - ERROR - خطأ في فحص تنبيهات البطارية: 'SmartNotificationManager' object has no attribute 'send_battery_threshold_alert'
2025-10-14 05:35:43,668 - BatteryGuard - ERROR - خطأ في فحص تنبيهات البطارية: 'SmartNotificationManager' object has no attribute 'send_battery_threshold_alert'
2025-10-14 05:35:45,672 - BatteryGuard - ERROR - خطأ في فحص تنبيهات البطارية: 'SmartNotificationManager' object has no attribute 'send_battery_threshold_alert'
2025-10-14 05:35:47,674 - BatteryGuard - ERROR - خطأ في فحص تنبيهات البطارية: 'SmartNotificationManager' object has no attribute 'send_battery_threshold_alert'
2025-10-14 05:35:49,677 - BatteryGuard - ERROR - خطأ في فحص تنبيهات البطارية: 'SmartNotificationManager' object has no attribute 'send_battery_threshold_alert'
2025-10-14 05:35:51,681 - BatteryGuard - ERROR - خطأ في فحص تنبيهات البطارية: 'SmartNotificationManager' object has no attribute 'send_battery_threshold_alert'
2025-10-14 05:35:53,685 - BatteryGuard - ERROR - خطأ في فحص تنبيهات البطارية: 'SmartNotificationManager' object has no attribute 'send_battery_threshold_alert'
2025-10-14 05:35:55,688 - BatteryGuard - ERROR - خطأ في فحص تنبيهات البطارية: 'SmartNotificationManager' object has no attribute 'send_battery_threshold_alert'
2025-10-14 05:35:57,690 - BatteryGuard - ERROR - خطأ في فحص تنبيهات البطارية: 'SmartNotificationManager' object has no attribute 'send_battery_threshold_alert'
2025-10-14 05:35:59,698 - BatteryGuard - ERROR - خطأ في فحص تنبيهات البطارية: 'SmartNotificationManager' object has no attribute 'send_battery_threshold_alert'
2025-10-14 05:36:01,701 - BatteryGuard - ERROR - خطأ في فحص تنبيهات البطارية: 'SmartNotificationManager' object has no attribute 'send_battery_threshold_alert'
2025-10-14 05:36:03,703 - BatteryGuard - ERROR - خطأ في فحص تنبيهات البطارية: 'SmartNotificationManager' object has no attribute 'send_battery_threshold_alert'
2025-10-14 05:36:05,708 - BatteryGuard - ERROR - خطأ في فحص تنبيهات البطارية: 'SmartNotificationManager' object has no attribute 'send_battery_threshold_alert'
2025-10-14 05:36:07,712 - BatteryGuard - ERROR - خطأ في فحص تنبيهات البطارية: 'SmartNotificationManager' object has no attribute 'send_battery_threshold_alert'
2025-10-14 05:36:09,715 - BatteryGuard - ERROR - خطأ في فحص تنبيهات البطارية: 'SmartNotificationManager' object has no attribute 'send_battery_threshold_alert'
2025-10-14 05:36:11,739 - BatteryGuard - ERROR - خطأ في فحص تنبيهات البطارية: 'SmartNotificationManager' object has no attribute 'send_battery_threshold_alert'
2025-10-14 05:36:13,735 - BatteryGuard - ERROR - خطأ في فحص تنبيهات البطارية: 'SmartNotificationManager' object has no attribute 'send_battery_threshold_alert'
2025-10-14 05:36:13,835 - BatteryGuard - INFO - يحتاج النظام للتحسين - الأولوية: 2/10
2025-10-14 05:36:13,835 - BatteryGuard - INFO - الأسباب: عمليات كثيرة (356)
2025-10-14 05:36:13,835 - BatteryGuard - INFO - بدء التحسين التلقائي - الوضع: on_demand, الأولوية: 2
2025-10-14 05:36:15,739 - BatteryGuard - ERROR - خطأ في فحص تنبيهات البطارية: 'SmartNotificationManager' object has no attribute 'send_battery_threshold_alert'
2025-10-14 05:36:16,163 - BatteryGuard - INFO - تم حفظ بيانات AI - الأنماط: 3, درجة الكفاءة: 80
2025-10-14 05:36:16,163 - BatteryGuard - INFO - ✅ التحسين ناجح - توفير: 65.2% طاقة
2025-10-14 05:36:17,745 - BatteryGuard - ERROR - خطأ في فحص تنبيهات البطارية: 'SmartNotificationManager' object has no attribute 'send_battery_threshold_alert'
2025-10-14 05:36:19,766 - BatteryGuard - ERROR - خطأ في فحص تنبيهات البطارية: 'SmartNotificationManager' object has no attribute 'send_battery_threshold_alert'
2025-10-14 05:36:20,105 - BatteryGuard - INFO - تم حفظ بيانات AI - الأنماط: 3, درجة الكفاءة: 86
2025-10-14 05:36:20,106 - BatteryGuard - INFO - تم إجراء تحليل عميق متقدم للبيانات وحفظها
2025-10-14 05:36:21,781 - BatteryGuard - ERROR - خطأ في فحص تنبيهات البطارية: 'SmartNotificationManager' object has no attribute 'send_battery_threshold_alert'
2025-10-14 05:36:23,786 - BatteryGuard - ERROR - خطأ في فحص تنبيهات البطارية: 'SmartNotificationManager' object has no attribute 'send_battery_threshold_alert'
2025-10-14 05:36:25,788 - BatteryGuard - ERROR - خطأ في فحص تنبيهات البطارية: 'SmartNotificationManager' object has no attribute 'send_battery_threshold_alert'
2025-10-14 05:36:27,792 - BatteryGuard - ERROR - خطأ في فحص تنبيهات البطارية: 'SmartNotificationManager' object has no attribute 'send_battery_threshold_alert'
2025-10-14 05:36:29,794 - BatteryGuard - ERROR - خطأ في فحص تنبيهات البطارية: 'SmartNotificationManager' object has no attribute 'send_battery_threshold_alert'
2025-10-14 05:36:31,799 - BatteryGuard - ERROR - خطأ في فحص تنبيهات البطارية: 'SmartNotificationManager' object has no attribute 'send_battery_threshold_alert'
2025-10-14 05:36:33,803 - BatteryGuard - ERROR - خطأ في فحص تنبيهات البطارية: 'SmartNotificationManager' object has no attribute 'send_battery_threshold_alert'
2025-10-14 05:36:35,805 - BatteryGuard - ERROR - خطأ في فحص تنبيهات البطارية: 'SmartNotificationManager' object has no attribute 'send_battery_threshold_alert'
2025-10-14 05:36:37,810 - BatteryGuard - ERROR - خطأ في فحص تنبيهات البطارية: 'SmartNotificationManager' object has no attribute 'send_battery_threshold_alert'
2025-10-14 05:36:38,403 - BatteryGuard - INFO - تم حفظ بيانات AI - الأنماط: 3, درجة الكفاءة: 86
2025-10-14 05:36:40,091 - BatteryGuard - INFO - تم حفظ بيانات AI - الأنماط: 3, درجة الكفاءة: 88
2025-10-14 05:36:40,091 - BatteryGuard - INFO - تم إجراء تحليل عميق متقدم للبيانات وحفظها
2025-10-14 05:36:40,092 - BatteryGuard - ERROR - خطأ في فحص تنبيهات البطارية: 'SmartNotificationManager' object has no attribute 'send_battery_threshold_alert'
2025-10-14 05:36:40,235 - BatteryGuard - INFO - تم حفظ بيانات AI - الأنماط: 3, درجة الكفاءة: 86
2025-10-14 05:36:42,098 - BatteryGuard - ERROR - خطأ في فحص تنبيهات البطارية: 'SmartNotificationManager' object has no attribute 'send_battery_threshold_alert'
2025-10-14 05:36:44,101 - BatteryGuard - ERROR - خطأ في فحص تنبيهات البطارية: 'SmartNotificationManager' object has no attribute 'send_battery_threshold_alert'
2025-10-14 05:36:46,104 - BatteryGuard - ERROR - خطأ في فحص تنبيهات البطارية: 'SmartNotificationManager' object has no attribute 'send_battery_threshold_alert'
2025-10-14 05:36:48,107 - BatteryGuard - ERROR - خطأ في فحص تنبيهات البطارية: 'SmartNotificationManager' object has no attribute 'send_battery_threshold_alert'
2025-10-14 05:36:50,111 - BatteryGuard - ERROR - خطأ في فحص تنبيهات البطارية: 'SmartNotificationManager' object has no attribute 'send_battery_threshold_alert'
2025-10-14 05:36:50,387 - BatteryGuard - INFO - يحتاج النظام للتحسين - الأولوية: 2/10
2025-10-14 05:36:50,388 - BatteryGuard - INFO - الأسباب: عمليات كثيرة (353)
2025-10-14 05:36:50,388 - BatteryGuard - INFO - بدء التحسين التلقائي - الوضع: on_demand, الأولوية: 2
2025-10-14 05:36:52,115 - BatteryGuard - ERROR - خطأ في فحص تنبيهات البطارية: 'SmartNotificationManager' object has no attribute 'send_battery_threshold_alert'
2025-10-14 05:36:52,586 - BatteryGuard - INFO - تم حفظ بيانات AI - الأنماط: 3, درجة الكفاءة: 86
2025-10-14 05:36:52,586 - BatteryGuard - INFO - ✅ التحسين ناجح - توفير: 65.1% طاقة
2025-10-14 05:36:54,118 - BatteryGuard - ERROR - خطأ في فحص تنبيهات البطارية: 'SmartNotificationManager' object has no attribute 'send_battery_threshold_alert'
2025-10-14 05:36:56,121 - BatteryGuard - ERROR - خطأ في فحص تنبيهات البطارية: 'SmartNotificationManager' object has no attribute 'send_battery_threshold_alert'
2025-10-14 05:36:58,126 - BatteryGuard - ERROR - خطأ في فحص تنبيهات البطارية: 'SmartNotificationManager' object has no attribute 'send_battery_threshold_alert'
2025-10-14 05:37:00,132 - BatteryGuard - ERROR - خطأ في فحص تنبيهات البطارية: 'SmartNotificationManager' object has no attribute 'send_battery_threshold_alert'
2025-10-14 05:37:02,135 - BatteryGuard - ERROR - خطأ في فحص تنبيهات البطارية: 'SmartNotificationManager' object has no attribute 'send_battery_threshold_alert'
2025-10-14 05:37:04,141 - BatteryGuard - ERROR - خطأ في فحص تنبيهات البطارية: 'SmartNotificationManager' object has no attribute 'send_battery_threshold_alert'
2025-10-14 05:37:06,143 - BatteryGuard - ERROR - خطأ في فحص تنبيهات البطارية: 'SmartNotificationManager' object has no attribute 'send_battery_threshold_alert'
2025-10-14 05:37:08,147 - BatteryGuard - ERROR - خطأ في فحص تنبيهات البطارية: 'SmartNotificationManager' object has no attribute 'send_battery_threshold_alert'
2025-10-14 05:37:10,156 - BatteryGuard - ERROR - خطأ في فحص تنبيهات البطارية: 'SmartNotificationManager' object has no attribute 'send_battery_threshold_alert'
2025-10-14 05:37:12,162 - BatteryGuard - ERROR - خطأ في فحص تنبيهات البطارية: 'SmartNotificationManager' object has no attribute 'send_battery_threshold_alert'
2025-10-14 05:37:14,168 - BatteryGuard - ERROR - خطأ في فحص تنبيهات البطارية: 'SmartNotificationManager' object has no attribute 'send_battery_threshold_alert'
2025-10-14 05:37:16,170 - BatteryGuard - ERROR - خطأ في فحص تنبيهات البطارية: 'SmartNotificationManager' object has no attribute 'send_battery_threshold_alert'
2025-10-14 05:37:18,172 - BatteryGuard - ERROR - خطأ في فحص تنبيهات البطارية: 'SmartNotificationManager' object has no attribute 'send_battery_threshold_alert'
2025-10-14 05:37:20,244 - BatteryGuard - INFO - تم حفظ بيانات AI - الأنماط: 3, درجة الكفاءة: 88
2025-10-14 05:37:20,246 - BatteryGuard - ERROR - خطأ في فحص تنبيهات البطارية: 'SmartNotificationManager' object has no attribute 'send_battery_threshold_alert'
2025-10-14 05:37:20,574 - BatteryGuard - INFO - تم حفظ بيانات AI - الأنماط: 3, درجة الكفاءة: 92
2025-10-14 05:37:20,575 - BatteryGuard - INFO - تم إجراء تحليل عميق متقدم للبيانات وحفظها
2025-10-14 05:37:22,249 - BatteryGuard - ERROR - خطأ في فحص تنبيهات البطارية: 'SmartNotificationManager' object has no attribute 'send_battery_threshold_alert'
2025-10-14 05:37:24,251 - BatteryGuard - ERROR - خطأ في فحص تنبيهات البطارية: 'SmartNotificationManager' object has no attribute 'send_battery_threshold_alert'
2025-10-14 05:37:26,257 - BatteryGuard - ERROR - خطأ في فحص تنبيهات البطارية: 'SmartNotificationManager' object has no attribute 'send_battery_threshold_alert'
2025-10-14 05:37:26,803 - BatteryGuard - INFO - يحتاج النظام للتحسين - الأولوية: 2/10
2025-10-14 05:37:26,803 - BatteryGuard - INFO - الأسباب: عمليات كثيرة (353)
2025-10-14 05:37:26,803 - BatteryGuard - INFO - بدء التحسين التلقائي - الوضع: on_demand, الأولوية: 2
2025-10-14 05:37:28,272 - BatteryGuard - ERROR - خطأ في فحص تنبيهات البطارية: 'SmartNotificationManager' object has no attribute 'send_battery_threshold_alert'
2025-10-14 05:37:29,039 - BatteryGuard - INFO - تم حفظ بيانات AI - الأنماط: 3, درجة الكفاءة: 92
2025-10-14 05:37:29,039 - BatteryGuard - INFO - ✅ التحسين ناجح - توفير: 50.2% طاقة
2025-10-14 05:37:30,273 - BatteryGuard - ERROR - خطأ في فحص تنبيهات البطارية: 'SmartNotificationManager' object has no attribute 'send_battery_threshold_alert'
2025-10-14 05:37:32,277 - BatteryGuard - ERROR - خطأ في فحص تنبيهات البطارية: 'SmartNotificationManager' object has no attribute 'send_battery_threshold_alert'
2025-10-14 05:37:34,281 - BatteryGuard - ERROR - خطأ في فحص تنبيهات البطارية: 'SmartNotificationManager' object has no attribute 'send_battery_threshold_alert'
2025-10-14 05:37:36,284 - BatteryGuard - ERROR - خطأ في فحص تنبيهات البطارية: 'SmartNotificationManager' object has no attribute 'send_battery_threshold_alert'
2025-10-14 05:37:38,288 - BatteryGuard - ERROR - خطأ في فحص تنبيهات البطارية: 'SmartNotificationManager' object has no attribute 'send_battery_threshold_alert'
2025-10-14 05:37:40,596 - BatteryGuard - INFO - تم حفظ بيانات AI - الأنماط: 3, درجة الكفاءة: 94
2025-10-14 05:37:40,596 - BatteryGuard - INFO - تم إجراء تحليل عميق متقدم للبيانات وحفظها
2025-10-14 05:37:40,598 - BatteryGuard - ERROR - خطأ في فحص تنبيهات البطارية: 'SmartNotificationManager' object has no attribute 'send_battery_threshold_alert'
2025-10-14 05:37:42,600 - BatteryGuard - ERROR - خطأ في فحص تنبيهات البطارية: 'SmartNotificationManager' object has no attribute 'send_battery_threshold_alert'
2025-10-14 05:37:44,604 - BatteryGuard - ERROR - خطأ في فحص تنبيهات البطارية: 'SmartNotificationManager' object has no attribute 'send_battery_threshold_alert'
2025-10-14 05:37:46,610 - BatteryGuard - ERROR - خطأ في فحص تنبيهات البطارية: 'SmartNotificationManager' object has no attribute 'send_battery_threshold_alert'
2025-10-14 05:37:48,612 - BatteryGuard - ERROR - خطأ في فحص تنبيهات البطارية: 'SmartNotificationManager' object has no attribute 'send_battery_threshold_alert'
2025-10-14 05:37:50,614 - BatteryGuard - ERROR - خطأ في فحص تنبيهات البطارية: 'SmartNotificationManager' object has no attribute 'send_battery_threshold_alert'
2025-10-14 05:37:52,619 - BatteryGuard - ERROR - خطأ في فحص تنبيهات البطارية: 'SmartNotificationManager' object has no attribute 'send_battery_threshold_alert'
2025-10-14 05:37:54,622 - BatteryGuard - ERROR - خطأ في فحص تنبيهات البطارية: 'SmartNotificationManager' object has no attribute 'send_battery_threshold_alert'
2025-10-14 05:37:56,625 - BatteryGuard - ERROR - خطأ في فحص تنبيهات البطارية: 'SmartNotificationManager' object has no attribute 'send_battery_threshold_alert'
2025-10-14 05:37:58,631 - BatteryGuard - ERROR - خطأ في فحص تنبيهات البطارية: 'SmartNotificationManager' object has no attribute 'send_battery_threshold_alert'
2025-10-14 05:38:00,638 - BatteryGuard - ERROR - خطأ في فحص تنبيهات البطارية: 'SmartNotificationManager' object has no attribute 'send_battery_threshold_alert'
2025-10-14 05:38:02,640 - BatteryGuard - ERROR - خطأ في فحص تنبيهات البطارية: 'SmartNotificationManager' object has no attribute 'send_battery_threshold_alert'
2025-10-14 05:38:03,293 - BatteryGuard - INFO - يحتاج النظام للتحسين - الأولوية: 2/10
2025-10-14 05:38:03,293 - BatteryGuard - INFO - الأسباب: عمليات كثيرة (353)
2025-10-14 05:38:03,294 - BatteryGuard - INFO - بدء التحسين التلقائي - الوضع: on_demand, الأولوية: 2
2025-10-14 05:38:04,643 - BatteryGuard - ERROR - خطأ في فحص تنبيهات البطارية: 'SmartNotificationManager' object has no attribute 'send_battery_threshold_alert'
2025-10-14 05:38:05,797 - BatteryGuard - INFO - تم حفظ بيانات AI - الأنماط: 3, درجة الكفاءة: 92
2025-10-14 05:38:05,798 - BatteryGuard - INFO - ✅ التحسين ناجح - توفير: 65.2% طاقة
2025-10-14 05:38:06,647 - BatteryGuard - ERROR - خطأ في فحص تنبيهات البطارية: 'SmartNotificationManager' object has no attribute 'send_battery_threshold_alert'
2025-10-14 05:38:08,652 - BatteryGuard - ERROR - خطأ في فحص تنبيهات البطارية: 'SmartNotificationManager' object has no attribute 'send_battery_threshold_alert'
2025-10-14 05:38:10,656 - BatteryGuard - ERROR - خطأ في فحص تنبيهات البطارية: 'SmartNotificationManager' object has no attribute 'send_battery_threshold_alert'
2025-10-14 05:38:12,660 - BatteryGuard - ERROR - خطأ في فحص تنبيهات البطارية: 'SmartNotificationManager' object has no attribute 'send_battery_threshold_alert'
2025-10-14 05:38:14,665 - BatteryGuard - ERROR - خطأ في فحص تنبيهات البطارية: 'SmartNotificationManager' object has no attribute 'send_battery_threshold_alert'
2025-10-14 05:38:16,670 - BatteryGuard - ERROR - خطأ في فحص تنبيهات البطارية: 'SmartNotificationManager' object has no attribute 'send_battery_threshold_alert'
2025-10-14 05:38:18,676 - BatteryGuard - ERROR - خطأ في فحص تنبيهات البطارية: 'SmartNotificationManager' object has no attribute 'send_battery_threshold_alert'
2025-10-14 05:38:20,686 - BatteryGuard - ERROR - خطأ في فحص تنبيهات البطارية: 'SmartNotificationManager' object has no attribute 'send_battery_threshold_alert'
2025-10-14 05:38:21,026 - BatteryGuard - INFO - تم حفظ بيانات AI - الأنماط: 3, درجة الكفاءة: 98
2025-10-14 05:38:21,027 - BatteryGuard - INFO - تم إجراء تحليل عميق متقدم للبيانات وحفظها
2025-10-14 05:38:21,120 - BatteryGuard - INFO - تم حفظ بيانات AI - الأنماط: 3, درجة الكفاءة: 98
2025-10-14 05:38:22,694 - BatteryGuard - ERROR - خطأ في فحص تنبيهات البطارية: 'SmartNotificationManager' object has no attribute 'send_battery_threshold_alert'
2025-10-14 05:38:24,694 - BatteryGuard - ERROR - خطأ في فحص تنبيهات البطارية: 'SmartNotificationManager' object has no attribute 'send_battery_threshold_alert'
2025-10-14 05:38:26,697 - BatteryGuard - ERROR - خطأ في فحص تنبيهات البطارية: 'SmartNotificationManager' object has no attribute 'send_battery_threshold_alert'
2025-10-14 05:38:28,701 - BatteryGuard - ERROR - خطأ في فحص تنبيهات البطارية: 'SmartNotificationManager' object has no attribute 'send_battery_threshold_alert'
2025-10-14 05:38:30,706 - BatteryGuard - ERROR - خطأ في فحص تنبيهات البطارية: 'SmartNotificationManager' object has no attribute 'send_battery_threshold_alert'
2025-10-14 05:38:32,710 - BatteryGuard - ERROR - خطأ في فحص تنبيهات البطارية: 'SmartNotificationManager' object has no attribute 'send_battery_threshold_alert'
2025-10-14 05:38:34,714 - BatteryGuard - ERROR - خطأ في فحص تنبيهات البطارية: 'SmartNotificationManager' object has no attribute 'send_battery_threshold_alert'
2025-10-14 05:38:36,715 - BatteryGuard - ERROR - خطأ في فحص تنبيهات البطارية: 'SmartNotificationManager' object has no attribute 'send_battery_threshold_alert'
2025-10-14 05:38:38,716 - BatteryGuard - ERROR - خطأ في فحص تنبيهات البطارية: 'SmartNotificationManager' object has no attribute 'send_battery_threshold_alert'
2025-10-14 05:38:40,025 - BatteryGuard - INFO - يحتاج النظام للتحسين - الأولوية: 2/10
2025-10-14 05:38:40,025 - BatteryGuard - INFO - الأسباب: عمليات كثيرة (352)
2025-10-14 05:38:40,025 - BatteryGuard - INFO - بدء التحسين التلقائي - الوضع: on_demand, الأولوية: 2
2025-10-14 05:38:40,981 - BatteryGuard - INFO - تم حفظ بيانات AI - الأنماط: 3, درجة الكفاءة: 100
2025-10-14 05:38:40,982 - BatteryGuard - INFO - تم إجراء تحليل عميق متقدم للبيانات وحفظها
2025-10-14 05:38:40,984 - BatteryGuard - ERROR - خطأ في فحص تنبيهات البطارية: 'SmartNotificationManager' object has no attribute 'send_battery_threshold_alert'
2025-10-14 05:38:42,105 - BatteryGuard - INFO - تم حفظ بيانات AI - الأنماط: 3, درجة الكفاءة: 98
2025-10-14 05:38:42,105 - BatteryGuard - INFO - ✅ التحسين ناجح - توفير: 89.9% طاقة
2025-10-14 05:38:42,988 - BatteryGuard - ERROR - خطأ في فحص تنبيهات البطارية: 'SmartNotificationManager' object has no attribute 'send_battery_threshold_alert'
2025-10-14 05:38:44,992 - BatteryGuard - ERROR - خطأ في فحص تنبيهات البطارية: 'SmartNotificationManager' object has no attribute 'send_battery_threshold_alert'
2025-10-14 05:38:46,995 - BatteryGuard - ERROR - خطأ في فحص تنبيهات البطارية: 'SmartNotificationManager' object has no attribute 'send_battery_threshold_alert'
2025-10-14 05:38:48,999 - BatteryGuard - ERROR - خطأ في فحص تنبيهات البطارية: 'SmartNotificationManager' object has no attribute 'send_battery_threshold_alert'
2025-10-14 05:38:51,002 - BatteryGuard - ERROR - خطأ في فحص تنبيهات البطارية: 'SmartNotificationManager' object has no attribute 'send_battery_threshold_alert'
2025-10-14 05:38:53,006 - BatteryGuard - ERROR - خطأ في فحص تنبيهات البطارية: 'SmartNotificationManager' object has no attribute 'send_battery_threshold_alert'
2025-10-14 05:38:54,391 - BatteryGuard - INFO - تم حفظ بيانات AI - الأنماط: 3, درجة الكفاءة: 100
2025-10-14 05:38:55,008 - BatteryGuard - ERROR - خطأ في فحص تنبيهات البطارية: 'SmartNotificationManager' object has no attribute 'send_battery_threshold_alert'
2025-10-14 05:38:57,012 - BatteryGuard - ERROR - خطأ في فحص تنبيهات البطارية: 'SmartNotificationManager' object has no attribute 'send_battery_threshold_alert'
2025-10-14 05:38:59,018 - BatteryGuard - ERROR - خطأ في فحص تنبيهات البطارية: 'SmartNotificationManager' object has no attribute 'send_battery_threshold_alert'
2025-10-14 05:39:01,078 - BatteryGuard - INFO - تم حفظ بيانات AI - الأنماط: 3, درجة الكفاءة: 100
2025-10-14 05:39:01,080 - BatteryGuard - ERROR - خطأ في فحص تنبيهات البطارية: 'SmartNotificationManager' object has no attribute 'send_battery_threshold_alert'
2025-10-14 05:39:03,085 - BatteryGuard - ERROR - خطأ في فحص تنبيهات البطارية: 'SmartNotificationManager' object has no attribute 'send_battery_threshold_alert'
2025-10-14 05:39:05,087 - BatteryGuard - ERROR - خطأ في فحص تنبيهات البطارية: 'SmartNotificationManager' object has no attribute 'send_battery_threshold_alert'
2025-10-14 05:39:07,090 - BatteryGuard - ERROR - خطأ في فحص تنبيهات البطارية: 'SmartNotificationManager' object has no attribute 'send_battery_threshold_alert'
2025-10-14 05:39:09,096 - BatteryGuard - ERROR - خطأ في فحص تنبيهات البطارية: 'SmartNotificationManager' object has no attribute 'send_battery_threshold_alert'
2025-10-14 05:39:11,099 - BatteryGuard - ERROR - خطأ في فحص تنبيهات البطارية: 'SmartNotificationManager' object has no attribute 'send_battery_threshold_alert'
2025-10-14 05:39:13,102 - BatteryGuard - ERROR - خطأ في فحص تنبيهات البطارية: 'SmartNotificationManager' object has no attribute 'send_battery_threshold_alert'
2025-10-14 05:39:15,104 - BatteryGuard - ERROR - خطأ في فحص تنبيهات البطارية: 'SmartNotificationManager' object has no attribute 'send_battery_threshold_alert'
2025-10-14 05:39:16,394 - BatteryGuard - INFO - يحتاج النظام للتحسين - الأولوية: 2/10
2025-10-14 05:39:16,395 - BatteryGuard - INFO - الأسباب: عمليات كثيرة (353)
2025-10-14 05:39:16,403 - BatteryGuard - INFO - بدء التحسين التلقائي - الوضع: on_demand, الأولوية: 2
2025-10-14 05:39:17,108 - BatteryGuard - ERROR - خطأ في فحص تنبيهات البطارية: 'SmartNotificationManager' object has no attribute 'send_battery_threshold_alert'
2025-10-14 05:39:18,485 - BatteryGuard - INFO - تم حفظ بيانات AI - الأنماط: 3, درجة الكفاءة: 98
2025-10-14 05:39:18,485 - BatteryGuard - INFO - ✅ التحسين ناجح - توفير: 62.3% طاقة
2025-10-14 05:39:19,112 - BatteryGuard - ERROR - خطأ في فحص تنبيهات البطارية: 'SmartNotificationManager' object has no attribute 'send_battery_threshold_alert'
2025-10-14 05:39:21,117 - BatteryGuard - ERROR - خطأ في فحص تنبيهات البطارية: 'SmartNotificationManager' object has no attribute 'send_battery_threshold_alert'
2025-10-14 05:39:21,476 - BatteryGuard - INFO - تم حفظ بيانات AI - الأنماط: 3, درجة الكفاءة: 100
2025-10-14 05:39:21,477 - BatteryGuard - INFO - تم إجراء تحليل عميق متقدم للبيانات وحفظها
2025-10-14 05:39:23,122 - BatteryGuard - ERROR - خطأ في فحص تنبيهات البطارية: 'SmartNotificationManager' object has no attribute 'send_battery_threshold_alert'
2025-10-14 05:39:25,125 - BatteryGuard - ERROR - خطأ في فحص تنبيهات البطارية: 'SmartNotificationManager' object has no attribute 'send_battery_threshold_alert'
2025-10-14 05:39:27,128 - BatteryGuard - ERROR - خطأ في فحص تنبيهات البطارية: 'SmartNotificationManager' object has no attribute 'send_battery_threshold_alert'
2025-10-14 05:39:29,131 - BatteryGuard - ERROR - خطأ في فحص تنبيهات البطارية: 'SmartNotificationManager' object has no attribute 'send_battery_threshold_alert'
2025-10-14 05:39:31,135 - BatteryGuard - ERROR - خطأ في فحص تنبيهات البطارية: 'SmartNotificationManager' object has no attribute 'send_battery_threshold_alert'
2025-10-14 05:39:33,138 - BatteryGuard - ERROR - خطأ في فحص تنبيهات البطارية: 'SmartNotificationManager' object has no attribute 'send_battery_threshold_alert'
2025-10-14 05:39:35,141 - BatteryGuard - ERROR - خطأ في فحص تنبيهات البطارية: 'SmartNotificationManager' object has no attribute 'send_battery_threshold_alert'
2025-10-14 05:39:37,144 - BatteryGuard - ERROR - خطأ في فحص تنبيهات البطارية: 'SmartNotificationManager' object has no attribute 'send_battery_threshold_alert'
2025-10-14 05:39:39,149 - BatteryGuard - ERROR - خطأ في فحص تنبيهات البطارية: 'SmartNotificationManager' object has no attribute 'send_battery_threshold_alert'
2025-10-14 05:39:41,439 - BatteryGuard - INFO - تم حفظ بيانات AI - الأنماط: 3, درجة الكفاءة: 100
2025-10-14 05:39:41,439 - BatteryGuard - INFO - تم إجراء تحليل عميق متقدم للبيانات وحفظها
2025-10-14 05:39:41,441 - BatteryGuard - ERROR - خطأ في فحص تنبيهات البطارية: 'SmartNotificationManager' object has no attribute 'send_battery_threshold_alert'
2025-10-14 05:39:43,445 - BatteryGuard - ERROR - خطأ في فحص تنبيهات البطارية: 'SmartNotificationManager' object has no attribute 'send_battery_threshold_alert'
2025-10-14 05:39:45,449 - BatteryGuard - ERROR - خطأ في فحص تنبيهات البطارية: 'SmartNotificationManager' object has no attribute 'send_battery_threshold_alert'
2025-10-14 05:39:47,452 - BatteryGuard - ERROR - خطأ في فحص تنبيهات البطارية: 'SmartNotificationManager' object has no attribute 'send_battery_threshold_alert'
2025-10-14 05:39:49,456 - BatteryGuard - ERROR - خطأ في فحص تنبيهات البطارية: 'SmartNotificationManager' object has no attribute 'send_battery_threshold_alert'
2025-10-14 05:39:51,459 - BatteryGuard - ERROR - خطأ في فحص تنبيهات البطارية: 'SmartNotificationManager' object has no attribute 'send_battery_threshold_alert'
2025-10-14 05:39:52,721 - BatteryGuard - INFO - يحتاج النظام للتحسين - الأولوية: 2/10
2025-10-14 05:39:52,722 - BatteryGuard - INFO - الأسباب: عمليات كثيرة (353)
2025-10-14 05:39:52,722 - BatteryGuard - INFO - بدء التحسين التلقائي - الوضع: on_demand, الأولوية: 2
2025-10-14 05:39:53,463 - BatteryGuard - ERROR - خطأ في فحص تنبيهات البطارية: 'SmartNotificationManager' object has no attribute 'send_battery_threshold_alert'
2025-10-14 05:39:54,728 - BatteryGuard - INFO - تم حفظ بيانات AI - الأنماط: 3, درجة الكفاءة: 100
2025-10-14 05:39:54,728 - BatteryGuard - INFO - ✅ التحسين ناجح - توفير: 62.6% طاقة
2025-10-14 05:39:55,466 - BatteryGuard - ERROR - خطأ في فحص تنبيهات البطارية: 'SmartNotificationManager' object has no attribute 'send_battery_threshold_alert'
2025-10-14 05:39:57,470 - BatteryGuard - ERROR - خطأ في فحص تنبيهات البطارية: 'SmartNotificationManager' object has no attribute 'send_battery_threshold_alert'
2025-10-14 05:39:59,473 - BatteryGuard - ERROR - خطأ في فحص تنبيهات البطارية: 'SmartNotificationManager' object has no attribute 'send_battery_threshold_alert'
2025-10-14 05:40:01,481 - BatteryGuard - ERROR - خطأ في فحص تنبيهات البطارية: 'SmartNotificationManager' object has no attribute 'send_battery_threshold_alert'
2025-10-14 05:40:01,623 - BatteryGuard - INFO - تم حفظ بيانات AI - الأنماط: 3, درجة الكفاءة: 100
2025-10-14 05:40:03,485 - BatteryGuard - ERROR - خطأ في فحص تنبيهات البطارية: 'SmartNotificationManager' object has no attribute 'send_battery_threshold_alert'
2025-10-14 05:40:05,489 - BatteryGuard - ERROR - خطأ في فحص تنبيهات البطارية: 'SmartNotificationManager' object has no attribute 'send_battery_threshold_alert'
2025-10-14 05:40:07,493 - BatteryGuard - ERROR - خطأ في فحص تنبيهات البطارية: 'SmartNotificationManager' object has no attribute 'send_battery_threshold_alert'
2025-10-14 05:40:09,496 - BatteryGuard - ERROR - خطأ في فحص تنبيهات البطارية: 'SmartNotificationManager' object has no attribute 'send_battery_threshold_alert'
2025-10-14 05:40:11,500 - BatteryGuard - ERROR - خطأ في فحص تنبيهات البطارية: 'SmartNotificationManager' object has no attribute 'send_battery_threshold_alert'
2025-10-14 05:40:13,505 - BatteryGuard - ERROR - خطأ في فحص تنبيهات البطارية: 'SmartNotificationManager' object has no attribute 'send_battery_threshold_alert'
2025-10-14 05:40:15,508 - BatteryGuard - ERROR - خطأ في فحص تنبيهات البطارية: 'SmartNotificationManager' object has no attribute 'send_battery_threshold_alert'
2025-10-14 05:40:17,511 - BatteryGuard - ERROR - خطأ في فحص تنبيهات البطارية: 'SmartNotificationManager' object has no attribute 'send_battery_threshold_alert'
2025-10-14 05:40:19,515 - BatteryGuard - ERROR - خطأ في فحص تنبيهات البطارية: 'SmartNotificationManager' object has no attribute 'send_battery_threshold_alert'
2025-10-14 05:40:21,524 - BatteryGuard - ERROR - خطأ في فحص تنبيهات البطارية: 'SmartNotificationManager' object has no attribute 'send_battery_threshold_alert'
2025-10-14 05:40:21,975 - BatteryGuard - INFO - تم حفظ بيانات AI - الأنماط: 3, درجة الكفاءة: 100
2025-10-14 05:40:21,975 - BatteryGuard - INFO - تم إجراء تحليل عميق متقدم للبيانات وحفظها
2025-10-14 05:40:23,527 - BatteryGuard - ERROR - خطأ في فحص تنبيهات البطارية: 'SmartNotificationManager' object has no attribute 'send_battery_threshold_alert'
2025-10-14 05:40:25,532 - BatteryGuard - ERROR - خطأ في فحص تنبيهات البطارية: 'SmartNotificationManager' object has no attribute 'send_battery_threshold_alert'
2025-10-14 05:40:27,537 - BatteryGuard - ERROR - خطأ في فحص تنبيهات البطارية: 'SmartNotificationManager' object has no attribute 'send_battery_threshold_alert'
2025-10-14 05:40:28,938 - BatteryGuard - INFO - يحتاج النظام للتحسين - الأولوية: 2/10
2025-10-14 05:40:28,938 - BatteryGuard - INFO - الأسباب: عمليات كثيرة (357)
2025-10-14 05:40:28,938 - BatteryGuard - INFO - بدء التحسين التلقائي - الوضع: on_demand, الأولوية: 2
2025-10-14 05:40:29,540 - BatteryGuard - ERROR - خطأ في فحص تنبيهات البطارية: 'SmartNotificationManager' object has no attribute 'send_battery_threshold_alert'
2025-10-14 05:40:31,170 - BatteryGuard - INFO - تم حفظ بيانات AI - الأنماط: 3, درجة الكفاءة: 100
2025-10-14 05:40:31,170 - BatteryGuard - INFO - ✅ التحسين ناجح - توفير: 44.6% طاقة
2025-10-14 05:40:31,544 - BatteryGuard - ERROR - خطأ في فحص تنبيهات البطارية: 'SmartNotificationManager' object has no attribute 'send_battery_threshold_alert'
2025-10-14 05:40:33,548 - BatteryGuard - ERROR - خطأ في فحص تنبيهات البطارية: 'SmartNotificationManager' object has no attribute 'send_battery_threshold_alert'
2025-10-14 05:40:35,552 - BatteryGuard - ERROR - خطأ في فحص تنبيهات البطارية: 'SmartNotificationManager' object has no attribute 'send_battery_threshold_alert'
2025-10-14 05:40:37,555 - BatteryGuard - ERROR - خطأ في فحص تنبيهات البطارية: 'SmartNotificationManager' object has no attribute 'send_battery_threshold_alert'
2025-10-14 05:40:39,560 - BatteryGuard - ERROR - خطأ في فحص تنبيهات البطارية: 'SmartNotificationManager' object has no attribute 'send_battery_threshold_alert'
2025-10-14 05:40:41,877 - BatteryGuard - INFO - تم حفظ بيانات AI - الأنماط: 3, درجة الكفاءة: 100
2025-10-14 05:40:41,878 - BatteryGuard - INFO - تم إجراء تحليل عميق متقدم للبيانات وحفظها
2025-10-14 05:40:41,954 - BatteryGuard - INFO - تم حفظ بيانات AI - الأنماط: 3, درجة الكفاءة: 100
2025-10-14 05:40:41,955 - BatteryGuard - ERROR - خطأ في فحص تنبيهات البطارية: 'SmartNotificationManager' object has no attribute 'send_battery_threshold_alert'
2025-10-14 05:40:43,961 - BatteryGuard - ERROR - خطأ في فحص تنبيهات البطارية: 'SmartNotificationManager' object has no attribute 'send_battery_threshold_alert'
2025-10-14 05:40:45,964 - BatteryGuard - ERROR - خطأ في فحص تنبيهات البطارية: 'SmartNotificationManager' object has no attribute 'send_battery_threshold_alert'
2025-10-14 05:40:47,967 - BatteryGuard - ERROR - خطأ في فحص تنبيهات البطارية: 'SmartNotificationManager' object has no attribute 'send_battery_threshold_alert'
2025-10-14 05:40:49,970 - BatteryGuard - ERROR - خطأ في فحص تنبيهات البطارية: 'SmartNotificationManager' object has no attribute 'send_battery_threshold_alert'
2025-10-14 06:03:02,715 - BatteryGuard - INFO - ✅ تم الحصول على القفل - المنفذ: 53498
2025-10-14 06:03:02,717 - BatteryGuard - INFO - 🚀 بدء تشغيل BatteryGuard Pro...
2025-10-14 06:03:02,854 - BatteryGuard - INFO - ✅ الطرق المتاحة: tlp, upower
2025-10-14 06:03:02,856 - BatteryGuard - INFO - 📱 الجهاز: HP
2025-10-14 06:03:02,856 - BatteryGuard - INFO - ✅ تم تفعيل نظام التحكم المتقدم
2025-10-14 06:03:02,857 - BatteryGuard - INFO - 📱 الطرق المتاحة: tlp, upower
2025-10-14 06:03:02,884 - BatteryGuard - INFO - تم تحميل بيانات AI بنجاح - الأنماط: 3, التوصيات: 4
2025-10-14 06:03:02,887 - BatteryGuard - INFO - ✅ نظام الإشعارات: Notify (Linux)
2025-10-14 06:03:02,888 - BatteryGuard - INFO - ✅ نظام الأصوات: متاح
2025-10-14 06:03:02,893 - BatteryGuard - INFO - تم تحميل إعدادات التحسين التلقائي
2025-10-14 06:03:05,134 - BatteryGuard - INFO - الأصوات: مفعّلة - مستوى الصوت: 0.7
2025-10-14 06:03:05,134 - BatteryGuard - INFO - تم تحديث حدود البطارية: {'critical_low': 10, 'low': 30, 'optimal_min': 40, 'optimal_max': 80, 'high': 90, 'full': 95}
2025-10-14 06:03:05,135 - BatteryGuard - INFO - تنبيه charger_disconnect_reminder: مفعّل
2025-10-14 06:03:05,135 - BatteryGuard - INFO - تنبيه optimal_charge_reminder: مفعّل
2025-10-14 06:03:05,135 - BatteryGuard - INFO - تنبيه health_warnings: مفعّل
2025-10-14 06:03:05,135 - BatteryGuard - INFO - تنبيه usage_pattern_alerts: مفعّل
2025-10-14 06:03:05,135 - BatteryGuard - INFO - تنبيه temperature_warnings: مفعّل
2025-10-14 06:03:05,136 - BatteryGuard - INFO - تم تحديث فترات التذكير: {'battery_critical': 60, 'battery_low': 300, 'charge_complete': 600, 'unplug_charger': 300}
2025-10-14 06:03:05,136 - BatteryGuard - INFO - تم تحديث إعدادات الإشعارات الذكية
2025-10-14 06:03:05,154 - BatteryGuard - INFO - تم بدء المراقبة بنجاح
2025-10-14 06:03:05,445 - BatteryGuard - INFO - ✅ تم تشغيل BatteryGuard Pro بنجاح
2025-10-14 06:03:07,364 - BatteryGuard - INFO - تم تغيير عتبة cpu_percent إلى: 70
2025-10-14 06:03:07,365 - BatteryGuard - INFO - تم تغيير عتبة memory_percent إلى: 75
2025-10-14 06:03:07,375 - BatteryGuard - INFO - تم تغيير عتبة disk_percent إلى: 85
2025-10-14 06:03:07,377 - BatteryGuard - INFO - تم تغيير عتبة power_draw إلى: 15
2025-10-14 06:03:07,381 - BatteryGuard - INFO - تم تغيير وضع التحسين إلى: on_demand
2025-10-14 06:03:07,383 - BatteryGuard - INFO - تم تغيير فترة التحسين إلى: 300 ثانية
2025-10-14 06:03:07,389 - BatteryGuard - INFO - بدء حلقة التحسين - الوضع: on_demand
2025-10-14 06:03:07,390 - BatteryGuard - INFO - تم بدء التحسين التلقائي الذكي
2025-10-14 06:03:07,396 - BatteryGuard - INFO - ✅ تم تفعيل التحسين التلقائي - الوضع: on_demand
2025-10-14 06:03:07,396 - BatteryGuard - INFO - ✅ تم تفعيل التحسين التلقائي - الوضع: on_demand, الفترة: 300ث
2025-10-14 06:03:08,498 - BatteryGuard - INFO - يحتاج النظام للتحسين - الأولوية: 5/10
2025-10-14 06:03:08,499 - BatteryGuard - INFO - الأسباب: CPU عالي (74.6%), عمليات كثيرة (360)
2025-10-14 06:03:08,499 - BatteryGuard - INFO - بدء التحسين التلقائي - الوضع: on_demand, الأولوية: 5
2025-10-14 06:03:12,330 - BatteryGuard - INFO - 📊 النظام يحتاج تحسين - الأولوية: 5/10, الصحة: 80%
2025-10-14 06:03:14,875 - BatteryGuard - ERROR - خطأ في إعادة تعيين AI: 'ModernUI' object has no attribute 'update_ai_display'
2025-10-14 06:03:16,377 - BatteryGuard - ERROR - خطأ في إعادة تعيين AI: 'ModernUI' object has no attribute 'update_ai_display'
2025-10-14 06:03:17,323 - BatteryGuard - INFO - 📊 النظام يحتاج تحسين - الأولوية: 5/10, الصحة: 80%
2025-10-14 06:03:22,496 - BatteryGuard - INFO - 📊 النظام يحتاج تحسين - الأولوية: 5/10, الصحة: 80%
2025-10-14 06:03:24,742 - BatteryGuard - INFO - ✅ تم مسح السجل بنجاح
2025-10-14 06:03:24,743 - BatteryGuard - INFO - تم مسح سجل الأحداث
2025-10-14 06:03:27,324 - BatteryGuard - INFO - 📊 النظام يحتاج تحسين - الأولوية: 5/10, الصحة: 80%
2025-10-14 06:03:28,426 - BatteryGuard - INFO - إيقاف البرنامج...
2025-10-14 06:03:29,446 - BatteryGuard - INFO - تم حفظ بيانات AI - الأنماط: 0, درجة الكفاءة: 100
2025-10-14 06:03:29,450 - BatteryGuard - INFO - تم حفظ بيانات AI - الأنماط: 0, درجة الكفاءة: 100
2025-10-14 06:03:29,466 - BatteryGuard - INFO - ✅ تم تحرير القفل
